Workbook
Name data: data!$L$3:$DJ$5003
Name header: data!$L$2:$DJ$2
Name index: data!$DL$3:$DL$5003
Name region: _xlfn.ANCHORARRAY(Lists!$F$5)
Name region_all: Lists!$B$5:$B$20
Name region_all_code: Lists!$C$5:$C$20
Name region_count: Lists!$F$3
Name year: _xlfn.ANCHORARRAY(Lists!$G$5)
Name year_all: Lists!$D$5:$D$105
Name year_count: Lists!$G$3

Sheet README
A1: Follow these steps:
B2: 1 | C2: Add sheets as-needed to calculate input data
B3: 2 | C3: Collect all values to be included in CIMS input files on the data sheet within the green "data" named range. Include values as appropriate in the text columns (B:M) to be able to link external files using the index column.
B4: 3 | C4: In the CIMS input .xlsx files (e.g., CIMS_exogenous prices), use following formula template to link to data in this file: =INDEX(data,MATCH(index_from_model_file,index,0),MATCH(year_from_model_file,year,0)) Note that "data", "index", and "year" are named ranges in this file. You can use these names in the .xlsx input file. Linking to this file while it is open will be easiest. It does not need to be open to update values in future.
A7: Model files linked to this data file:
C8: for clarity, include file path after "cims-models" folder (e.g., csv/model/CIMS_exogenous prices)
B9: 1 | C9: csv/model/electricity
B10: 2 | C10: csv/model/exogenous demand
B11: 3 | C11: csv/policies/net zero/NZ_electricity generation
B12: 4
B13: 5
B14: 6
B15: 7
B16: 8
B17: 9
B18: 10
A21: Change log
B22: Date | C22: Note

Sheet Lists
B1: Global lists | F1: Data lists
A3: Count | F3: =COUNTA(_xlfn.ANCHORARRAY(F5)) -> 1 | G3: =COUNTA(_xlfn.ANCHORARRAY(G5)) -> 1
B4: Region | C4: Code | D4: Date | F4: Region | G4: Date
B5: Canada | C5: CAN | D5: 2000 | F5: SORTBY(UNIQUE(VSTACK(#REF!$B$2:$B$6149,#REF!$B$2:$B$9013)),MATCH(UNIQUE(VSTACK(#REF!$B$2:$B$6149,#REF!$B$2:$B$9013)),region_all,0)) | G5: SORT(FILTER(UNIQUE(VSTACK(YEAR(#REF!$A$2:$A$6359),YEAR(#REF!$A$2:$A$9013))),UNIQUE(VSTACK(YEAR(#REF!$A$2:$A$6359),YEAR(#REF!$A$2:$A$9013)))>=2000))
B6: British Columbia | C6: BC | D6: 2001
B7: Alberta | C7: AB | D7: 2002
B8: Saskatchewan | C8: SK | D8: 2003
B9: Manitoba | C9: MB | D9: 2004
B10: Ontario | C10: ON | D10: 2005
B11: Quebec | C11: QC | D11: 2006
B12: New Brunswick | C12: NB | D12: 2007
B13: Nova Scotia | C13: NS | D13: 2008
B14: Prince Edward Island | C14: PE | D14: 2009
B15: Newfoundland and Labrador | C15: NL | D15: 2010
B16: Yukon | C16: YT | D16: 2011
B17: Northwest Territories | C17: NT | D17: 2012
... B20: Territories | C20: TR | D20: 2015
D21: 2016
D22: 2017
D23: 2018
D24: 2019
D25: 2020
D26: 2021
D27: 2022
D28: 2023
D29: 2024
D30: 2025
D31: 2026
D32: 2027
... D105: 2100

Sheet data
B1: Not used in index | D1: Not used in index | E1: Not used in index | K1: Not used in index
A2: Branch | B2: Type | C2: Region | D2: Sector | E2: Service | F2: Technology | G2: Parameter | H2: Context | I2: Sub_Context | J2: Target | K2: Source | L2: Comments | M2: Unit | N2: 2000 | O2: 2001 | P2: 2002 | Q2: 2003 | R2: 2004 | S2: 2005 | T2: 2006 | U2: 2007 | V2: 2008 | W2: 2009 | X2: 2010 | Y2: 2011 | Z2: 2012 | AA2: 2013 | AB2: 2014 | AC2: 2015 | AD2: 2016 | AE2: 2017 | AF2: 2018 | AG2: 2019 | AH2: 2020 | AI2: 2021 | AJ2: 2022 | AK2: 2023 | AL2: 2024 | AM2: 2025 | AN2: 2026 | AO2: 2027 | AP2: 2028 | AQ2: 2029 | AR2: 2030 | AS2: 2031 | AT2: 2032 | AU2: 2033 | AV2: 2034 | AW2: 2035 | AX2: 2036 | AY2: 2037 | AZ2: 2038 | BA2: 2039 | BB2: 2040 | BC2: 2041 | BD2: 2042 | BE2: 2043 | BF2: 2044 | BG2: 2045 | BH2: 2046 | BI2: 2047 | BJ2: 2048 | BK2: 2049 | BL2: 2050 | BM2: 2051 | BN2: 2052 | BO2: 2053 | BP2: 2054 | BQ2: 2055 | BR2: 2056 | BS2: 2057 | BT2: 2058 | BU2: 2059 | BV2: 2060 | BW2: 2061 | BX2: 2062 | BY2: 2063 | BZ2: 2064 | CA2: 2065 | CB2: 2066 | CC2: 2067 | CD2: 2068 | CE2: 2069 | CF2: 2070 | CG2: 2071 | CH2: 2072 | CI2: 2073 | CJ2: 2074 | CK2: 2075 | CL2: 2076 | CM2: 2077 | CN2: 2078 | CO2: 2079 | CP2: 2080 | CQ2: 2081 | CR2: 2082 | CS2: 2083 | CT2: 2084 | CU2: 2085 | CV2: 2086 | CW2: 2087 | CX2: 2088 | CY2: 2089 | CZ2: 2090 | DA2: 2091 | DB2: 2092 | DC2: 2093 | DD2: 2094 | DE2: 2095 | DF2: 2096 | DG2: 2097 | DH2: 2098 | DI2: 2099 | DJ2: 2100 | DL2: INDEX
C3: BC | G3: Service requested | J3: .Electricity.Utility Generation | K3: Statistics Canada | L3: Remove transmission losses from source calc; added back using multipliers below | M3: =calcs!$B$5 -> MWh | N3: =IFERROR(calcs!F28/SUMIFS(N$37:N$95,$C$37:$C$95,$C3),calcs!F28) -> 49518225 | O3: =IFERROR(calcs!G28/SUMIFS(O$37:O$95,$C$37:$C$95,$C3),calcs!G28) -> 39174669 | P3: =IFERROR(calcs!H28/SUMIFS(P$37:P$95,$C$37:$C$95,$C3),calcs!H28) -> 47135891 | Q3: =IFERROR(calcs!I28/SUMIFS(Q$37:Q$95,$C$37:$C$95,$C3),calcs!I28) -> 44924424 | R3: =IFERROR(calcs!J28/SUMIFS(R$37:R$95,$C$37:$C$95,$C3),calcs!J28) -> 42555966 | S3: =IFERROR(calcs!K28/SUMIFS(S$37:S$95,$C$37:$C$95,$C3),calcs!K28) -> 49381910 | T3: =IFERROR(calcs!L28/SUMIFS(T$37:T$95,$C$37:$C$95,$C3),calcs!L28) -> 43863717 | U3: =IFERROR(calcs!M28/SUMIFS(U$37:U$95,$C$37:$C$95,$C3),calcs!M28) -> 52795104 | ... DJ3: =IFERROR(calcs!DB28/SUMIFS(DJ$37:DJ$95,$C$37:$C$95,$C3),calcs!DB28) -> 94693886 | DL3: =_xlfn.CONCAT(A3,C3,F3:J3) -> BCService requested.Electricity.Utility Generation
C4: AB | G4: Service requested | J4: .Electricity.Utility Generation | K4: Statistics Canada | L4: Remove transmission losses from source calc; added back using multipliers below | M4: =calcs!$B$5 -> MWh | N4: =IFERROR(calcs!F29/SUMIFS(N$37:N$95,$C$37:$C$95,$C4),calcs!F29) -> 49261204 | O4: =IFERROR(calcs!G29/SUMIFS(O$37:O$95,$C$37:$C$95,$C4),calcs!G29) -> 51589796 | P4: =IFERROR(calcs!H29/SUMIFS(P$37:P$95,$C$37:$C$95,$C4),calcs!H29) -> 51810253 | Q4: =IFERROR(calcs!I29/SUMIFS(Q$37:Q$95,$C$37:$C$95,$C4),calcs!I29) -> 48965584 | R4: =IFERROR(calcs!J29/SUMIFS(R$37:R$95,$C$37:$C$95,$C4),calcs!J29) -> 51334202 | S4: =IFERROR(calcs!K29/SUMIFS(S$37:S$95,$C$37:$C$95,$C4),calcs!K29) -> 53188643 | T4: =IFERROR(calcs!L29/SUMIFS(T$37:T$95,$C$37:$C$95,$C4),calcs!L29) -> 49859223 | U4: =IFERROR(calcs!M29/SUMIFS(U$37:U$95,$C$37:$C$95,$C4),calcs!M29) -> 51315530 | ... DJ4: =IFERROR(calcs!DB29/SUMIFS(DJ$37:DJ$95,$C$37:$C$95,$C4),calcs!DB29) -> 83720487 | DL4: =_xlfn.CONCAT(A4,C4,F4:J4) -> ABService requested.Electricity.Utility Generation
C5: SK | G5: Service requested | J5: .Electricity.Utility Generation | K5: Statistics Canada | L5: Remove transmission losses from source calc; added back using multipliers below | M5: =calcs!$B$5 -> MWh | N5: =IFERROR(calcs!F30/SUMIFS(N$37:N$95,$C$37:$C$95,$C5),calcs!F30) -> 15466236 | O5: =IFERROR(calcs!G30/SUMIFS(O$37:O$95,$C$37:$C$95,$C5),calcs!G30) -> 14964091 | P5: =IFERROR(calcs!H30/SUMIFS(P$37:P$95,$C$37:$C$95,$C5),calcs!H30) -> 15587196 | Q5: =IFERROR(calcs!I30/SUMIFS(Q$37:Q$95,$C$37:$C$95,$C5),calcs!I30) -> 17343996 | R5: =IFERROR(calcs!J30/SUMIFS(R$37:R$95,$C$37:$C$95,$C5),calcs!J30) -> 17022256 | S5: =IFERROR(calcs!K30/SUMIFS(S$37:S$95,$C$37:$C$95,$C5),calcs!K30) -> 17573596 | T5: =IFERROR(calcs!L30/SUMIFS(T$37:T$95,$C$37:$C$95,$C5),calcs!L30) -> 17483548 | U5: =IFERROR(calcs!M30/SUMIFS(U$37:U$95,$C$37:$C$95,$C5),calcs!M30) -> 18021277 | ... DJ5: =IFERROR(calcs!DB30/SUMIFS(DJ$37:DJ$95,$C$37:$C$95,$C5),calcs!DB30) -> 35970101 | DL5: =_xlfn.CONCAT(A5,C5,F5:J5) -> SKService requested.Electricity.Utility Generation
C6: MB | G6: Service requested | J6: .Electricity.Utility Generation | K6: Statistics Canada | L6: Remove transmission losses from source calc; added back using multipliers below | M6: =calcs!$B$5 -> MWh | N6: =IFERROR(calcs!F31/SUMIFS(N$37:N$95,$C$37:$C$95,$C6),calcs!F31) -> 28488518 | O6: =IFERROR(calcs!G31/SUMIFS(O$37:O$95,$C$37:$C$95,$C6),calcs!G31) -> 29321948 | P6: =IFERROR(calcs!H31/SUMIFS(P$37:P$95,$C$37:$C$95,$C6),calcs!H31) -> 25786417 | Q6: =IFERROR(calcs!I31/SUMIFS(Q$37:Q$95,$C$37:$C$95,$C6),calcs!I31) -> 18518484 | R6: =IFERROR(calcs!J31/SUMIFS(R$37:R$95,$C$37:$C$95,$C6),calcs!J31) -> 24265035 | S6: =IFERROR(calcs!K31/SUMIFS(S$37:S$95,$C$37:$C$95,$C6),calcs!K31) -> 32455372 | T6: =IFERROR(calcs!L31/SUMIFS(T$37:T$95,$C$37:$C$95,$C6),calcs!L31) -> 30197739 | U6: =IFERROR(calcs!M31/SUMIFS(U$37:U$95,$C$37:$C$95,$C6),calcs!M31) -> 30151226 | ... DJ6: =IFERROR(calcs!DB31/SUMIFS(DJ$37:DJ$95,$C$37:$C$95,$C6),calcs!DB31) -> 56237559 | DL6: =_xlfn.CONCAT(A6,C6,F6:J6) -> MBService requested.Electricity.Utility Generation
C7: ON | G7: Service requested | J7: .Electricity.Utility Generation | K7: Statistics Canada | L7: Remove transmission losses from source calc; added back using multipliers below | M7: =calcs!$B$5 -> MWh | N7: =IFERROR(calcs!F32/SUMIFS(N$37:N$95,$C$37:$C$95,$C7),calcs!F32) -> 1.3885658e+08 | O7: =IFERROR(calcs!G32/SUMIFS(O$37:O$95,$C$37:$C$95,$C7),calcs!G32) -> 1.3851772e+08 | P7: =IFERROR(calcs!H32/SUMIFS(P$37:P$95,$C$37:$C$95,$C7),calcs!H32) -> 1.3951038e+08 | Q7: =IFERROR(calcs!I32/SUMIFS(Q$37:Q$95,$C$37:$C$95,$C7),calcs!I32) -> 1.3560108e+08 | R7: =IFERROR(calcs!J32/SUMIFS(R$37:R$95,$C$37:$C$95,$C7),calcs!J32) -> 1.4060164e+08 | S7: =IFERROR(calcs!K32/SUMIFS(S$37:S$95,$C$37:$C$95,$C7),calcs!K32) -> 1.4378748e+08 | T7: =IFERROR(calcs!L32/SUMIFS(T$37:T$95,$C$37:$C$95,$C7),calcs!L32) -> 1.4517551e+08 | U7: =IFERROR(calcs!M32/SUMIFS(U$37:U$95,$C$37:$C$95,$C7),calcs!M32) -> 1.4453862e+08 | ... DJ7: =IFERROR(calcs!DB32/SUMIFS(DJ$37:DJ$95,$C$37:$C$95,$C7),calcs!DB32) -> 2.3182849e+08 | DL7: =_xlfn.CONCAT(A7,C7,F7:J7) -> ONService requested.Electricity.Utility Generation
C8: QC | G8: Service requested | J8: .Electricity.Utility Generation | K8: Statistics Canada | L8: Remove transmission losses from source calc; added back using multipliers below | M8: =calcs!$B$5 -> MWh | N8: =IFERROR(calcs!F33/SUMIFS(N$37:N$95,$C$37:$C$95,$C8),calcs!F33) -> 1.4742535e+08 | O8: =IFERROR(calcs!G33/SUMIFS(O$37:O$95,$C$37:$C$95,$C8),calcs!G33) -> 1.3948905e+08 | P8: =IFERROR(calcs!H33/SUMIFS(P$37:P$95,$C$37:$C$95,$C8),calcs!H33) -> 1.4459838e+08 | Q8: =IFERROR(calcs!I33/SUMIFS(Q$37:Q$95,$C$37:$C$95,$C8),calcs!I33) -> 1.4510863e+08 | R8: =IFERROR(calcs!J33/SUMIFS(R$37:R$95,$C$37:$C$95,$C8),calcs!J33) -> 1.4068576e+08 | S8: =IFERROR(calcs!K33/SUMIFS(S$37:S$95,$C$37:$C$95,$C8),calcs!K33) -> 1.4858649e+08 | T8: =IFERROR(calcs!L33/SUMIFS(T$37:T$95,$C$37:$C$95,$C8),calcs!L33) -> 1.4716999e+08 | U8: =IFERROR(calcs!M33/SUMIFS(U$37:U$95,$C$37:$C$95,$C8),calcs!M33) -> 1.5938153e+08 | ... DJ8: =IFERROR(calcs!DB33/SUMIFS(DJ$37:DJ$95,$C$37:$C$95,$C8),calcs!DB33) -> 3.0741502e+08 | DL8: =_xlfn.CONCAT(A8,C8,F8:J8) -> QCService requested.Electricity.Utility Generation
C9: NB | G9: Service requested | J9: .Electricity.Utility Generation | K9: Statistics Canada | L9: Remove transmission losses from source calc; added back using multipliers below | M9: =calcs!$B$5 -> MWh | N9: =IFERROR(calcs!F34/SUMIFS(N$37:N$95,$C$37:$C$95,$C9),calcs!F34) -> 17540499 | O9: =IFERROR(calcs!G34/SUMIFS(O$37:O$95,$C$37:$C$95,$C9),calcs!G34) -> 18629149 | P9: =IFERROR(calcs!H34/SUMIFS(P$37:P$95,$C$37:$C$95,$C9),calcs!H34) -> 16566466 | Q9: =IFERROR(calcs!I34/SUMIFS(Q$37:Q$95,$C$37:$C$95,$C9),calcs!I34) -> 18063541 | R9: =IFERROR(calcs!J34/SUMIFS(R$37:R$95,$C$37:$C$95,$C9),calcs!J34) -> 18724425 | S9: =IFERROR(calcs!K34/SUMIFS(S$37:S$95,$C$37:$C$95,$C9),calcs!K34) -> 20294552 | T9: =IFERROR(calcs!L34/SUMIFS(T$37:T$95,$C$37:$C$95,$C9),calcs!L34) -> 17495374 | U9: =IFERROR(calcs!M34/SUMIFS(U$37:U$95,$C$37:$C$95,$C9),calcs!M34) -> 16283968 | ... DJ9: =IFERROR(calcs!DB34/SUMIFS(DJ$37:DJ$95,$C$37:$C$95,$C9),calcs!DB34) -> 20221480 | DL9: =_xlfn.CONCAT(A9,C9,F9:J9) -> NBService requested.Electricity.Utility Generation
C10: NS | G10: Service requested | J10: .Electricity.Utility Generation | K10: Statistics Canada | L10: Remove transmission losses from source calc; added back using multipliers below | M10: =calcs!$B$5 -> MWh | N10: =IFERROR(calcs!F35/SUMIFS(N$37:N$95,$C$37:$C$95,$C10),calcs!F35) -> 11380405 | O10: =IFERROR(calcs!G35/SUMIFS(O$37:O$95,$C$37:$C$95,$C10),calcs!G35) -> 9741655.8 | P10: =IFERROR(calcs!H35/SUMIFS(P$37:P$95,$C$37:$C$95,$C10),calcs!H35) -> 8313383.6 | Q10: =IFERROR(calcs!I35/SUMIFS(Q$37:Q$95,$C$37:$C$95,$C10),calcs!I35) -> 9742238.1 | R10: =IFERROR(calcs!J35/SUMIFS(R$37:R$95,$C$37:$C$95,$C10),calcs!J35) -> 9826507.5 | S10: =IFERROR(calcs!K35/SUMIFS(S$37:S$95,$C$37:$C$95,$C10),calcs!K35) -> 12208535 | T10: =IFERROR(calcs!L35/SUMIFS(T$37:T$95,$C$37:$C$95,$C10),calcs!L35) -> 11213485 | U10: =IFERROR(calcs!M35/SUMIFS(U$37:U$95,$C$37:$C$95,$C10),calcs!M35) -> 12337083 | ... DJ10: =IFERROR(calcs!DB35/SUMIFS(DJ$37:DJ$95,$C$37:$C$95,$C10),calcs!DB35) -> 14887097 | DL10: =_xlfn.CONCAT(A10,C10,F10:J10) -> NSService requested.Electricity.Utility Generation
C11: PE | G11: Service requested | J11: .Electricity.Utility Generation | K11: Statistics Canada | L11: Remove transmission losses from source calc; added back using multipliers below | M11: =calcs!$B$5 -> MWh | N11: =IFERROR(calcs!F36/SUMIFS(N$37:N$95,$C$37:$C$95,$C11),calcs!F36) -> 54078.453 | O11: =IFERROR(calcs!G36/SUMIFS(O$37:O$95,$C$37:$C$95,$C11),calcs!G36) -> 54883.373 | P11: =IFERROR(calcs!H36/SUMIFS(P$37:P$95,$C$37:$C$95,$C11),calcs!H36) -> 32257.182 | Q11: =IFERROR(calcs!I36/SUMIFS(Q$37:Q$95,$C$37:$C$95,$C11),calcs!I36) -> 62477.402 | R11: =IFERROR(calcs!J36/SUMIFS(R$37:R$95,$C$37:$C$95,$C11),calcs!J36) -> 35462.92 | S11: =IFERROR(calcs!K36/SUMIFS(S$37:S$95,$C$37:$C$95,$C11),calcs!K36) -> 46417 | T11: =IFERROR(calcs!L36/SUMIFS(T$37:T$95,$C$37:$C$95,$C11),calcs!L36) -> 43777 | U11: =IFERROR(calcs!M36/SUMIFS(U$37:U$95,$C$37:$C$95,$C11),calcs!M36) -> 44732 | ... DJ11: =IFERROR(calcs!DB36/SUMIFS(DJ$37:DJ$95,$C$37:$C$95,$C11),calcs!DB36) -> 897049.34 | DL11: =_xlfn.CONCAT(A11,C11,F11:J11) -> PEService requested.Electricity.Utility Generation
C12: NL | G12: Service requested | J12: .Electricity.Utility Generation | K12: Statistics Canada | L12: Remove transmission losses from source calc; added back using multipliers below | M12: =calcs!$B$5 -> MWh | N12: =IFERROR(calcs!F37/SUMIFS(N$37:N$95,$C$37:$C$95,$C12),calcs!F37) -> 42755239 | O12: =IFERROR(calcs!G37/SUMIFS(O$37:O$95,$C$37:$C$95,$C12),calcs!G37) -> 40407630 | P12: =IFERROR(calcs!H37/SUMIFS(P$37:P$95,$C$37:$C$95,$C12),calcs!H37) -> 43383044 | Q12: =IFERROR(calcs!I37/SUMIFS(Q$37:Q$95,$C$37:$C$95,$C12),calcs!I37) -> 41199271 | R12: =IFERROR(calcs!J37/SUMIFS(R$37:R$95,$C$37:$C$95,$C12),calcs!J37) -> 40590690 | S12: =IFERROR(calcs!K37/SUMIFS(S$37:S$95,$C$37:$C$95,$C12),calcs!K37) -> 40322068 | T12: =IFERROR(calcs!L37/SUMIFS(T$37:T$95,$C$37:$C$95,$C12),calcs!L37) -> 41803350 | U12: =IFERROR(calcs!M37/SUMIFS(U$37:U$95,$C$37:$C$95,$C12),calcs!M37) -> 40443694 | ... DJ12: =IFERROR(calcs!DB37/SUMIFS(DJ$37:DJ$95,$C$37:$C$95,$C12),calcs!DB37) -> 68549804 | DL12: =_xlfn.CONCAT(A12,C12,F12:J12) -> NLService requested.Electricity.Utility Generation
C13: YT | G13: Service requested | J13: .Electricity.Utility Generation | K13: Statistics Canada | L13: Remove transmission losses from source calc; added back using multipliers below | M13: =calcs!$B$5 -> MWh | N13: =IFERROR(calcs!F38/SUMIFS(N$37:N$95,$C$37:$C$95,$C13),calcs!F38) -> 296253.05 | O13: =IFERROR(calcs!G38/SUMIFS(O$37:O$95,$C$37:$C$95,$C13),calcs!G38) -> 300926.45 | P13: =IFERROR(calcs!H38/SUMIFS(P$37:P$95,$C$37:$C$95,$C13),calcs!H38) -> 312432.19 | Q13: =IFERROR(calcs!I38/SUMIFS(Q$37:Q$95,$C$37:$C$95,$C13),calcs!I38) -> 320512.16 | R13: =IFERROR(calcs!J38/SUMIFS(R$37:R$95,$C$37:$C$95,$C13),calcs!J38) -> 329141.15 | S13: =IFERROR(calcs!K38/SUMIFS(S$37:S$95,$C$37:$C$95,$C13),calcs!K38) -> 343749 | T13: =IFERROR(calcs!L38/SUMIFS(T$37:T$95,$C$37:$C$95,$C13),calcs!L38) -> 359031 | U13: =IFERROR(calcs!M38/SUMIFS(U$37:U$95,$C$37:$C$95,$C13),calcs!M38) -> 354694 | ... DJ13: =IFERROR(calcs!DB38/SUMIFS(DJ$37:DJ$95,$C$37:$C$95,$C13),calcs!DB38) -> 966553.57 | DL13: =_xlfn.CONCAT(A13,C13,F13:J13) -> YTService requested.Electricity.Utility Generation
C14: NT | G14: Service requested | J14: .Electricity.Utility Generation | K14: Statistics Canada | L14: Remove transmission losses from source calc; added back using multipliers below | M14: =calcs!$B$5 -> MWh | N14: =IFERROR(calcs!F39/SUMIFS(N$37:N$95,$C$37:$C$95,$C14),calcs!F39) -> 441653 | O14: =IFERROR(calcs!G39/SUMIFS(O$37:O$95,$C$37:$C$95,$C14),calcs!G39) -> 476052 | P14: =IFERROR(calcs!H39/SUMIFS(P$37:P$95,$C$37:$C$95,$C14),calcs!H39) -> 425552 | Q14: =IFERROR(calcs!I39/SUMIFS(Q$37:Q$95,$C$37:$C$95,$C14),calcs!I39) -> 464346 | R14: =IFERROR(calcs!J39/SUMIFS(R$37:R$95,$C$37:$C$95,$C14),calcs!J39) -> 364481 | S14: =IFERROR(calcs!K39/SUMIFS(S$37:S$95,$C$37:$C$95,$C14),calcs!K39) -> 336684 | T14: =IFERROR(calcs!L39/SUMIFS(T$37:T$95,$C$37:$C$95,$C14),calcs!L39) -> 326103 | U14: =IFERROR(calcs!M39/SUMIFS(U$37:U$95,$C$37:$C$95,$C14),calcs!M39) -> 333165 | ... DJ14: =IFERROR(calcs!DB39/SUMIFS(DJ$37:DJ$95,$C$37:$C$95,$C14),calcs!DB39) -> 545496.24 | DL14: =_xlfn.CONCAT(A14,C14,F14:J14) -> NTService requested.Electricity.Utility Generation
... C17: TR | G17: Service requested | J17: .Electricity.Utility Generation | K17: Statistics Canada | L17: Remove transmission losses from source calc; added back using multipliers below | M17: =calcs!$B$5 -> MWh | N17: =IFERROR(calcs!F42/SUMIFS(N$37:N$95,$C$37:$C$95,$C17),calcs!F42) -> 737906.05 | O17: =IFERROR(calcs!G42/SUMIFS(O$37:O$95,$C$37:$C$95,$C17),calcs!G42) -> 776978.44 | P17: =IFERROR(calcs!H42/SUMIFS(P$37:P$95,$C$37:$C$95,$C17),calcs!H42) -> 737984.18 | Q17: =IFERROR(calcs!I42/SUMIFS(Q$37:Q$95,$C$37:$C$95,$C17),calcs!I42) -> 784858.16 | R17: =IFERROR(calcs!J42/SUMIFS(R$37:R$95,$C$37:$C$95,$C17),calcs!J42) -> 833067.15 | S17: =IFERROR(calcs!K42/SUMIFS(S$37:S$95,$C$37:$C$95,$C17),calcs!K42) -> 822078 | T17: =IFERROR(calcs!L42/SUMIFS(T$37:T$95,$C$37:$C$95,$C17),calcs!L42) -> 829843 | U17: =IFERROR(calcs!M42/SUMIFS(U$37:U$95,$C$37:$C$95,$C17),calcs!M42) -> 836740 | ... DJ17: =IFERROR(calcs!DB42/SUMIFS(DJ$37:DJ$95,$C$37:$C$95,$C17),calcs!DB42) -> 1837898.9 | DL17: =_xlfn.CONCAT(A17,C17,F17:J17) -> TRService requested.Electricity.Utility Generation
DL18: =_xlfn.CONCAT(A18,C18,F18:J18)
A19: # Units | DL19: =_xlfn.CONCAT(A19,C19,F19:J19) -> # Units
A20: .Electricity | G20: Service provided | K20: JCIMS | M20: GJ | DL20: =_xlfn.CONCAT(A20,C20,F20:J20) -> .ElectricityService provided
A21: .Electricity.Utility Generation | G21: Service provided | K21: JCIMS | M21: MWh | DL21: =_xlfn.CONCAT(A21,C21,F21:J21) -> .Electricity.Utility GenerationService provided
A22: .Electricity.Utility Generation.Base Load | G22: Service provided | K22: JCIMS | M22: MWh | DL22: =_xlfn.CONCAT(A22,C22,F22:J22) -> .Electricity.Utility Generation.Base LoadService provided
A23: .Electricity.Utility Generation.Shoulder Load | G23: Service provided | K23: JCIMS | M23: MWh | DL23: =_xlfn.CONCAT(A23,C23,F23:J23) -> .Electricity.Utility Generation.Shoulder LoadService provided
A24: .Electricity.Utility Generation.Peak Load | G24: Service provided | K24: JCIMS | M24: MWh | DL24: =_xlfn.CONCAT(A24,C24,F24:J24) -> .Electricity.Utility Generation.Peak LoadService provided
A25: .Electricity.Storage | G25: Service provided | K25: JCIMS | M25: MWh | DL25: =_xlfn.CONCAT(A25,C25,F25:J25) -> .Electricity.StorageService provided
A26: .Electricity.Storage.Battery | G26: Service provided | K26: JCIMS | M26: MWh | DL26: =_xlfn.CONCAT(A26,C26,F26:J26) -> .Electricity.Storage.BatteryService provided
A27: .Electricity.Storage.Seasonal | G27: Service provided | K27: JCIMS | M27: MWh | DL27: =_xlfn.CONCAT(A27,C27,F27:J27) -> .Electricity.Storage.SeasonalService provided
A28: .Electricity.Transmission | G28: Service provided | K28: JCIMS | M28: unit | DL28: =_xlfn.CONCAT(A28,C28,F28:J28) -> .Electricity.TransmissionService provided
A29: .Electricity.CCS | G29: Service provided | K29: JCIMS | M29: tCO2 | DL29: =_xlfn.CONCAT(A29,C29,F29:J29) -> .Electricity.CCSService provided
A30: .Electricity.CCS.CCS_Coal | G30: Service provided | K30: JCIMS | M30: tCO2 | DL30: =_xlfn.CONCAT(A30,C30,F30:J30) -> .Electricity.CCS.CCS_CoalService provided
A31: .Electricity.CCS.CCS_Biomass | G31: Service provided | K31: JCIMS | M31: tCO2 | DL31: =_xlfn.CONCAT(A31,C31,F31:J31) -> .Electricity.CCS.CCS_BiomassService provided
A32: .Electricity.CCS.CCS_Natural Gas | G32: Service provided | K32: JCIMS | M32: tCO2 | DL32: =_xlfn.CONCAT(A32,C32,F32:J32) -> .Electricity.CCS.CCS_Natural GasService provided
DL33: =_xlfn.CONCAT(A33,C33,F33:J33)
A34: # Values | DL34: =_xlfn.CONCAT(A34,C34,F34:J34) -> # Values
A35: .Electricity | G35: Service requested | J35: .Electricity.Utility Generation | K35: JCIMS | M35: MWh | N35: =1/3.6 -> 0.27777778 | O35: =1/3.6 -> 0.27777778 | P35: =1/3.6 -> 0.27777778 | Q35: =1/3.6 -> 0.27777778 | R35: =1/3.6 -> 0.27777778 | S35: =1/3.6 -> 0.27777778 | T35: =1/3.6 -> 0.27777778 | U35: =1/3.6 -> 0.27777778 | ... DJ35: =1/3.6 -> 0.27777778 | DL35: =_xlfn.CONCAT(A35,C35,F35:J35) -> .ElectricityService requested.Electricity.Utility Generation
DL36: =_xlfn.CONCAT(A36,C36,F36:J36)
A37: .Electricity.Utility Generation | C37: BC | G37: Service requested | J37: .Electricity.Utility Generation.Base Load | K37: JCIMS | L37: Currently accounts for transmission losses | M37: MWh | N37: 0.87048461 | O37: 0.87048461 | P37: 0.87048461 | Q37: 0.87048461 | R37: 0.87048461 | S37: 0.87048461 | T37: 0.87048461 | U37: 0.87048461 | V37: 0.87048461 | W37: 0.87048461 | X37: 0.87048461 | Y37: 0.87048461 | Z37: 0.87048461 | AA37: 0.87048461 | AB37: 0.87048461 | AC37: 0.87048461 | AD37: 0.87048461 | AE37: 0.87048461 | AF37: 0.87048461 | AG37: 0.87048461 | AH37: 0.87048461 | AI37: 0.87048461 | AJ37: 0.87048461 | AK37: 0.87048461 | AL37: 0.87048461 | AM37: 0.87048461 | AN37: 0.87048461 | AO37: 0.87048461 | AP37: 0.87048461 | AQ37: 0.87048461 | AR37: 0.87048461 | AS37: 0.87048461 | AT37: 0.87048461 | AU37: 0.87048461 | AV37: 0.87048461 | AW37: 0.87048461 | AX37: 0.87048461 | AY37: 0.87048461 | AZ37: 0.87048461 | BA37: 0.87048461 | BB37: 0.87048461 | BC37: 0.87048461 | BD37: 0.87048461 | BE37: 0.87048461 | BF37: 0.87048461 | BG37: 0.87048461 | BH37: 0.87048461 | BI37: 0.87048461 | BJ37: 0.87048461 | BK37: 0.87048461 | BL37: 0.87048461 | BM37: 0.87048461 | BN37: 0.87048461 | BO37: 0.87048461 | BP37: 0.87048461 | BQ37: 0.87048461 | BR37: 0.87048461 | BS37: 0.87048461 | BT37: 0.87048461 | BU37: 0.87048461 | BV37: 0.87048461 | BW37: 0.87048461 | BX37: 0.87048461 | BY37: 0.87048461 | BZ37: 0.87048461 | CA37: 0.87048461 | CB37: 0.87048461 | CC37: 0.87048461 | CD37: 0.87048461 | CE37: 0.87048461 | CF37: 0.87048461 | CG37: 0.87048461 | CH37: 0.87048461 | CI37: 0.87048461 | CJ37: 0.87048461 | CK37: 0.87048461 | CL37: 0.87048461 | CM37: 0.87048461 | CN37: 0.87048461 | CO37: 0.87048461 | CP37: 0.87048461 | CQ37: 0.87048461 | CR37: 0.87048461 | CS37: 0.87048461 | CT37: 0.87048461 | CU37: 0.87048461 | CV37: 0.87048461 | CW37: 0.87048461 | CX37: 0.87048461 | CY37: 0.87048461 | CZ37: 0.87048461 | DA37: 0.87048461 | DB37: 0.87048461 | DC37: 0.87048461 | DD37: 0.87048461 | DE37: 0.87048461 | DF37: 0.87048461 | DG37: 0.87048461 | DH37: 0.87048461 | DI37: 0.87048461 | DJ37: 0.87048461 | DL37: =_xlfn.CONCAT(A37,C37,F37:J37) -> .Electricity.Utility GenerationBCService requested.Electricity.Utility Generation.Base Load
A38: .Electricity.Utility Generation | C38: BC | G38: Service requested | J38: .Electricity.Utility Generation.Shoulder Load | K38: JCIMS | L38: Currently accounts for transmission losses | M38: MWh | N38: 0.17094356 | O38: 0.17094356 | P38: 0.17094356 | Q38: 0.17094356 | R38: 0.17094356 | S38: 0.17094356 | T38: 0.17094356 | U38: 0.17094356 | V38: 0.17094356 | W38: 0.17094356 | X38: 0.17094356 | Y38: 0.17094356 | Z38: 0.17094356 | AA38: 0.17094356 | AB38: 0.17094356 | AC38: 0.17094356 | AD38: 0.17094356 | AE38: 0.17094356 | AF38: 0.17094356 | AG38: 0.17094356 | AH38: 0.17094356 | AI38: 0.17094356 | AJ38: 0.17094356 | AK38: 0.17094356 | AL38: 0.17094356 | AM38: 0.17094356 | AN38: 0.17094356 | AO38: 0.17094356 | AP38: 0.17094356 | AQ38: 0.17094356 | AR38: 0.17094356 | AS38: 0.17094356 | AT38: 0.17094356 | AU38: 0.17094356 | AV38: 0.17094356 | AW38: 0.17094356 | AX38: 0.17094356 | AY38: 0.17094356 | AZ38: 0.17094356 | BA38: 0.17094356 | BB38: 0.17094356 | BC38: 0.17094356 | BD38: 0.17094356 | BE38: 0.17094356 | BF38: 0.17094356 | BG38: 0.17094356 | BH38: 0.17094356 | BI38: 0.17094356 | BJ38: 0.17094356 | BK38: 0.17094356 | BL38: 0.17094356 | BM38: 0.17094356 | BN38: 0.17094356 | BO38: 0.17094356 | BP38: 0.17094356 | BQ38: 0.17094356 | BR38: 0.17094356 | BS38: 0.17094356 | BT38: 0.17094356 | BU38: 0.17094356 | BV38: 0.17094356 | BW38: 0.17094356 | BX38: 0.17094356 | BY38: 0.17094356 | BZ38: 0.17094356 | CA38: 0.17094356 | CB38: 0.17094356 | CC38: 0.17094356 | CD38: 0.17094356 | CE38: 0.17094356 | CF38: 0.17094356 | CG38: 0.17094356 | CH38: 0.17094356 | CI38: 0.17094356 | CJ38: 0.17094356 | CK38: 0.17094356 | CL38: 0.17094356 | CM38: 0.17094356 | CN38: 0.17094356 | CO38: 0.17094356 | CP38: 0.17094356 | CQ38: 0.17094356 | CR38: 0.17094356 | CS38: 0.17094356 | CT38: 0.17094356 | CU38: 0.17094356 | CV38: 0.17094356 | CW38: 0.17094356 | CX38: 0.17094356 | CY38: 0.17094356 | CZ38: 0.17094356 | DA38: 0.17094356 | DB38: 0.17094356 | DC38: 0.17094356 | DD38: 0.17094356 | DE38: 0.17094356 | DF38: 0.17094356 | DG38: 0.17094356 | DH38: 0.17094356 | DI38: 0.17094356 | DJ38: 0.17094356 | DL38: =_xlfn.CONCAT(A38,C38,F38:J38) -> .Electricity.Utility GenerationBCService requested.Electricity.Utility Generation.Shoulder Load
A39: .Electricity.Utility Generation | C39: BC | G39: Service requested | J39: .Electricity.Utility Generation.Peak Load | K39: JCIMS | L39: Currently accounts for transmission losses | M39: MWh | N39: 0.054702484 | O39: 0.054702484 | P39: 0.054702484 | Q39: 0.054702484 | R39: 0.054702484 | S39: 0.054702484 | T39: 0.054702484 | U39: 0.054702484 | V39: 0.054702484 | W39: 0.054702484 | X39: 0.054702484 | Y39: 0.054702484 | Z39: 0.054702484 | AA39: 0.054702484 | AB39: 0.054702484 | AC39: 0.054702484 | AD39: 0.054702484 | AE39: 0.054702484 | AF39: 0.054702484 | AG39: 0.054702484 | AH39: 0.054702484 | AI39: 0.054702484 | AJ39: 0.054702484 | AK39: 0.054702484 | AL39: 0.054702484 | AM39: 0.054702484 | AN39: 0.054702484 | AO39: 0.054702484 | AP39: 0.054702484 | AQ39: 0.054702484 | AR39: 0.054702484 | AS39: 0.054702484 | AT39: 0.054702484 | AU39: 0.054702484 | AV39: 0.054702484 | AW39: 0.054702484 | AX39: 0.054702484 | AY39: 0.054702484 | AZ39: 0.054702484 | BA39: 0.054702484 | BB39: 0.054702484 | BC39: 0.054702484 | BD39: 0.054702484 | BE39: 0.054702484 | BF39: 0.054702484 | BG39: 0.054702484 | BH39: 0.054702484 | BI39: 0.054702484 | BJ39: 0.054702484 | BK39: 0.054702484 | BL39: 0.054702484 | BM39: 0.054702484 | BN39: 0.054702484 | BO39: 0.054702484 | BP39: 0.054702484 | BQ39: 0.054702484 | BR39: 0.054702484 | BS39: 0.054702484 | BT39: 0.054702484 | BU39: 0.054702484 | BV39: 0.054702484 | BW39: 0.054702484 | BX39: 0.054702484 | BY39: 0.054702484 | BZ39: 0.054702484 | CA39: 0.054702484 | CB39: 0.054702484 | CC39: 0.054702484 | CD39: 0.054702484 | CE39: 0.054702484 | CF39: 0.054702484 | CG39: 0.054702484 | CH39: 0.054702484 | CI39: 0.054702484 | CJ39: 0.054702484 | CK39: 0.054702484 | CL39: 0.054702484 | CM39: 0.054702484 | CN39: 0.054702484 | CO39: 0.054702484 | CP39: 0.054702484 | CQ39: 0.054702484 | CR39: 0.054702484 | CS39: 0.054702484 | CT39: 0.054702484 | CU39: 0.054702484 | CV39: 0.054702484 | CW39: 0.054702484 | CX39: 0.054702484 | CY39: 0.054702484 | CZ39: 0.054702484 | DA39: 0.054702484 | DB39: 0.054702484 | DC39: 0.054702484 | DD39: 0.054702484 | DE39: 0.054702484 | DF39: 0.054702484 | DG39: 0.054702484 | DH39: 0.054702484 | DI39: 0.054702484 | DJ39: 0.054702484 | DL39: =_xlfn.CONCAT(A39,C39,F39:J39) -> .Electricity.Utility GenerationBCService requested.Electricity.Utility Generation.Peak Load
DL40: =_xlfn.CONCAT(A40,C40,F40:J40)
A41: .Electricity.Utility Generation | C41: AB | G41: Service requested | J41: .Electricity.Utility Generation.Base Load | K41: JCIMS | L41: Currently accounts for transmission losses | M41: MWh | N41: 0.86160474 | O41: 0.86160474 | P41: 0.86160474 | Q41: 0.86160474 | R41: 0.86160474 | S41: 0.86160474 | T41: 0.86160474 | U41: 0.86160474 | V41: 0.86160474 | W41: 0.86160474 | X41: 0.86160474 | Y41: 0.86160474 | Z41: 0.86160474 | AA41: 0.86160474 | AB41: 0.86160474 | AC41: 0.86160474 | AD41: 0.86160474 | AE41: 0.86160474 | AF41: 0.86160474 | AG41: 0.86160474 | AH41: 0.86160474 | AI41: 0.86160474 | AJ41: 0.86160474 | AK41: 0.86160474 | AL41: 0.86160474 | AM41: 0.86160474 | AN41: 0.86160474 | AO41: 0.86160474 | AP41: 0.86160474 | AQ41: 0.86160474 | AR41: 0.86160474 | AS41: 0.86160474 | AT41: 0.86160474 | AU41: 0.86160474 | AV41: 0.86160474 | AW41: 0.86160474 | AX41: 0.86160474 | AY41: 0.86160474 | AZ41: 0.86160474 | BA41: 0.86160474 | BB41: 0.86160474 | BC41: 0.86160474 | BD41: 0.86160474 | BE41: 0.86160474 | BF41: 0.86160474 | BG41: 0.86160474 | BH41: 0.86160474 | BI41: 0.86160474 | BJ41: 0.86160474 | BK41: 0.86160474 | BL41: 0.86160474 | BM41: 0.86160474 | BN41: 0.86160474 | BO41: 0.86160474 | BP41: 0.86160474 | BQ41: 0.86160474 | BR41: 0.86160474 | BS41: 0.86160474 | BT41: 0.86160474 | BU41: 0.86160474 | BV41: 0.86160474 | BW41: 0.86160474 | BX41: 0.86160474 | BY41: 0.86160474 | BZ41: 0.86160474 | CA41: 0.86160474 | CB41: 0.86160474 | CC41: 0.86160474 | CD41: 0.86160474 | CE41: 0.86160474 | CF41: 0.86160474 | CG41: 0.86160474 | CH41: 0.86160474 | CI41: 0.86160474 | CJ41: 0.86160474 | CK41: 0.86160474 | CL41: 0.86160474 | CM41: 0.86160474 | CN41: 0.86160474 | CO41: 0.86160474 | CP41: 0.86160474 | CQ41: 0.86160474 | CR41: 0.86160474 | CS41: 0.86160474 | CT41: 0.86160474 | CU41: 0.86160474 | CV41: 0.86160474 | CW41: 0.86160474 | CX41: 0.86160474 | CY41: 0.86160474 | CZ41: 0.86160474 | DA41: 0.86160474 | DB41: 0.86160474 | DC41: 0.86160474 | DD41: 0.86160474 | DE41: 0.86160474 | DF41: 0.86160474 | DG41: 0.86160474 | DH41: 0.86160474 | DI41: 0.86160474 | DJ41: 0.86160474 | DL41: =_xlfn.CONCAT(A41,C41,F41:J41) -> .Electricity.Utility GenerationABService requested.Electricity.Utility Generation.Base Load
A42: .Electricity.Utility Generation | C42: AB | G42: Service requested | J42: .Electricity.Utility Generation.Shoulder Load | K42: JCIMS | L42: Currently accounts for transmission losses | M42: MWh | N42: 0.16155089 | O42: 0.16155089 | P42: 0.16155089 | Q42: 0.16155089 | R42: 0.16155089 | S42: 0.16155089 | T42: 0.16155089 | U42: 0.16155089 | V42: 0.16155089 | W42: 0.16155089 | X42: 0.16155089 | Y42: 0.16155089 | Z42: 0.16155089 | AA42: 0.16155089 | AB42: 0.16155089 | AC42: 0.16155089 | AD42: 0.16155089 | AE42: 0.16155089 | AF42: 0.16155089 | AG42: 0.16155089 | AH42: 0.16155089 | AI42: 0.16155089 | AJ42: 0.16155089 | AK42: 0.16155089 | AL42: 0.16155089 | AM42: 0.16155089 | AN42: 0.16155089 | AO42: 0.16155089 | AP42: 0.16155089 | AQ42: 0.16155089 | AR42: 0.16155089 | AS42: 0.16155089 | AT42: 0.16155089 | AU42: 0.16155089 | AV42: 0.16155089 | AW42: 0.16155089 | AX42: 0.16155089 | AY42: 0.16155089 | AZ42: 0.16155089 | BA42: 0.16155089 | BB42: 0.16155089 | BC42: 0.16155089 | BD42: 0.16155089 | BE42: 0.16155089 | BF42: 0.16155089 | BG42: 0.16155089 | BH42: 0.16155089 | BI42: 0.16155089 | BJ42: 0.16155089 | BK42: 0.16155089 | BL42: 0.16155089 | BM42: 0.16155089 | BN42: 0.16155089 | BO42: 0.16155089 | BP42: 0.16155089 | BQ42: 0.16155089 | BR42: 0.16155089 | BS42: 0.16155089 | BT42: 0.16155089 | BU42: 0.16155089 | BV42: 0.16155089 | BW42: 0.16155089 | BX42: 0.16155089 | BY42: 0.16155089 | BZ42: 0.16155089 | CA42: 0.16155089 | CB42: 0.16155089 | CC42: 0.16155089 | CD42: 0.16155089 | CE42: 0.16155089 | CF42: 0.16155089 | CG42: 0.16155089 | CH42: 0.16155089 | CI42: 0.16155089 | CJ42: 0.16155089 | CK42: 0.16155089 | CL42: 0.16155089 | CM42: 0.16155089 | CN42: 0.16155089 | CO42: 0.16155089 | CP42: 0.16155089 | CQ42: 0.16155089 | CR42: 0.16155089 | CS42: 0.16155089 | CT42: 0.16155089 | CU42: 0.16155089 | CV42: 0.16155089 | CW42: 0.16155089 | CX42: 0.16155089 | CY42: 0.16155089 | CZ42: 0.16155089 | DA42: 0.16155089 | DB42: 0.16155089 | DC42: 0.16155089 | DD42: 0.16155089 | DE42: 0.16155089 | DF42: 0.16155089 | DG42: 0.16155089 | DH42: 0.16155089 | DI42: 0.16155089 | DJ42: 0.16155089 | DL42: =_xlfn.CONCAT(A42,C42,F42:J42) -> .Electricity.Utility GenerationABService requested.Electricity.Utility Generation.Shoulder Load
A43: .Electricity.Utility Generation | C43: AB | G43: Service requested | J43: .Electricity.Utility Generation.Peak Load | K43: JCIMS | L43: Currently accounts for transmission losses | M43: MWh | N43: 0.053850296 | O43: 0.053850296 | P43: 0.053850296 | Q43: 0.053850296 | R43: 0.053850296 | S43: 0.053850296 | T43: 0.053850296 | U43: 0.053850296 | V43: 0.053850296 | W43: 0.053850296 | X43: 0.053850296 | Y43: 0.053850296 | Z43: 0.053850296 | AA43: 0.053850296 | AB43: 0.053850296 | AC43: 0.053850296 | AD43: 0.053850296 | AE43: 0.053850296 | AF43: 0.053850296 | AG43: 0.053850296 | AH43: 0.053850296 | AI43: 0.053850296 | AJ43: 0.053850296 | AK43: 0.053850296 | AL43: 0.053850296 | AM43: 0.053850296 | AN43: 0.053850296 | AO43: 0.053850296 | AP43: 0.053850296 | AQ43: 0.053850296 | AR43: 0.053850296 | AS43: 0.053850296 | AT43: 0.053850296 | AU43: 0.053850296 | AV43: 0.053850296 | AW43: 0.053850296 | AX43: 0.053850296 | AY43: 0.053850296 | AZ43: 0.053850296 | BA43: 0.053850296 | BB43: 0.053850296 | BC43: 0.053850296 | BD43: 0.053850296 | BE43: 0.053850296 | BF43: 0.053850296 | BG43: 0.053850296 | BH43: 0.053850296 | BI43: 0.053850296 | BJ43: 0.053850296 | BK43: 0.053850296 | BL43: 0.053850296 | BM43: 0.053850296 | BN43: 0.053850296 | BO43: 0.053850296 | BP43: 0.053850296 | BQ43: 0.053850296 | BR43: 0.053850296 | BS43: 0.053850296 | BT43: 0.053850296 | BU43: 0.053850296 | BV43: 0.053850296 | BW43: 0.053850296 | BX43: 0.053850296 | BY43: 0.053850296 | BZ43: 0.053850296 | CA43: 0.053850296 | CB43: 0.053850296 | CC43: 0.053850296 | CD43: 0.053850296 | CE43: 0.053850296 | CF43: 0.053850296 | CG43: 0.053850296 | CH43: 0.053850296 | CI43: 0.053850296 | CJ43: 0.053850296 | CK43: 0.053850296 | CL43: 0.053850296 | CM43: 0.053850296 | CN43: 0.053850296 | CO43: 0.053850296 | CP43: 0.053850296 | CQ43: 0.053850296 | CR43: 0.053850296 | CS43: 0.053850296 | CT43: 0.053850296 | CU43: 0.053850296 | CV43: 0.053850296 | CW43: 0.053850296 | CX43: 0.053850296 | CY43: 0.053850296 | CZ43: 0.053850296 | DA43: 0.053850296 | DB43: 0.053850296 | DC43: 0.053850296 | DD43: 0.053850296 | DE43: 0.053850296 | DF43: 0.053850296 | DG43: 0.053850296 | DH43: 0.053850296 | DI43: 0.053850296 | DJ43: 0.053850296 | DL43: =_xlfn.CONCAT(A43,C43,F43:J43) -> .Electricity.Utility GenerationABService requested.Electricity.Utility Generation.Peak Load
DL44: =_xlfn.CONCAT(A44,C44,F44:J44)
A45: .Electricity.Utility Generation | C45: SK | G45: Service requested | J45: .Electricity.Utility Generation.Base Load | K45: JCIMS | L45: Currently accounts for transmission losses | M45: MWh | N45: 0.73439488 | O45: 0.73439488 | P45: 0.73439488 | Q45: 0.73439488 | R45: 0.73439488 | S45: 0.73439488 | T45: 0.73439488 | U45: 0.73439488 | V45: 0.73439488 | W45: 0.73439488 | X45: 0.73439488 | Y45: 0.73439488 | Z45: 0.73439488 | AA45: 0.73439488 | AB45: 0.73439488 | AC45: 0.73439488 | AD45: 0.73439488 | AE45: 0.73439488 | AF45: 0.73439488 | AG45: 0.73439488 | AH45: 0.73439488 | AI45: 0.73439488 | AJ45: 0.73439488 | AK45: 0.73439488 | AL45: 0.73439488 | AM45: 0.73439488 | AN45: 0.73439488 | AO45: 0.73439488 | AP45: 0.73439488 | AQ45: 0.73439488 | AR45: 0.73439488 | AS45: 0.73439488 | AT45: 0.73439488 | AU45: 0.73439488 | AV45: 0.73439488 | AW45: 0.73439488 | AX45: 0.73439488 | AY45: 0.73439488 | AZ45: 0.73439488 | BA45: 0.73439488 | BB45: 0.73439488 | BC45: 0.73439488 | BD45: 0.73439488 | BE45: 0.73439488 | BF45: 0.73439488 | BG45: 0.73439488 | BH45: 0.73439488 | BI45: 0.73439488 | BJ45: 0.73439488 | BK45: 0.73439488 | BL45: 0.73439488 | BM45: 0.73439488 | BN45: 0.73439488 | BO45: 0.73439488 | BP45: 0.73439488 | BQ45: 0.73439488 | BR45: 0.73439488 | BS45: 0.73439488 | BT45: 0.73439488 | BU45: 0.73439488 | BV45: 0.73439488 | BW45: 0.73439488 | BX45: 0.73439488 | BY45: 0.73439488 | BZ45: 0.73439488 | CA45: 0.73439488 | CB45: 0.73439488 | CC45: 0.73439488 | CD45: 0.73439488 | CE45: 0.73439488 | CF45: 0.73439488 | CG45: 0.73439488 | CH45: 0.73439488 | CI45: 0.73439488 | CJ45: 0.73439488 | CK45: 0.73439488 | CL45: 0.73439488 | CM45: 0.73439488 | CN45: 0.73439488 | CO45: 0.73439488 | CP45: 0.73439488 | CQ45: 0.73439488 | CR45: 0.73439488 | CS45: 0.73439488 | CT45: 0.73439488 | CU45: 0.73439488 | CV45: 0.73439488 | CW45: 0.73439488 | CX45: 0.73439488 | CY45: 0.73439488 | CZ45: 0.73439488 | DA45: 0.73439488 | DB45: 0.73439488 | DC45: 0.73439488 | DD45: 0.73439488 | DE45: 0.73439488 | DF45: 0.73439488 | DG45: 0.73439488 | DH45: 0.73439488 | DI45: 0.73439488 | DJ45: 0.73439488 | DL45: =_xlfn.CONCAT(A45,C45,F45:J45) -> .Electricity.Utility GenerationSKService requested.Electricity.Utility Generation.Base Load
A46: .Electricity.Utility Generation | C46: SK | G46: Service requested | J46: .Electricity.Utility Generation.Shoulder Load | K46: JCIMS | L46: Currently accounts for transmission losses | M46: MWh | N46: 0.33256034 | O46: 0.33256034 | P46: 0.33256034 | Q46: 0.33256034 | R46: 0.33256034 | S46: 0.33256034 | T46: 0.33256034 | U46: 0.33256034 | V46: 0.33256034 | W46: 0.33256034 | X46: 0.33256034 | Y46: 0.33256034 | Z46: 0.33256034 | AA46: 0.33256034 | AB46: 0.33256034 | AC46: 0.33256034 | AD46: 0.33256034 | AE46: 0.33256034 | AF46: 0.33256034 | AG46: 0.33256034 | AH46: 0.33256034 | AI46: 0.33256034 | AJ46: 0.33256034 | AK46: 0.33256034 | AL46: 0.33256034 | AM46: 0.33256034 | AN46: 0.33256034 | AO46: 0.33256034 | AP46: 0.33256034 | AQ46: 0.33256034 | AR46: 0.33256034 | AS46: 0.33256034 | AT46: 0.33256034 | AU46: 0.33256034 | AV46: 0.33256034 | AW46: 0.33256034 | AX46: 0.33256034 | AY46: 0.33256034 | AZ46: 0.33256034 | BA46: 0.33256034 | BB46: 0.33256034 | BC46: 0.33256034 | BD46: 0.33256034 | BE46: 0.33256034 | BF46: 0.33256034 | BG46: 0.33256034 | BH46: 0.33256034 | BI46: 0.33256034 | BJ46: 0.33256034 | BK46: 0.33256034 | BL46: 0.33256034 | BM46: 0.33256034 | BN46: 0.33256034 | BO46: 0.33256034 | BP46: 0.33256034 | BQ46: 0.33256034 | BR46: 0.33256034 | BS46: 0.33256034 | BT46: 0.33256034 | BU46: 0.33256034 | BV46: 0.33256034 | BW46: 0.33256034 | BX46: 0.33256034 | BY46: 0.33256034 | BZ46: 0.33256034 | CA46: 0.33256034 | CB46: 0.33256034 | CC46: 0.33256034 | CD46: 0.33256034 | CE46: 0.33256034 | CF46: 0.33256034 | CG46: 0.33256034 | CH46: 0.33256034 | CI46: 0.33256034 | CJ46: 0.33256034 | CK46: 0.33256034 | CL46: 0.33256034 | CM46: 0.33256034 | CN46: 0.33256034 | CO46: 0.33256034 | CP46: 0.33256034 | CQ46: 0.33256034 | CR46: 0.33256034 | CS46: 0.33256034 | CT46: 0.33256034 | CU46: 0.33256034 | CV46: 0.33256034 | CW46: 0.33256034 | CX46: 0.33256034 | CY46: 0.33256034 | CZ46: 0.33256034 | DA46: 0.33256034 | DB46: 0.33256034 | DC46: 0.33256034 | DD46: 0.33256034 | DE46: 0.33256034 | DF46: 0.33256034 | DG46: 0.33256034 | DH46: 0.33256034 | DI46: 0.33256034 | DJ46: 0.33256034 | DL46: =_xlfn.CONCAT(A46,C46,F46:J46) -> .Electricity.Utility GenerationSKService requested.Electricity.Utility Generation.Shoulder Load
A47: .Electricity.Utility Generation | C47: SK | G47: Service requested | J47: .Electricity.Utility Generation.Peak Load | K47: JCIMS | L47: Currently accounts for transmission losses | M47: MWh | N47: 0.040413092 | O47: 0.040413092 | P47: 0.040413092 | Q47: 0.040413092 | R47: 0.040413092 | S47: 0.040413092 | T47: 0.040413092 | U47: 0.040413092 | V47: 0.040413092 | W47: 0.040413092 | X47: 0.040413092 | Y47: 0.040413092 | Z47: 0.040413092 | AA47: 0.040413092 | AB47: 0.040413092 | AC47: 0.040413092 | AD47: 0.040413092 | AE47: 0.040413092 | AF47: 0.040413092 | AG47: 0.040413092 | AH47: 0.040413092 | AI47: 0.040413092 | AJ47: 0.040413092 | AK47: 0.040413092 | AL47: 0.040413092 | AM47: 0.040413092 | AN47: 0.040413092 | AO47: 0.040413092 | AP47: 0.040413092 | AQ47: 0.040413092 | AR47: 0.040413092 | AS47: 0.040413092 | AT47: 0.040413092 | AU47: 0.040413092 | AV47: 0.040413092 | AW47: 0.040413092 | AX47: 0.040413092 | AY47: 0.040413092 | AZ47: 0.040413092 | BA47: 0.040413092 | BB47: 0.040413092 | BC47: 0.040413092 | BD47: 0.040413092 | BE47: 0.040413092 | BF47: 0.040413092 | BG47: 0.040413092 | BH47: 0.040413092 | BI47: 0.040413092 | BJ47: 0.040413092 | BK47: 0.040413092 | BL47: 0.040413092 | BM47: 0.040413092 | BN47: 0.040413092 | BO47: 0.040413092 | BP47: 0.040413092 | BQ47: 0.040413092 | BR47: 0.040413092 | BS47: 0.040413092 | BT47: 0.040413092 | BU47: 0.040413092 | BV47: 0.040413092 | BW47: 0.040413092 | BX47: 0.040413092 | BY47: 0.040413092 | BZ47: 0.040413092 | CA47: 0.040413092 | CB47: 0.040413092 | CC47: 0.040413092 | CD47: 0.040413092 | CE47: 0.040413092 | CF47: 0.040413092 | CG47: 0.040413092 | CH47: 0.040413092 | CI47: 0.040413092 | CJ47: 0.040413092 | CK47: 0.040413092 | CL47: 0.040413092 | CM47: 0.040413092 | CN47: 0.040413092 | CO47: 0.040413092 | CP47: 0.040413092 | CQ47: 0.040413092 | CR47: 0.040413092 | CS47: 0.040413092 | CT47: 0.040413092 | CU47: 0.040413092 | CV47: 0.040413092 | CW47: 0.040413092 | CX47: 0.040413092 | CY47: 0.040413092 | CZ47: 0.040413092 | DA47: 0.040413092 | DB47: 0.040413092 | DC47: 0.040413092 | DD47: 0.040413092 | DE47: 0.040413092 | DF47: 0.040413092 | DG47: 0.040413092 | DH47: 0.040413092 | DI47: 0.040413092 | DJ47: 0.040413092 | DL47: =_xlfn.CONCAT(A47,C47,F47:J47) -> .Electricity.Utility GenerationSKService requested.Electricity.Utility Generation.Peak Load
DL48: =_xlfn.CONCAT(A48,C48,F48:J48)
A49: .Electricity.Utility Generation | C49: MB | G49: Service requested | J49: .Electricity.Utility Generation.Base Load | K49: JCIMS | L49: Currently accounts for transmission losses | M49: MWh | N49: 0.7555046 | O49: 0.7555046 | P49: 0.7555046 | Q49: 0.7555046 | R49: 0.7555046 | S49: 0.7555046 | T49: 0.7555046 | U49: 0.7555046 | V49: 0.7555046 | W49: 0.7555046 | X49: 0.7555046 | Y49: 0.7555046 | Z49: 0.7555046 | AA49: 0.7555046 | AB49: 0.7555046 | AC49: 0.7555046 | AD49: 0.7555046 | AE49: 0.7555046 | AF49: 0.7555046 | AG49: 0.7555046 | AH49: 0.7555046 | AI49: 0.7555046 | AJ49: 0.7555046 | AK49: 0.7555046 | AL49: 0.7555046 | AM49: 0.7555046 | AN49: 0.7555046 | AO49: 0.7555046 | AP49: 0.7555046 | AQ49: 0.7555046 | AR49: 0.7555046 | AS49: 0.7555046 | AT49: 0.7555046 | AU49: 0.7555046 | AV49: 0.7555046 | AW49: 0.7555046 | AX49: 0.7555046 | AY49: 0.7555046 | AZ49: 0.7555046 | BA49: 0.7555046 | BB49: 0.7555046 | BC49: 0.7555046 | BD49: 0.7555046 | BE49: 0.7555046 | BF49: 0.7555046 | BG49: 0.7555046 | BH49: 0.7555046 | BI49: 0.7555046 | BJ49: 0.7555046 | BK49: 0.7555046 | BL49: 0.7555046 | BM49: 0.7555046 | BN49: 0.7555046 | BO49: 0.7555046 | BP49: 0.7555046 | BQ49: 0.7555046 | BR49: 0.7555046 | BS49: 0.7555046 | BT49: 0.7555046 | BU49: 0.7555046 | BV49: 0.7555046 | BW49: 0.7555046 | BX49: 0.7555046 | BY49: 0.7555046 | BZ49: 0.7555046 | CA49: 0.7555046 | CB49: 0.7555046 | CC49: 0.7555046 | CD49: 0.7555046 | CE49: 0.7555046 | CF49: 0.7555046 | CG49: 0.7555046 | CH49: 0.7555046 | CI49: 0.7555046 | CJ49: 0.7555046 | CK49: 0.7555046 | CL49: 0.7555046 | CM49: 0.7555046 | CN49: 0.7555046 | CO49: 0.7555046 | CP49: 0.7555046 | CQ49: 0.7555046 | CR49: 0.7555046 | CS49: 0.7555046 | CT49: 0.7555046 | CU49: 0.7555046 | CV49: 0.7555046 | CW49: 0.7555046 | CX49: 0.7555046 | CY49: 0.7555046 | CZ49: 0.7555046 | DA49: 0.7555046 | DB49: 0.7555046 | DC49: 0.7555046 | DD49: 0.7555046 | DE49: 0.7555046 | DF49: 0.7555046 | DG49: 0.7555046 | DH49: 0.7555046 | DI49: 0.7555046 | DJ49: 0.7555046 | DL49: =_xlfn.CONCAT(A49,C49,F49:J49) -> .Electricity.Utility GenerationMBService requested.Electricity.Utility Generation.Base Load
A50: .Electricity.Utility Generation | C50: MB | G50: Service requested | J50: .Electricity.Utility Generation.Shoulder Load | K50: JCIMS | L50: Currently accounts for transmission losses | M50: MWh | N50: 0.34125701 | O50: 0.34125701 | P50: 0.34125701 | Q50: 0.34125701 | R50: 0.34125701 | S50: 0.34125701 | T50: 0.34125701 | U50: 0.34125701 | V50: 0.34125701 | W50: 0.34125701 | X50: 0.34125701 | Y50: 0.34125701 | Z50: 0.34125701 | AA50: 0.34125701 | AB50: 0.34125701 | AC50: 0.34125701 | AD50: 0.34125701 | AE50: 0.34125701 | AF50: 0.34125701 | AG50: 0.34125701 | AH50: 0.34125701 | AI50: 0.34125701 | AJ50: 0.34125701 | AK50: 0.34125701 | AL50: 0.34125701 | AM50: 0.34125701 | AN50: 0.34125701 | AO50: 0.34125701 | AP50: 0.34125701 | AQ50: 0.34125701 | AR50: 0.34125701 | AS50: 0.34125701 | AT50: 0.34125701 | AU50: 0.34125701 | AV50: 0.34125701 | AW50: 0.34125701 | AX50: 0.34125701 | AY50: 0.34125701 | AZ50: 0.34125701 | BA50: 0.34125701 | BB50: 0.34125701 | BC50: 0.34125701 | BD50: 0.34125701 | BE50: 0.34125701 | BF50: 0.34125701 | BG50: 0.34125701 | BH50: 0.34125701 | BI50: 0.34125701 | BJ50: 0.34125701 | BK50: 0.34125701 | BL50: 0.34125701 | BM50: 0.34125701 | BN50: 0.34125701 | BO50: 0.34125701 | BP50: 0.34125701 | BQ50: 0.34125701 | BR50: 0.34125701 | BS50: 0.34125701 | BT50: 0.34125701 | BU50: 0.34125701 | BV50: 0.34125701 | BW50: 0.34125701 | BX50: 0.34125701 | BY50: 0.34125701 | BZ50: 0.34125701 | CA50: 0.34125701 | CB50: 0.34125701 | CC50: 0.34125701 | CD50: 0.34125701 | CE50: 0.34125701 | CF50: 0.34125701 | CG50: 0.34125701 | CH50: 0.34125701 | CI50: 0.34125701 | CJ50: 0.34125701 | CK50: 0.34125701 | CL50: 0.34125701 | CM50: 0.34125701 | CN50: 0.34125701 | CO50: 0.34125701 | CP50: 0.34125701 | CQ50: 0.34125701 | CR50: 0.34125701 | CS50: 0.34125701 | CT50: 0.34125701 | CU50: 0.34125701 | CV50: 0.34125701 | CW50: 0.34125701 | CX50: 0.34125701 | CY50: 0.34125701 | CZ50: 0.34125701 | DA50: 0.34125701 | DB50: 0.34125701 | DC50: 0.34125701 | DD50: 0.34125701 | DE50: 0.34125701 | DF50: 0.34125701 | DG50: 0.34125701 | DH50: 0.34125701 | DI50: 0.34125701 | DJ50: 0.34125701 | DL50: =_xlfn.CONCAT(A50,C50,F50:J50) -> .Electricity.Utility GenerationMBService requested.Electricity.Utility Generation.Shoulder Load
A51: .Electricity.Utility Generation | C51: MB | G51: Service requested | J51: .Electricity.Utility Generation.Peak Load | K51: JCIMS | L51: Currently accounts for transmission losses | M51: MWh | N51: 0.041412751 | O51: 0.041412751 | P51: 0.041412751 | Q51: 0.041412751 | R51: 0.041412751 | S51: 0.041412751 | T51: 0.041412751 | U51: 0.041412751 | V51: 0.041412751 | W51: 0.041412751 | X51: 0.041412751 | Y51: 0.041412751 | Z51: 0.041412751 | AA51: 0.041412751 | AB51: 0.041412751 | AC51: 0.041412751 | AD51: 0.041412751 | AE51: 0.041412751 | AF51: 0.041412751 | AG51: 0.041412751 | AH51: 0.041412751 | AI51: 0.041412751 | AJ51: 0.041412751 | AK51: 0.041412751 | AL51: 0.041412751 | AM51: 0.041412751 | AN51: 0.041412751 | AO51: 0.041412751 | AP51: 0.041412751 | AQ51: 0.041412751 | AR51: 0.041412751 | AS51: 0.041412751 | AT51: 0.041412751 | AU51: 0.041412751 | AV51: 0.041412751 | AW51: 0.041412751 | AX51: 0.041412751 | AY51: 0.041412751 | AZ51: 0.041412751 | BA51: 0.041412751 | BB51: 0.041412751 | BC51: 0.041412751 | BD51: 0.041412751 | BE51: 0.041412751 | BF51: 0.041412751 | BG51: 0.041412751 | BH51: 0.041412751 | BI51: 0.041412751 | BJ51: 0.041412751 | BK51: 0.041412751 | BL51: 0.041412751 | BM51: 0.041412751 | BN51: 0.041412751 | BO51: 0.041412751 | BP51: 0.041412751 | BQ51: 0.041412751 | BR51: 0.041412751 | BS51: 0.041412751 | BT51: 0.041412751 | BU51: 0.041412751 | BV51: 0.041412751 | BW51: 0.041412751 | BX51: 0.041412751 | BY51: 0.041412751 | BZ51: 0.041412751 | CA51: 0.041412751 | CB51: 0.041412751 | CC51: 0.041412751 | CD51: 0.041412751 | CE51: 0.041412751 | CF51: 0.041412751 | CG51: 0.041412751 | CH51: 0.041412751 | CI51: 0.041412751 | CJ51: 0.041412751 | CK51: 0.041412751 | CL51: 0.041412751 | CM51: 0.041412751 | CN51: 0.041412751 | CO51: 0.041412751 | CP51: 0.041412751 | CQ51: 0.041412751 | CR51: 0.041412751 | CS51: 0.041412751 | CT51: 0.041412751 | CU51: 0.041412751 | CV51: 0.041412751 | CW51: 0.041412751 | CX51: 0.041412751 | CY51: 0.041412751 | CZ51: 0.041412751 | DA51: 0.041412751 | DB51: 0.041412751 | DC51: 0.041412751 | DD51: 0.041412751 | DE51: 0.041412751 | DF51: 0.041412751 | DG51: 0.041412751 | DH51: 0.041412751 | DI51: 0.041412751 | DJ51: 0.041412751 | DL51: =_xlfn.CONCAT(A51,C51,F51:J51) -> .Electricity.Utility GenerationMBService requested.Electricity.Utility Generation.Peak Load
DL52: =_xlfn.CONCAT(A52,C52,F52:J52)
A53: .Electricity.Utility Generation | C53: ON | G53: Service requested | J53: .Electricity.Utility Generation.Base Load | K53: JCIMS | L53: Currently accounts for transmission losses | M53: MWh | N53: 0.84662833 | O53: 0.84662833 | P53: 0.84662833 | Q53: 0.84662833 | R53: 0.84662833 | S53: 0.84662833 | T53: 0.84662833 | U53: 0.84662833 | V53: 0.84662833 | W53: 0.84662833 | X53: 0.84662833 | Y53: 0.84662833 | Z53: 0.84662833 | AA53: 0.84662833 | AB53: 0.84662833 | AC53: 0.84662833 | AD53: 0.84662833 | AE53: 0.84662833 | AF53: 0.84662833 | AG53: 0.84662833 | AH53: 0.84662833 | AI53: 0.84662833 | AJ53: 0.84662833 | AK53: 0.84662833 | AL53: 0.84662833 | AM53: 0.84662833 | AN53: 0.84662833 | AO53: 0.84662833 | AP53: 0.84662833 | AQ53: 0.84662833 | AR53: 0.84662833 | AS53: 0.84662833 | AT53: 0.84662833 | AU53: 0.84662833 | AV53: 0.84662833 | AW53: 0.84662833 | AX53: 0.84662833 | AY53: 0.84662833 | AZ53: 0.84662833 | BA53: 0.84662833 | BB53: 0.84662833 | BC53: 0.84662833 | BD53: 0.84662833 | BE53: 0.84662833 | BF53: 0.84662833 | BG53: 0.84662833 | BH53: 0.84662833 | BI53: 0.84662833 | BJ53: 0.84662833 | BK53: 0.84662833 | BL53: 0.84662833 | BM53: 0.84662833 | BN53: 0.84662833 | BO53: 0.84662833 | BP53: 0.84662833 | BQ53: 0.84662833 | BR53: 0.84662833 | BS53: 0.84662833 | BT53: 0.84662833 | BU53: 0.84662833 | BV53: 0.84662833 | BW53: 0.84662833 | BX53: 0.84662833 | BY53: 0.84662833 | BZ53: 0.84662833 | CA53: 0.84662833 | CB53: 0.84662833 | CC53: 0.84662833 | CD53: 0.84662833 | CE53: 0.84662833 | CF53: 0.84662833 | CG53: 0.84662833 | CH53: 0.84662833 | CI53: 0.84662833 | CJ53: 0.84662833 | CK53: 0.84662833 | CL53: 0.84662833 | CM53: 0.84662833 | CN53: 0.84662833 | CO53: 0.84662833 | CP53: 0.84662833 | CQ53: 0.84662833 | CR53: 0.84662833 | CS53: 0.84662833 | CT53: 0.84662833 | CU53: 0.84662833 | CV53: 0.84662833 | CW53: 0.84662833 | CX53: 0.84662833 | CY53: 0.84662833 | CZ53: 0.84662833 | DA53: 0.84662833 | DB53: 0.84662833 | DC53: 0.84662833 | DD53: 0.84662833 | DE53: 0.84662833 | DF53: 0.84662833 | DG53: 0.84662833 | DH53: 0.84662833 | DI53: 0.84662833 | DJ53: 0.84662833 | DL53: =_xlfn.CONCAT(A53,C53,F53:J53) -> .Electricity.Utility GenerationONService requested.Electricity.Utility Generation.Base Load
A54: .Electricity.Utility Generation | C54: ON | G54: Service requested | J54: .Electricity.Utility Generation.Shoulder Load | K54: JCIMS | L54: Currently accounts for transmission losses | M54: MWh | N54: 0.16711492 | O54: 0.16711492 | P54: 0.16711492 | Q54: 0.16711492 | R54: 0.16711492 | S54: 0.16711492 | T54: 0.16711492 | U54: 0.16711492 | V54: 0.16711492 | W54: 0.16711492 | X54: 0.16711492 | Y54: 0.16711492 | Z54: 0.16711492 | AA54: 0.16711492 | AB54: 0.16711492 | AC54: 0.16711492 | AD54: 0.16711492 | AE54: 0.16711492 | AF54: 0.16711492 | AG54: 0.16711492 | AH54: 0.16711492 | AI54: 0.16711492 | AJ54: 0.16711492 | AK54: 0.16711492 | AL54: 0.16711492 | AM54: 0.16711492 | AN54: 0.16711492 | AO54: 0.16711492 | AP54: 0.16711492 | AQ54: 0.16711492 | AR54: 0.16711492 | AS54: 0.16711492 | AT54: 0.16711492 | AU54: 0.16711492 | AV54: 0.16711492 | AW54: 0.16711492 | AX54: 0.16711492 | AY54: 0.16711492 | AZ54: 0.16711492 | BA54: 0.16711492 | BB54: 0.16711492 | BC54: 0.16711492 | BD54: 0.16711492 | BE54: 0.16711492 | BF54: 0.16711492 | BG54: 0.16711492 | BH54: 0.16711492 | BI54: 0.16711492 | BJ54: 0.16711492 | BK54: 0.16711492 | BL54: 0.16711492 | BM54: 0.16711492 | BN54: 0.16711492 | BO54: 0.16711492 | BP54: 0.16711492 | BQ54: 0.16711492 | BR54: 0.16711492 | BS54: 0.16711492 | BT54: 0.16711492 | BU54: 0.16711492 | BV54: 0.16711492 | BW54: 0.16711492 | BX54: 0.16711492 | BY54: 0.16711492 | BZ54: 0.16711492 | CA54: 0.16711492 | CB54: 0.16711492 | CC54: 0.16711492 | CD54: 0.16711492 | CE54: 0.16711492 | CF54: 0.16711492 | CG54: 0.16711492 | CH54: 0.16711492 | CI54: 0.16711492 | CJ54: 0.16711492 | CK54: 0.16711492 | CL54: 0.16711492 | CM54: 0.16711492 | CN54: 0.16711492 | CO54: 0.16711492 | CP54: 0.16711492 | CQ54: 0.16711492 | CR54: 0.16711492 | CS54: 0.16711492 | CT54: 0.16711492 | CU54: 0.16711492 | CV54: 0.16711492 | CW54: 0.16711492 | CX54: 0.16711492 | CY54: 0.16711492 | CZ54: 0.16711492 | DA54: 0.16711492 | DB54: 0.16711492 | DC54: 0.16711492 | DD54: 0.16711492 | DE54: 0.16711492 | DF54: 0.16711492 | DG54: 0.16711492 | DH54: 0.16711492 | DI54: 0.16711492 | DJ54: 0.16711492 | DL54: =_xlfn.CONCAT(A54,C54,F54:J54) -> .Electricity.Utility GenerationONService requested.Electricity.Utility Generation.Shoulder Load
A55: .Electricity.Utility Generation | C55: ON | G55: Service requested | J55: .Electricity.Utility Generation.Peak Load | K55: JCIMS | L55: Currently accounts for transmission losses | M55: MWh | N55: 0.053492604 | O55: 0.053492604 | P55: 0.053492604 | Q55: 0.053492604 | R55: 0.053492604 | S55: 0.053492604 | T55: 0.053492604 | U55: 0.053492604 | V55: 0.053492604 | W55: 0.053492604 | X55: 0.053492604 | Y55: 0.053492604 | Z55: 0.053492604 | AA55: 0.053492604 | AB55: 0.053492604 | AC55: 0.053492604 | AD55: 0.053492604 | AE55: 0.053492604 | AF55: 0.053492604 | AG55: 0.053492604 | AH55: 0.053492604 | AI55: 0.053492604 | AJ55: 0.053492604 | AK55: 0.053492604 | AL55: 0.053492604 | AM55: 0.053492604 | AN55: 0.053492604 | AO55: 0.053492604 | AP55: 0.053492604 | AQ55: 0.053492604 | AR55: 0.053492604 | AS55: 0.053492604 | AT55: 0.053492604 | AU55: 0.053492604 | AV55: 0.053492604 | AW55: 0.053492604 | AX55: 0.053492604 | AY55: 0.053492604 | AZ55: 0.053492604 | BA55: 0.053492604 | BB55: 0.053492604 | BC55: 0.053492604 | BD55: 0.053492604 | BE55: 0.053492604 | BF55: 0.053492604 | BG55: 0.053492604 | BH55: 0.053492604 | BI55: 0.053492604 | BJ55: 0.053492604 | BK55: 0.053492604 | BL55: 0.053492604 | BM55: 0.053492604 | BN55: 0.053492604 | BO55: 0.053492604 | BP55: 0.053492604 | BQ55: 0.053492604 | BR55: 0.053492604 | BS55: 0.053492604 | BT55: 0.053492604 | BU55: 0.053492604 | BV55: 0.053492604 | BW55: 0.053492604 | BX55: 0.053492604 | BY55: 0.053492604 | BZ55: 0.053492604 | CA55: 0.053492604 | CB55: 0.053492604 | CC55: 0.053492604 | CD55: 0.053492604 | CE55: 0.053492604 | CF55: 0.053492604 | CG55: 0.053492604 | CH55: 0.053492604 | CI55: 0.053492604 | CJ55: 0.053492604 | CK55: 0.053492604 | CL55: 0.053492604 | CM55: 0.053492604 | CN55: 0.053492604 | CO55: 0.053492604 | CP55: 0.053492604 | CQ55: 0.053492604 | CR55: 0.053492604 | CS55: 0.053492604 | CT55: 0.053492604 | CU55: 0.053492604 | CV55: 0.053492604 | CW55: 0.053492604 | CX55: 0.053492604 | CY55: 0.053492604 | CZ55: 0.053492604 | DA55: 0.053492604 | DB55: 0.053492604 | DC55: 0.053492604 | DD55: 0.053492604 | DE55: 0.053492604 | DF55: 0.053492604 | DG55: 0.053492604 | DH55: 0.053492604 | DI55: 0.053492604 | DJ55: 0.053492604 | DL55: =_xlfn.CONCAT(A55,C55,F55:J55) -> .Electricity.Utility GenerationONService requested.Electricity.Utility Generation.Peak Load
DL56: =_xlfn.CONCAT(A56,C56,F56:J56)
A57: .Electricity.Utility Generation | C57: QC | G57: Service requested | J57: .Electricity.Utility Generation.Base Load | K57: JCIMS | L57: Currently accounts for transmission losses | M57: MWh | N57: 0.85017555 | O57: 0.85017555 | P57: 0.85017555 | Q57: 0.85017555 | R57: 0.85017555 | S57: 0.85017555 | T57: 0.85017555 | U57: 0.85017555 | V57: 0.85017555 | W57: 0.85017555 | X57: 0.85017555 | Y57: 0.85017555 | Z57: 0.85017555 | AA57: 0.85017555 | AB57: 0.85017555 | AC57: 0.85017555 | AD57: 0.85017555 | AE57: 0.85017555 | AF57: 0.85017555 | AG57: 0.85017555 | AH57: 0.85017555 | AI57: 0.85017555 | AJ57: 0.85017555 | AK57: 0.85017555 | AL57: 0.85017555 | AM57: 0.85017555 | AN57: 0.85017555 | AO57: 0.85017555 | AP57: 0.85017555 | AQ57: 0.85017555 | AR57: 0.85017555 | AS57: 0.85017555 | AT57: 0.85017555 | AU57: 0.85017555 | AV57: 0.85017555 | AW57: 0.85017555 | AX57: 0.85017555 | AY57: 0.85017555 | AZ57: 0.85017555 | BA57: 0.85017555 | BB57: 0.85017555 | BC57: 0.85017555 | BD57: 0.85017555 | BE57: 0.85017555 | BF57: 0.85017555 | BG57: 0.85017555 | BH57: 0.85017555 | BI57: 0.85017555 | BJ57: 0.85017555 | BK57: 0.85017555 | BL57: 0.85017555 | BM57: 0.85017555 | BN57: 0.85017555 | BO57: 0.85017555 | BP57: 0.85017555 | BQ57: 0.85017555 | BR57: 0.85017555 | BS57: 0.85017555 | BT57: 0.85017555 | BU57: 0.85017555 | BV57: 0.85017555 | BW57: 0.85017555 | BX57: 0.85017555 | BY57: 0.85017555 | BZ57: 0.85017555 | CA57: 0.85017555 | CB57: 0.85017555 | CC57: 0.85017555 | CD57: 0.85017555 | CE57: 0.85017555 | CF57: 0.85017555 | CG57: 0.85017555 | CH57: 0.85017555 | CI57: 0.85017555 | CJ57: 0.85017555 | CK57: 0.85017555 | CL57: 0.85017555 | CM57: 0.85017555 | CN57: 0.85017555 | CO57: 0.85017555 | CP57: 0.85017555 | CQ57: 0.85017555 | CR57: 0.85017555 | CS57: 0.85017555 | CT57: 0.85017555 | CU57: 0.85017555 | CV57: 0.85017555 | CW57: 0.85017555 | CX57: 0.85017555 | CY57: 0.85017555 | CZ57: 0.85017555 | DA57: 0.85017555 | DB57: 0.85017555 | DC57: 0.85017555 | DD57: 0.85017555 | DE57: 0.85017555 | DF57: 0.85017555 | DG57: 0.85017555 | DH57: 0.85017555 | DI57: 0.85017555 | DJ57: 0.85017555 | DL57: =_xlfn.CONCAT(A57,C57,F57:J57) -> .Electricity.Utility GenerationQCService requested.Electricity.Utility Generation.Base Load
A58: .Electricity.Utility Generation | C58: QC | G58: Service requested | J58: .Electricity.Utility Generation.Shoulder Load | K58: JCIMS | L58: Currently accounts for transmission losses | M58: MWh | N58: 0.16901496 | O58: 0.16901496 | P58: 0.16901496 | Q58: 0.16901496 | R58: 0.16901496 | S58: 0.16901496 | T58: 0.16901496 | U58: 0.16901496 | V58: 0.16901496 | W58: 0.16901496 | X58: 0.16901496 | Y58: 0.16901496 | Z58: 0.16901496 | AA58: 0.16901496 | AB58: 0.16901496 | AC58: 0.16901496 | AD58: 0.16901496 | AE58: 0.16901496 | AF58: 0.16901496 | AG58: 0.16901496 | AH58: 0.16901496 | AI58: 0.16901496 | AJ58: 0.16901496 | AK58: 0.16901496 | AL58: 0.16901496 | AM58: 0.16901496 | AN58: 0.16901496 | AO58: 0.16901496 | AP58: 0.16901496 | AQ58: 0.16901496 | AR58: 0.16901496 | AS58: 0.16901496 | AT58: 0.16901496 | AU58: 0.16901496 | AV58: 0.16901496 | AW58: 0.16901496 | AX58: 0.16901496 | AY58: 0.16901496 | AZ58: 0.16901496 | BA58: 0.16901496 | BB58: 0.16901496 | BC58: 0.16901496 | BD58: 0.16901496 | BE58: 0.16901496 | BF58: 0.16901496 | BG58: 0.16901496 | BH58: 0.16901496 | BI58: 0.16901496 | BJ58: 0.16901496 | BK58: 0.16901496 | BL58: 0.16901496 | BM58: 0.16901496 | BN58: 0.16901496 | BO58: 0.16901496 | BP58: 0.16901496 | BQ58: 0.16901496 | BR58: 0.16901496 | BS58: 0.16901496 | BT58: 0.16901496 | BU58: 0.16901496 | BV58: 0.16901496 | BW58: 0.16901496 | BX58: 0.16901496 | BY58: 0.16901496 | BZ58: 0.16901496 | CA58: 0.16901496 | CB58: 0.16901496 | CC58: 0.16901496 | CD58: 0.16901496 | CE58: 0.16901496 | CF58: 0.16901496 | CG58: 0.16901496 | CH58: 0.16901496 | CI58: 0.16901496 | CJ58: 0.16901496 | CK58: 0.16901496 | CL58: 0.16901496 | CM58: 0.16901496 | CN58: 0.16901496 | CO58: 0.16901496 | CP58: 0.16901496 | CQ58: 0.16901496 | CR58: 0.16901496 | CS58: 0.16901496 | CT58: 0.16901496 | CU58: 0.16901496 | CV58: 0.16901496 | CW58: 0.16901496 | CX58: 0.16901496 | CY58: 0.16901496 | CZ58: 0.16901496 | DA58: 0.16901496 | DB58: 0.16901496 | DC58: 0.16901496 | DD58: 0.16901496 | DE58: 0.16901496 | DF58: 0.16901496 | DG58: 0.16901496 | DH58: 0.16901496 | DI58: 0.16901496 | DJ58: 0.16901496 | DL58: =_xlfn.CONCAT(A58,C58,F58:J58) -> .Electricity.Utility GenerationQCService requested.Electricity.Utility Generation.Shoulder Load
A59: .Electricity.Utility Generation | C59: QC | G59: Service requested | J59: .Electricity.Utility Generation.Peak Load | K59: JCIMS | L59: Currently accounts for transmission losses | M59: MWh | N59: 0.061306515 | O59: 0.061306515 | P59: 0.061306515 | Q59: 0.061306515 | R59: 0.061306515 | S59: 0.061306515 | T59: 0.061306515 | U59: 0.061306515 | V59: 0.061306515 | W59: 0.061306515 | X59: 0.061306515 | Y59: 0.061306515 | Z59: 0.061306515 | AA59: 0.061306515 | AB59: 0.061306515 | AC59: 0.061306515 | AD59: 0.061306515 | AE59: 0.061306515 | AF59: 0.061306515 | AG59: 0.061306515 | AH59: 0.061306515 | AI59: 0.061306515 | AJ59: 0.061306515 | AK59: 0.061306515 | AL59: 0.061306515 | AM59: 0.061306515 | AN59: 0.061306515 | AO59: 0.061306515 | AP59: 0.061306515 | AQ59: 0.061306515 | AR59: 0.061306515 | AS59: 0.061306515 | AT59: 0.061306515 | AU59: 0.061306515 | AV59: 0.061306515 | AW59: 0.061306515 | AX59: 0.061306515 | AY59: 0.061306515 | AZ59: 0.061306515 | BA59: 0.061306515 | BB59: 0.061306515 | BC59: 0.061306515 | BD59: 0.061306515 | BE59: 0.061306515 | BF59: 0.061306515 | BG59: 0.061306515 | BH59: 0.061306515 | BI59: 0.061306515 | BJ59: 0.061306515 | BK59: 0.061306515 | BL59: 0.061306515 | BM59: 0.061306515 | BN59: 0.061306515 | BO59: 0.061306515 | BP59: 0.061306515 | BQ59: 0.061306515 | BR59: 0.061306515 | BS59: 0.061306515 | BT59: 0.061306515 | BU59: 0.061306515 | BV59: 0.061306515 | BW59: 0.061306515 | BX59: 0.061306515 | BY59: 0.061306515 | BZ59: 0.061306515 | CA59: 0.061306515 | CB59: 0.061306515 | CC59: 0.061306515 | CD59: 0.061306515 | CE59: 0.061306515 | CF59: 0.061306515 | CG59: 0.061306515 | CH59: 0.061306515 | CI59: 0.061306515 | CJ59: 0.061306515 | CK59: 0.061306515 | CL59: 0.061306515 | CM59: 0.061306515 | CN59: 0.061306515 | CO59: 0.061306515 | CP59: 0.061306515 | CQ59: 0.061306515 | CR59: 0.061306515 | CS59: 0.061306515 | CT59: 0.061306515 | CU59: 0.061306515 | CV59: 0.061306515 | CW59: 0.061306515 | CX59: 0.061306515 | CY59: 0.061306515 | CZ59: 0.061306515 | DA59: 0.061306515 | DB59: 0.061306515 | DC59: 0.061306515 | DD59: 0.061306515 | DE59: 0.061306515 | DF59: 0.061306515 | DG59: 0.061306515 | DH59: 0.061306515 | DI59: 0.061306515 | DJ59: 0.061306515 | DL59: =_xlfn.CONCAT(A59,C59,F59:J59) -> .Electricity.Utility GenerationQCService requested.Electricity.Utility Generation.Peak Load
DL60: =_xlfn.CONCAT(A60,C60,F60:J60)
A61: .Electricity.Utility Generation | C61: NB | G61: Service requested | J61: .Electricity.Utility Generation.Base Load | K61: JCIMS | M61: MWh | DL61: =_xlfn.CONCAT(A61,C61,F61:J61) -> .Electricity.Utility GenerationNBService requested.Electricity.Utility Generation.Base Load
A62: .Electricity.Utility Generation | C62: NB | G62: Service requested | J62: .Electricity.Utility Generation.Shoulder Load | K62: JCIMS | M62: MWh | DL62: =_xlfn.CONCAT(A62,C62,F62:J62) -> .Electricity.Utility GenerationNBService requested.Electricity.Utility Generation.Shoulder Load
A63: .Electricity.Utility Generation | C63: NB | G63: Service requested | J63: .Electricity.Utility Generation.Peak Load | K63: JCIMS | M63: MWh | DL63: =_xlfn.CONCAT(A63,C63,F63:J63) -> .Electricity.Utility GenerationNBService requested.Electricity.Utility Generation.Peak Load
DL64: =_xlfn.CONCAT(A64,C64,F64:J64)
A65: .Electricity.Utility Generation | C65: NS | G65: Service requested | J65: .Electricity.Utility Generation.Base Load | K65: JCIMS | M65: MWh | DL65: =_xlfn.CONCAT(A65,C65,F65:J65) -> .Electricity.Utility GenerationNSService requested.Electricity.Utility Generation.Base Load
A66: .Electricity.Utility Generation | C66: NS | G66: Service requested | J66: .Electricity.Utility Generation.Shoulder Load | K66: JCIMS | M66: MWh | DL66: =_xlfn.CONCAT(A66,C66,F66:J66) -> .Electricity.Utility GenerationNSService requested.Electricity.Utility Generation.Shoulder Load
A67: .Electricity.Utility Generation | C67: NS | G67: Service requested | J67: .Electricity.Utility Generation.Peak Load | K67: JCIMS | M67: MWh | DL67: =_xlfn.CONCAT(A67,C67,F67:J67) -> .Electricity.Utility GenerationNSService requested.Electricity.Utility Generation.Peak Load
DL68: =_xlfn.CONCAT(A68,C68,F68:J68)
A69: .Electricity.Utility Generation | C69: PE | G69: Service requested | J69: .Electricity.Utility Generation.Base Load | K69: JCIMS | M69: MWh | DL69: =_xlfn.CONCAT(A69,C69,F69:J69) -> .Electricity.Utility GenerationPEService requested.Electricity.Utility Generation.Base Load
A70: .Electricity.Utility Generation | C70: PE | G70: Service requested | J70: .Electricity.Utility Generation.Shoulder Load | K70: JCIMS | M70: MWh | DL70: =_xlfn.CONCAT(A70,C70,F70:J70) -> .Electricity.Utility GenerationPEService requested.Electricity.Utility Generation.Shoulder Load
A71: .Electricity.Utility Generation | C71: PE | G71: Service requested | J71: .Electricity.Utility Generation.Peak Load | K71: JCIMS | M71: MWh | DL71: =_xlfn.CONCAT(A71,C71,F71:J71) -> .Electricity.Utility GenerationPEService requested.Electricity.Utility Generation.Peak Load
DL72: =_xlfn.CONCAT(A72,C72,F72:J72)
A73: .Electricity.Utility Generation | C73: NL | G73: Service requested | J73: .Electricity.Utility Generation.Base Load | K73: JCIMS | M73: MWh | DL73: =_xlfn.CONCAT(A73,C73,F73:J73) -> .Electricity.Utility GenerationNLService requested.Electricity.Utility Generation.Base Load
A74: .Electricity.Utility Generation | C74: NL | G74: Service requested | J74: .Electricity.Utility Generation.Shoulder Load | K74: JCIMS | M74: MWh | DL74: =_xlfn.CONCAT(A74,C74,F74:J74) -> .Electricity.Utility GenerationNLService requested.Electricity.Utility Generation.Shoulder Load
A75: .Electricity.Utility Generation | C75: NL | G75: Service requested | J75: .Electricity.Utility Generation.Peak Load | K75: JCIMS | M75: MWh | DL75: =_xlfn.CONCAT(A75,C75,F75:J75) -> .Electricity.Utility GenerationNLService requested.Electricity.Utility Generation.Peak Load
DL76: =_xlfn.CONCAT(A76,C76,F76:J76)
A77: .Electricity.Utility Generation | C77: YT | G77: Service requested | J77: .Electricity.Utility Generation.Base Load | K77: JCIMS | M77: MWh | DL77: =_xlfn.CONCAT(A77,C77,F77:J77) -> .Electricity.Utility GenerationYTService requested.Electricity.Utility Generation.Base Load
A78: .Electricity.Utility Generation | C78: YT | G78: Service requested | J78: .Electricity.Utility Generation.Shoulder Load | K78: JCIMS | M78: MWh | DL78: =_xlfn.CONCAT(A78,C78,F78:J78) -> .Electricity.Utility GenerationYTService requested.Electricity.Utility Generation.Shoulder Load
A79: .Electricity.Utility Generation | C79: YT | G79: Service requested | J79: .Electricity.Utility Generation.Peak Load | K79: JCIMS | M79: MWh | DL79: =_xlfn.CONCAT(A79,C79,F79:J79) -> .Electricity.Utility GenerationYTService requested.Electricity.Utility Generation.Peak Load
DL80: =_xlfn.CONCAT(A80,C80,F80:J80)
A81: .Electricity.Utility Generation | C81: NT | G81: Service requested | J81: .Electricity.Utility Generation.Base Load | K81: JCIMS | M81: MWh | DL81: =_xlfn.CONCAT(A81,C81,F81:J81) -> .Electricity.Utility GenerationNTService requested.Electricity.Utility Generation.Base Load
A82: .Electricity.Utility Generation | C82: NT | G82: Service requested | J82: .Electricity.Utility Generation.Shoulder Load | K82: JCIMS | M82: MWh | DL82: =_xlfn.CONCAT(A82,C82,F82:J82) -> .Electricity.Utility GenerationNTService requested.Electricity.Utility Generation.Shoulder Load
A83: .Electricity.Utility Generation | C83: NT | G83: Service requested | J83: .Electricity.Utility Generation.Peak Load | K83: JCIMS | M83: MWh | DL83: =_xlfn.CONCAT(A83,C83,F83:J83) -> .Electricity.Utility GenerationNTService requested.Electricity.Utility Generation.Peak Load
DL84: =_xlfn.CONCAT(A84,C84,F84:J84)
A85: .Electricity.Utility Generation | C85: NU | G85: Service requested | J85: .Electricity.Utility Generation.Base Load | K85: JCIMS | M85: MWh | DL85: =_xlfn.CONCAT(A85,C85,F85:J85) -> .Electricity.Utility GenerationNUService requested.Electricity.Utility Generation.Base Load
A86: .Electricity.Utility Generation | C86: NU | G86: Service requested | J86: .Electricity.Utility Generation.Shoulder Load | K86: JCIMS | M86: MWh | DL86: =_xlfn.CONCAT(A86,C86,F86:J86) -> .Electricity.Utility GenerationNUService requested.Electricity.Utility Generation.Shoulder Load
A87: .Electricity.Utility Generation | C87: NU | G87: Service requested | J87: .Electricity.Utility Generation.Peak Load | K87: JCIMS | M87: MWh | DL87: =_xlfn.CONCAT(A87,C87,F87:J87) -> .Electricity.Utility GenerationNUService requested.Electricity.Utility Generation.Peak Load
DL88: =_xlfn.CONCAT(A88,C88,F88:J88)
A89: .Electricity.Utility Generation | C89: AT | G89: Service requested | J89: .Electricity.Utility Generation.Base Load | K89: JCIMS | L89: Currently accounts for transmission losses | M89: MWh | N89: 0.71088215 | O89: 0.71088215 | P89: 0.71088215 | Q89: 0.71088215 | R89: 0.71088215 | S89: 0.71088215 | T89: 0.71088215 | U89: 0.71088215 | V89: 0.71088215 | W89: 0.71088215 | X89: 0.71088215 | Y89: 0.71088215 | Z89: 0.71088215 | AA89: 0.71088215 | AB89: 0.71088215 | AC89: 0.71088215 | AD89: 0.71088215 | AE89: 0.71088215 | AF89: 0.71088215 | AG89: 0.71088215 | AH89: 0.71088215 | AI89: 0.71088215 | AJ89: 0.71088215 | AK89: 0.71088215 | AL89: 0.71088215 | AM89: 0.71088215 | AN89: 0.71088215 | AO89: 0.71088215 | AP89: 0.71088215 | AQ89: 0.71088215 | AR89: 0.71088215 | AS89: 0.71088215 | AT89: 0.71088215 | AU89: 0.71088215 | AV89: 0.71088215 | AW89: 0.71088215 | AX89: 0.71088215 | AY89: 0.71088215 | AZ89: 0.71088215 | BA89: 0.71088215 | BB89: 0.71088215 | BC89: 0.71088215 | BD89: 0.71088215 | BE89: 0.71088215 | BF89: 0.71088215 | BG89: 0.71088215 | BH89: 0.71088215 | BI89: 0.71088215 | BJ89: 0.71088215 | BK89: 0.71088215 | BL89: 0.71088215 | BM89: 0.71088215 | BN89: 0.71088215 | BO89: 0.71088215 | BP89: 0.71088215 | BQ89: 0.71088215 | BR89: 0.71088215 | BS89: 0.71088215 | BT89: 0.71088215 | BU89: 0.71088215 | BV89: 0.71088215 | BW89: 0.71088215 | BX89: 0.71088215 | BY89: 0.71088215 | BZ89: 0.71088215 | CA89: 0.71088215 | CB89: 0.71088215 | CC89: 0.71088215 | CD89: 0.71088215 | CE89: 0.71088215 | CF89: 0.71088215 | CG89: 0.71088215 | CH89: 0.71088215 | CI89: 0.71088215 | CJ89: 0.71088215 | CK89: 0.71088215 | CL89: 0.71088215 | CM89: 0.71088215 | CN89: 0.71088215 | CO89: 0.71088215 | CP89: 0.71088215 | CQ89: 0.71088215 | CR89: 0.71088215 | CS89: 0.71088215 | CT89: 0.71088215 | CU89: 0.71088215 | CV89: 0.71088215 | CW89: 0.71088215 | CX89: 0.71088215 | CY89: 0.71088215 | CZ89: 0.71088215 | DA89: 0.71088215 | DB89: 0.71088215 | DC89: 0.71088215 | DD89: 0.71088215 | DE89: 0.71088215 | DF89: 0.71088215 | DG89: 0.71088215 | DH89: 0.71088215 | DI89: 0.71088215 | DJ89: 0.71088215 | DL89: =_xlfn.CONCAT(A89,C89,F89:J89) -> .Electricity.Utility GenerationATService requested.Electricity.Utility Generation.Base Load
A90: .Electricity.Utility Generation | C90: AT | G90: Service requested | J90: .Electricity.Utility Generation.Shoulder Load | K90: JCIMS | L90: Currently accounts for transmission losses | M90: MWh | N90: 0.32528951 | O90: 0.32528951 | P90: 0.32528951 | Q90: 0.32528951 | R90: 0.32528951 | S90: 0.32528951 | T90: 0.32528951 | U90: 0.32528951 | V90: 0.32528951 | W90: 0.32528951 | X90: 0.32528951 | Y90: 0.32528951 | Z90: 0.32528951 | AA90: 0.32528951 | AB90: 0.32528951 | AC90: 0.32528951 | AD90: 0.32528951 | AE90: 0.32528951 | AF90: 0.32528951 | AG90: 0.32528951 | AH90: 0.32528951 | AI90: 0.32528951 | AJ90: 0.32528951 | AK90: 0.32528951 | AL90: 0.32528951 | AM90: 0.32528951 | AN90: 0.32528951 | AO90: 0.32528951 | AP90: 0.32528951 | AQ90: 0.32528951 | AR90: 0.32528951 | AS90: 0.32528951 | AT90: 0.32528951 | AU90: 0.32528951 | AV90: 0.32528951 | AW90: 0.32528951 | AX90: 0.32528951 | AY90: 0.32528951 | AZ90: 0.32528951 | BA90: 0.32528951 | BB90: 0.32528951 | BC90: 0.32528951 | BD90: 0.32528951 | BE90: 0.32528951 | BF90: 0.32528951 | BG90: 0.32528951 | BH90: 0.32528951 | BI90: 0.32528951 | BJ90: 0.32528951 | BK90: 0.32528951 | BL90: 0.32528951 | BM90: 0.32528951 | BN90: 0.32528951 | BO90: 0.32528951 | BP90: 0.32528951 | BQ90: 0.32528951 | BR90: 0.32528951 | BS90: 0.32528951 | BT90: 0.32528951 | BU90: 0.32528951 | BV90: 0.32528951 | BW90: 0.32528951 | BX90: 0.32528951 | BY90: 0.32528951 | BZ90: 0.32528951 | CA90: 0.32528951 | CB90: 0.32528951 | CC90: 0.32528951 | CD90: 0.32528951 | CE90: 0.32528951 | CF90: 0.32528951 | CG90: 0.32528951 | CH90: 0.32528951 | CI90: 0.32528951 | CJ90: 0.32528951 | CK90: 0.32528951 | CL90: 0.32528951 | CM90: 0.32528951 | CN90: 0.32528951 | CO90: 0.32528951 | CP90: 0.32528951 | CQ90: 0.32528951 | CR90: 0.32528951 | CS90: 0.32528951 | CT90: 0.32528951 | CU90: 0.32528951 | CV90: 0.32528951 | CW90: 0.32528951 | CX90: 0.32528951 | CY90: 0.32528951 | CZ90: 0.32528951 | DA90: 0.32528951 | DB90: 0.32528951 | DC90: 0.32528951 | DD90: 0.32528951 | DE90: 0.32528951 | DF90: 0.32528951 | DG90: 0.32528951 | DH90: 0.32528951 | DI90: 0.32528951 | DJ90: 0.32528951 | DL90: =_xlfn.CONCAT(A90,C90,F90:J90) -> .Electricity.Utility GenerationATService requested.Electricity.Utility Generation.Shoulder Load
A91: .Electricity.Utility Generation | C91: AT | G91: Service requested | J91: .Electricity.Utility Generation.Peak Load | K91: JCIMS | L91: Currently accounts for transmission losses | M91: MWh | N91: 0.053746594 | O91: 0.053746594 | P91: 0.053746594 | Q91: 0.053746594 | R91: 0.053746594 | S91: 0.053746594 | T91: 0.053746594 | U91: 0.053746594 | V91: 0.053746594 | W91: 0.053746594 | X91: 0.053746594 | Y91: 0.053746594 | Z91: 0.053746594 | AA91: 0.053746594 | AB91: 0.053746594 | AC91: 0.053746594 | AD91: 0.053746594 | AE91: 0.053746594 | AF91: 0.053746594 | AG91: 0.053746594 | AH91: 0.053746594 | AI91: 0.053746594 | AJ91: 0.053746594 | AK91: 0.053746594 | AL91: 0.053746594 | AM91: 0.053746594 | AN91: 0.053746594 | AO91: 0.053746594 | AP91: 0.053746594 | AQ91: 0.053746594 | AR91: 0.053746594 | AS91: 0.053746594 | AT91: 0.053746594 | AU91: 0.053746594 | AV91: 0.053746594 | AW91: 0.053746594 | AX91: 0.053746594 | AY91: 0.053746594 | AZ91: 0.053746594 | BA91: 0.053746594 | BB91: 0.053746594 | BC91: 0.053746594 | BD91: 0.053746594 | BE91: 0.053746594 | BF91: 0.053746594 | BG91: 0.053746594 | BH91: 0.053746594 | BI91: 0.053746594 | BJ91: 0.053746594 | BK91: 0.053746594 | BL91: 0.053746594 | BM91: 0.053746594 | BN91: 0.053746594 | BO91: 0.053746594 | BP91: 0.053746594 | BQ91: 0.053746594 | BR91: 0.053746594 | BS91: 0.053746594 | BT91: 0.053746594 | BU91: 0.053746594 | BV91: 0.053746594 | BW91: 0.053746594 | BX91: 0.053746594 | BY91: 0.053746594 | BZ91: 0.053746594 | CA91: 0.053746594 | CB91: 0.053746594 | CC91: 0.053746594 | CD91: 0.053746594 | CE91: 0.053746594 | CF91: 0.053746594 | CG91: 0.053746594 | CH91: 0.053746594 | CI91: 0.053746594 | CJ91: 0.053746594 | CK91: 0.053746594 | CL91: 0.053746594 | CM91: 0.053746594 | CN91: 0.053746594 | CO91: 0.053746594 | CP91: 0.053746594 | CQ91: 0.053746594 | CR91: 0.053746594 | CS91: 0.053746594 | CT91: 0.053746594 | CU91: 0.053746594 | CV91: 0.053746594 | CW91: 0.053746594 | CX91: 0.053746594 | CY91: 0.053746594 | CZ91: 0.053746594 | DA91: 0.053746594 | DB91: 0.053746594 | DC91: 0.053746594 | DD91: 0.053746594 | DE91: 0.053746594 | DF91: 0.053746594 | DG91: 0.053746594 | DH91: 0.053746594 | DI91: 0.053746594 | DJ91: 0.053746594 | DL91: =_xlfn.CONCAT(A91,C91,F91:J91) -> .Electricity.Utility GenerationATService requested.Electricity.Utility Generation.Peak Load
DL92: =_xlfn.CONCAT(A92,C92,F92:J92)
A93: .Electricity.Utility Generation | C93: TR | G93: Service requested | J93: .Electricity.Utility Generation.Base Load | K93: JCIMS | M93: MWh | DL93: =_xlfn.CONCAT(A93,C93,F93:J93) -> .Electricity.Utility GenerationTRService requested.Electricity.Utility Generation.Base Load
A94: .Electricity.Utility Generation | C94: TR | G94: Service requested | J94: .Electricity.Utility Generation.Shoulder Load | K94: JCIMS | M94: MWh | DL94: =_xlfn.CONCAT(A94,C94,F94:J94) -> .Electricity.Utility GenerationTRService requested.Electricity.Utility Generation.Shoulder Load
A95: .Electricity.Utility Generation | C95: TR | G95: Service requested | J95: .Electricity.Utility Generation.Peak Load | K95: JCIMS | M95: MWh | DL95: =_xlfn.CONCAT(A95,C95,F95:J95) -> .Electricity.Utility GenerationTRService requested.Electricity.Utility Generation.Peak Load
DL96: =_xlfn.CONCAT(A96,C96,F96:J96)
A97: .Electricity.Storage | G97: Service requested | J97: .Electricity.Storage.Battery | K97: JCIMS | M97: MWh | N97: 1 | O97: 1 | P97: 1 | Q97: 1 | R97: 1 | S97: 1 | T97: 1 | U97: 1 | V97: 1 | W97: 1 | X97: 1 | Y97: 1 | Z97: 1 | AA97: 1 | AB97: 1 | AC97: 1 | AD97: 1 | AE97: 1 | AF97: 1 | AG97: 1 | AH97: 1 | AI97: 1 | AJ97: 1 | AK97: 1 | AL97: 1 | AM97: 1 | AN97: 1 | AO97: 1 | AP97: 1 | AQ97: 1 | AR97: 1 | AS97: 1 | AT97: 1 | AU97: 1 | AV97: 1 | AW97: 1 | AX97: 1 | AY97: 1 | AZ97: 1 | BA97: 1 | BB97: 1 | BC97: 1 | BD97: 1 | BE97: 1 | BF97: 1 | BG97: 1 | BH97: 1 | BI97: 1 | BJ97: 1 | BK97: 1 | BL97: 1 | BM97: 1 | BN97: 1 | BO97: 1 | BP97: 1 | BQ97: 1 | BR97: 1 | BS97: 1 | BT97: 1 | BU97: 1 | BV97: 1 | BW97: 1 | BX97: 1 | BY97: 1 | BZ97: 1 | CA97: 1 | CB97: 1 | CC97: 1 | CD97: 1 | CE97: 1 | CF97: 1 | CG97: 1 | CH97: 1 | CI97: 1 | CJ97: 1 | CK97: 1 | CL97: 1 | CM97: 1 | CN97: 1 | CO97: 1 | CP97: 1 | CQ97: 1 | CR97: 1 | CS97: 1 | CT97: 1 | CU97: 1 | CV97: 1 | CW97: 1 | CX97: 1 | CY97: 1 | CZ97: 1 | DA97: 1 | DB97: 1 | DC97: 1 | DD97: 1 | DE97: 1 | DF97: 1 | DG97: 1 | DH97: 1 | DI97: 1 | DJ97: 1 | DL97: =_xlfn.CONCAT(A97,C97,F97:J97) -> .Electricity.StorageService requested.Electricity.Storage.Battery
A98: .Electricity.Storage | G98: Service requested | J98: .Electricity.Storage.Seasonal | K98: JCIMS | M98: MWh | N98: 1 | O98: 1 | P98: 1 | Q98: 1 | R98: 1 | S98: 1 | T98: 1 | U98: 1 | V98: 1 | W98: 1 | X98: 1 | Y98: 1 | Z98: 1 | AA98: 1 | AB98: 1 | AC98: 1 | AD98: 1 | AE98: 1 | AF98: 1 | AG98: 1 | AH98: 1 | AI98: 1 | AJ98: 1 | AK98: 1 | AL98: 1 | AM98: 1 | AN98: 1 | AO98: 1 | AP98: 1 | AQ98: 1 | AR98: 1 | AS98: 1 | AT98: 1 | AU98: 1 | AV98: 1 | AW98: 1 | AX98: 1 | AY98: 1 | AZ98: 1 | BA98: 1 | BB98: 1 | BC98: 1 | BD98: 1 | BE98: 1 | BF98: 1 | BG98: 1 | BH98: 1 | BI98: 1 | BJ98: 1 | BK98: 1 | BL98: 1 | BM98: 1 | BN98: 1 | BO98: 1 | BP98: 1 | BQ98: 1 | BR98: 1 | BS98: 1 | BT98: 1 | BU98: 1 | BV98: 1 | BW98: 1 | BX98: 1 | BY98: 1 | BZ98: 1 | CA98: 1 | CB98: 1 | CC98: 1 | CD98: 1 | CE98: 1 | CF98: 1 | CG98: 1 | CH98: 1 | CI98: 1 | CJ98: 1 | CK98: 1 | CL98: 1 | CM98: 1 | CN98: 1 | CO98: 1 | CP98: 1 | CQ98: 1 | CR98: 1 | CS98: 1 | CT98: 1 | CU98: 1 | CV98: 1 | CW98: 1 | CX98: 1 | CY98: 1 | CZ98: 1 | DA98: 1 | DB98: 1 | DC98: 1 | DD98: 1 | DE98: 1 | DF98: 1 | DG98: 1 | DH98: 1 | DI98: 1 | DJ98: 1 | DL98: =_xlfn.CONCAT(A98,C98,F98:J98) -> .Electricity.StorageService requested.Electricity.Storage.Seasonal
DL99: =_xlfn.CONCAT(A99,C99,F99:J99)
A100: .Electricity.CCS | G100: Service requested | J100: .Electricity.CCS.CCS_Coal | K100: JCIMS | M100: tCO2 | N100: 1 | O100: 1 | P100: 1 | Q100: 1 | R100: 1 | S100: 1 | T100: 1 | U100: 1 | V100: 1 | W100: 1 | X100: 1 | Y100: 1 | Z100: 1 | AA100: 1 | AB100: 1 | AC100: 1 | AD100: 1 | AE100: 1 | AF100: 1 | AG100: 1 | AH100: 1 | AI100: 1 | AJ100: 1 | AK100: 1 | AL100: 1 | AM100: 1 | AN100: 1 | AO100: 1 | AP100: 1 | AQ100: 1 | AR100: 1 | AS100: 1 | AT100: 1 | AU100: 1 | AV100: 1 | AW100: 1 | AX100: 1 | AY100: 1 | AZ100: 1 | BA100: 1 | BB100: 1 | BC100: 1 | BD100: 1 | BE100: 1 | BF100: 1 | BG100: 1 | BH100: 1 | BI100: 1 | BJ100: 1 | BK100: 1 | BL100: 1 | BM100: 1 | BN100: 1 | BO100: 1 | BP100: 1 | BQ100: 1 | BR100: 1 | BS100: 1 | BT100: 1 | BU100: 1 | BV100: 1 | BW100: 1 | BX100: 1 | BY100: 1 | BZ100: 1 | CA100: 1 | CB100: 1 | CC100: 1 | CD100: 1 | CE100: 1 | CF100: 1 | CG100: 1 | CH100: 1 | CI100: 1 | CJ100: 1 | CK100: 1 | CL100: 1 | CM100: 1 | CN100: 1 | CO100: 1 | CP100: 1 | CQ100: 1 | CR100: 1 | CS100: 1 | CT100: 1 | CU100: 1 | CV100: 1 | CW100: 1 | CX100: 1 | CY100: 1 | CZ100: 1 | DA100: 1 | DB100: 1 | DC100: 1 | DD100: 1 | DE100: 1 | DF100: 1 | DG100: 1 | DH100: 1 | DI100: 1 | DJ100: 1 | DL100: =_xlfn.CONCAT(A100,C100,F100:J100) -> .Electricity.CCSService requested.Electricity.CCS.CCS_Coal
A101: .Electricity.CCS | G101: Service requested | J101: .Electricity.CCS.CCS_Natural Gas | K101: JCIMS | M101: tCO2 | N101: 1 | O101: 1 | P101: 1 | Q101: 1 | R101: 1 | S101: 1 | T101: 1 | U101: 1 | V101: 1 | W101: 1 | X101: 1 | Y101: 1 | Z101: 1 | AA101: 1 | AB101: 1 | AC101: 1 | AD101: 1 | AE101: 1 | AF101: 1 | AG101: 1 | AH101: 1 | AI101: 1 | AJ101: 1 | AK101: 1 | AL101: 1 | AM101: 1 | AN101: 1 | AO101: 1 | AP101: 1 | AQ101: 1 | AR101: 1 | AS101: 1 | AT101: 1 | AU101: 1 | AV101: 1 | AW101: 1 | AX101: 1 | AY101: 1 | AZ101: 1 | BA101: 1 | BB101: 1 | BC101: 1 | BD101: 1 | BE101: 1 | BF101: 1 | BG101: 1 | BH101: 1 | BI101: 1 | BJ101: 1 | BK101: 1 | BL101: 1 | BM101: 1 | BN101: 1 | BO101: 1 | BP101: 1 | BQ101: 1 | BR101: 1 | BS101: 1 | BT101: 1 | BU101: 1 | BV101: 1 | BW101: 1 | BX101: 1 | BY101: 1 | BZ101: 1 | CA101: 1 | CB101: 1 | CC101: 1 | CD101: 1 | CE101: 1 | CF101: 1 | CG101: 1 | CH101: 1 | CI101: 1 | CJ101: 1 | CK101: 1 | CL101: 1 | CM101: 1 | CN101: 1 | CO101: 1 | CP101: 1 | CQ101: 1 | CR101: 1 | CS101: 1 | CT101: 1 | CU101: 1 | CV101: 1 | CW101: 1 | CX101: 1 | CY101: 1 | CZ101: 1 | DA101: 1 | DB101: 1 | DC101: 1 | DD101: 1 | DE101: 1 | DF101: 1 | DG101: 1 | DH101: 1 | DI101: 1 | DJ101: 1 | DL101: =_xlfn.CONCAT(A101,C101,F101:J101) -> .Electricity.CCSService requested.Electricity.CCS.CCS_Natural Gas
A102: .Electricity.CCS | G102: Service requested | J102: .Electricity.CCS.CCS_Biomass | K102: JCIMS | M102: tCO2 | N102: 1 | O102: 1 | P102: 1 | Q102: 1 | R102: 1 | S102: 1 | T102: 1 | U102: 1 | V102: 1 | W102: 1 | X102: 1 | Y102: 1 | Z102: 1 | AA102: 1 | AB102: 1 | AC102: 1 | AD102: 1 | AE102: 1 | AF102: 1 | AG102: 1 | AH102: 1 | AI102: 1 | AJ102: 1 | AK102: 1 | AL102: 1 | AM102: 1 | AN102: 1 | AO102: 1 | AP102: 1 | AQ102: 1 | AR102: 1 | AS102: 1 | AT102: 1 | AU102: 1 | AV102: 1 | AW102: 1 | AX102: 1 | AY102: 1 | AZ102: 1 | BA102: 1 | BB102: 1 | BC102: 1 | BD102: 1 | BE102: 1 | BF102: 1 | BG102: 1 | BH102: 1 | BI102: 1 | BJ102: 1 | BK102: 1 | BL102: 1 | BM102: 1 | BN102: 1 | BO102: 1 | BP102: 1 | BQ102: 1 | BR102: 1 | BS102: 1 | BT102: 1 | BU102: 1 | BV102: 1 | BW102: 1 | BX102: 1 | BY102: 1 | BZ102: 1 | CA102: 1 | CB102: 1 | CC102: 1 | CD102: 1 | CE102: 1 | CF102: 1 | CG102: 1 | CH102: 1 | CI102: 1 | CJ102: 1 | CK102: 1 | CL102: 1 | CM102: 1 | CN102: 1 | CO102: 1 | CP102: 1 | CQ102: 1 | CR102: 1 | CS102: 1 | CT102: 1 | CU102: 1 | CV102: 1 | CW102: 1 | CX102: 1 | CY102: 1 | CZ102: 1 | DA102: 1 | DB102: 1 | DC102: 1 | DD102: 1 | DE102: 1 | DF102: 1 | DG102: 1 | DH102: 1 | DI102: 1 | DJ102: 1 | DL102: =_xlfn.CONCAT(A102,C102,F102:J102) -> .Electricity.CCSService requested.Electricity.CCS.CCS_Biomass
...

Sheet calcs
A1: Source | B1: Unit | C1: Parameter | AD1: Assumptions shown in red text / yellow highlight
AD2: Use: | AE2: Reference
AD3: Assumed CAGR (Reference) | AG3: Assumed CAGR (Net Zero)
F4: 2000 | G4: 2001 | H4: 2002 | I4: 2003 | J4: 2004 | K4: 2005 | L4: 2006 | M4: 2007 | N4: 2008 | O4: 2009 | P4: 2010 | Q4: 2011 | R4: 2012 | S4: 2013 | T4: 2014 | U4: 2015 | V4: 2016 | W4: 2017 | X4: 2018 | Y4: 2019 | Z4: 2020 | AA4: 2021 | AB4: 2022 | AC4: from | AD4: 2022 | AE4: 2050 | AG4: 2022 | AH4: 2050
A5: CEEDC | B5: MWh | C5: Generation | E5: Canada | F5: =SUM(F6:F18) -> 5.3683827e+08 | G5: =SUM(G6:G18) -> 5.166062e+08 | H5: =SUM(H6:H18) -> 5.28239e+08 | I5: =SUM(I6:I18) -> 5.1362287e+08 | J5: =SUM(J6:J18) -> 5.2047769e+08 | K5: =SUM(K6:K18) -> 5.5550989e+08 | L5: =SUM(L6:L18) -> 540849140 | M5: =SUM(M6:M18) -> 563825291 | ... AB5: =SUM(AB6:AB18) -> 580221844 | AC5: to | AD5: 2050 | AE5: 2100 | AG5: 2050 | AH5: 2100
A6: CEEDC | B6: MWh | C6: Generation | E6: British Columbia | F6: 54278445 | G6: 42940556 | H6: 51667095 | I6: 49243038 | J6: 46646899 | K6: 54129025 | L6: 48080365 | M6: 57870332 | N6: 52026613 | O6: 49406356 | P6: 48168392 | Q6: 53745300 | R6: 57987811 | S6: 53108051 | T6: 51589814 | U6: 54842969 | V6: 57297867 | W6: 60128454 | X6: 56209664 | Y6: 51972732 | Z6: 58425486 | AA6: 61957834 | AB6: 61218504 | AD6: 0.01 | AE6: 0.005 | AG6: 0.02 | AH6: 0.01
A7: CEEDC | B7: MWh | C7: Generation | E7: Alberta | F7: 53054608 | G7: 55562516 | H7: 55799950 | I7: 52736224 | J7: 55287239 | K7: 57284484 | L7: 53698678 | M7: 55267130 | N7: 54256699 | O7: 54510128 | P7: 54858263 | Q7: 66262557 | R7: 56816322 | S7: 57449143 | T7: 65011822 | U7: 60137919 | V7: 59779078 | W7: 61509830 | X7: 57660254 | Y7: 57621567 | Z7: 55455218 | AA7: 55411057 | AB7: 53179994 | AD7: 0.01 | AE7: 0.005 | AG7: 0.02 | AH7: 0.01
A8: CEEDC | B8: MWh | C8: Generation | E8: Saskatchewan | F8: 17126819 | G8: 16570760 | H8: 17260767 | I8: 19206192 | J8: 18849906 | K8: 19460443 | L8: 19360727 | M8: 19956191 | N8: 20849508 | O8: 20222753 | P8: 19513731 | Q8: 18891315 | R8: 18840180 | S8: 20372150 | T8: 20077854 | U8: 23138242 | V8: 24303876 | W8: 24950642 | X8: 23661454 | Y8: 23686155 | Z8: 23949108 | AA8: 24371988 | AB8: 23492660 | AD8: 0.01 | AE8: 0.005 | AG8: 0.02 | AH8: 0.01
A9: CEEDC | B9: MWh | C9: Generation | E9: Manitoba | F9: 32424901 | G9: 33373490 | H9: 29349439 | I9: 21077263 | J9: 27617841 | K9: 36939873 | L9: 34370292 | M9: 34317353 | N9: 35423638 | O9: 34108164 | P9: 33696415 | Q9: 35059306 | R9: 33156304 | S9: 36295832 | T9: 35501944 | U9: 35784620 | V9: 37621332 | W9: 36978819 | X9: 31635220 | Y9: 33850453 | Z9: 37158814 | AA9: 29008658 | AB9: 37751456 | AD9: 0.01 | AE9: 0.005 | AG9: 0.02 | AH9: 0.01
A10: CEEDC | B10: MWh | C10: Generation | E10: Ontario | F10: 1.4819272e+08 | G10: 1.4783108e+08 | H10: 1.4889048e+08 | I10: 1.4471833e+08 | J10: 1.5005511e+08 | K10: 153455154 | L10: 154936512 | M10: 154256798 | N10: 159294259 | O10: 141933227 | P10: 1.4444435e+08 | Q10: 1.4607656e+08 | R10: 1.4505346e+08 | S10: 1.5355287e+08 | T10: 1.5844375e+08 | U10: 154779429 | V10: 152888294 | W10: 148750326 | X10: 152120710 | Y10: 151054578 | Z10: 148800204 | AA10: 142546046 | AB10: 145923645 | AD10: 0.01 | AE10: 0.005 | AG10: 0.02 | AH10: 0.01
A11: CEEDC | B11: MWh | C11: Generation | E11: Quebec | F11: 1.5929265e+08 | G11: 1.507175e+08 | H11: 1.5623812e+08 | I11: 1.5678944e+08 | J11: 1.5201054e+08 | K11: 1.6054726e+08 | L11: 159016737 | M11: 172211270 | N11: 172302538 | O11: 176652497 | P11: 167899438 | Q11: 175871284 | R11: 1.7957071e+08 | S11: 1.8772889e+08 | T11: 1.8371934e+08 | U11: 182156355 | V11: 1.8776053e+08 | W11: 1.9253806e+08 | X11: 1.9148971e+08 | Y11: 1.9144694e+08 | Z11: 188408962 | AA11: 194575465 | AB11: 195905713 | AD11: 0.01 | AE11: 0.005 | AG11: 0.02 | AH11: 0.01
A12: CEEDC | B12: MWh | C12: Generation | E12: New Brunswick | F12: 17540499 | G12: 18629149 | H12: 16566466 | I12: 18063541 | J12: 18724425 | K12: 20294552 | L12: 17495374 | M12: 16283968 | N12: 13186324 | O12: 11903500 | P12: 9930605.3 | Q12: 10575546 | R12: 9167353 | S12: 13930804 | T12: 15739403 | U12: 13315082 | V12: 14668928 | W12: 12946831 | X12: 13061757 | Y12: 12953661 | Z12: 11692615 | AA12: 11763464 | AB12: 11926455 | AD12: 0.01 | AE12: 0.005 | AG12: 0.02 | AH12: 0.01
A13: CEEDC | B13: MWh | C13: Generation | E13: Nova Scotia | F13: 11380405 | G13: 9741655.8 | H13: 8313383.6 | I13: 9742238.1 | J13: 9826507.5 | K13: 12208535 | L13: 11213485 | M13: 12337083 | N13: 11972306 | O13: 11454230 | P13: 11717647 | Q13: 11376659 | R13: 10842636 | S13: 10514267 | T13: 10423896 | U13: 10049679 | V13: 9677579 | W13: 9800561 | X13: 10246686 | Y13: 9719560.6 | Z13: 9432134 | AA13: 9214783 | AB13: 8780282 | AD13: 0.01 | AE13: 0.005 | AG13: 0.02 | AH13: 0.01
A14: CEEDC | B14: MWh | C14: Generation | E14: Prince Edward Island | F14: 54078.453 | G14: 54883.373 | H14: 32257.182 | I14: 62477.402 | J14: 35462.92 | K14: 46417 | L14: 43777 | M14: 44732 | N14: 147944.5 | O14: 355044 | P14: 464144.5 | Q14: 492486 | R14: 482132 | S14: 507185 | T14: 619604 | U14: 615932 | V14: 599317 | W14: 609943 | X14: 643082 | Y14: 646986 | Z14: 657297 | AA14: 601691 | AB14: 529072 | AD14: 0.01 | AE14: 0.005 | AG14: 0.02 | AH14: 0.01
A15: CEEDC | B15: MWh | C15: Generation | E15: Newfoundland and Labrador | F15: 42755239 | G15: 40407630 | H15: 43383044 | I15: 41199271 | J15: 40590690 | K15: 40322068 | L15: 41803350 | M15: 40443694 | N15: 42126953 | O15: 37062952 | P15: 40484527 | Q15: 40328986 | R15: 42486532 | S15: 41809855 | T15: 39807071 | U15: 40505226 | V15: 41477571 | W15: 38532420 | X15: 43295767 | Y15: 42301183 | Z15: 39786521 | AA15: 40334432 | AB15: 40430086 | AD15: 0.01 | AE15: 0.005 | AG15: 0.02 | AH15: 0.01
A16: CEEDC | B16: MWh | C16: Generation | E16: Yukon | F16: 296253.05 | G16: 300926.45 | H16: 312432.19 | I16: 320512.16 | J16: 329141.15 | K16: 343749 | L16: 359031 | M16: 354694 | N16: 372615 | O16: 401888 | P16: 405482 | Q16: 425336 | R16: 455004 | S16: 448558 | T16: 433686 | U16: 447879 | V16: 446998 | W16: 484818 | X16: 477850 | Y16: 467487 | Z16: 532078 | AA16: 571511 | AB16: 570065 | AD16: 0.01 | AE16: 0.005 | AG16: 0.02 | AH16: 0.01
A17: CEEDC | B17: MWh | C17: Generation | E17: Northwest Territories | F17: 441653 | G17: 476052 | H17: 425552 | I17: 464346 | J17: 364481 | K17: 336684 | L17: 326103 | M17: 333165 | N17: 333455 | O17: 342542 | P17: 339225 | Q17: 343205 | R17: 335487 | S17: 347178 | T17: 343116 | U17: 324771 | V17: 339484 | W17: 335344 | X17: 342788 | Y17: 348674 | Z17: 346440 | AA17: 337334 | AB17: 321729 | AD17: 0.01 | AE17: 0.005 | AG17: 0.02 | AH17: 0.01
A18: CEEDC | B18: MWh | C18: Generation | E18: Nunavut | F18: 0 | G18: 0 | H18: 0 | I18: 0 | J18: 139445 | K18: 141645 | L18: 144709 | M18: 148881 | N18: 182199 | O18: 161925 | P18: 161925 | Q18: 98308 | R18: 98307 | S18: 98307 | T18: 157598 | U18: 157415 | V18: 188812 | W18: 189829 | X18: 193660 | Y18: 191134 | Z18: 195181 | AA18: 194790 | AB18: 192183 | AD18: 0.01 | AE18: 0.005 | AG18: 0.02 | AH18: 0.01
A19: CEEDC | B19: MWh | C19: Generation | E19: Atlantic | F19: =SUM(F12:F15) -> 71730221 | G19: =SUM(G12:G15) -> 68833318 | H19: =SUM(H12:H15) -> 68295151 | I19: =SUM(I12:I15) -> 69067527 | J19: =SUM(J12:J15) -> 69177085 | K19: =SUM(K12:K15) -> 72871572 | L19: =SUM(L12:L15) -> 70555986 | M19: =SUM(M12:M15) -> 69109477 | ... AB19: =SUM(AB12:AB15) -> 61665895
A20: CEEDC | B20: MWh | C20: Generation | E20: Territories | F20: =SUM(F16:F18) -> 737906.05 | G20: =SUM(G16:G18) -> 776978.44 | H20: =SUM(H16:H18) -> 737984.18 | I20: =SUM(I16:I18) -> 784858.16 | J20: =SUM(J16:J18) -> 833067.15 | K20: =SUM(K16:K18) -> 822078 | L20: =SUM(L16:L18) -> 829843 | M20: =SUM(M16:M18) -> 836740 | ... AB20: =SUM(AB16:AB18) -> 1083977
A22: Note: CEEDC data collected from Statistics Canada tables: 25-10-0015, 25-10-0019, 25-10-0020, 25-10-0084, and Electric Power Generation, Transmission and Distribution Table 6 (selected years)
F26: 2000 | G26: 2001 | H26: 2002 | I26: 2003 | J26: 2004 | K26: 2005 | L26: 2006 | M26: 2007 | N26: 2008 | O26: 2009 | P26: 2010 | Q26: 2011 | R26: 2012 | S26: 2013 | T26: 2014 | U26: 2015 | V26: 2016 | W26: 2017 | X26: 2018 | Y26: 2019 | Z26: 2020 | AA26: 2021 | AB26: 2022 | AC26: 2023 | AD26: 2024 | AE26: 2025 | AF26: 2026 | AG26: 2027 | AH26: 2028 | AI26: 2029 | AJ26: 2030 | AK26: 2031 | AL26: 2032 | AM26: 2033 | AN26: 2034 | AO26: 2035 | AP26: 2036 | AQ26: 2037 | AR26: 2038 | AS26: 2039 | AT26: 2040 | AU26: 2041 | AV26: 2042 | AW26: 2043 | AX26: 2044 | AY26: 2045 | AZ26: 2046 | BA26: 2047 | BB26: 2048 | BC26: 2049 | BD26: 2050 | BE26: 2051 | BF26: 2052 | BG26: 2053 | BH26: 2054 | BI26: 2055 | BJ26: 2056 | BK26: 2057 | BL26: 2058 | BM26: 2059 | BN26: 2060 | BO26: 2061 | BP26: 2062 | BQ26: 2063 | BR26: 2064 | BS26: 2065 | BT26: 2066 | BU26: 2067 | BV26: 2068 | BW26: 2069 | BX26: 2070 | BY26: 2071 | BZ26: 2072 | CA26: 2073 | CB26: 2074 | CC26: 2075 | CD26: 2076 | CE26: 2077 | CF26: 2078 | CG26: 2079 | CH26: 2080 | CI26: 2081 | CJ26: 2082 | CK26: 2083 | CL26: 2084 | CM26: 2085 | CN26: 2086 | CO26: 2087 | CP26: 2088 | CQ26: 2089 | CR26: 2090 | CS26: 2091 | CT26: 2092 | CU26: 2093 | CV26: 2094 | CW26: 2095 | CX26: 2096 | CY26: 2097 | CZ26: 2098 | DA26: 2099 | DB26: 2100
A27: https://www.miningandenergy.ca/read/top-active-coal-mines-in-canada | B27: MWh | C27: Generation | E27: Canada | F27: =SUM(F28:F40) -> 5.3683827e+08 | G27: =SUM(G28:G40) -> 5.166062e+08 | H27: =SUM(H28:H40) -> 5.28239e+08 | I27: =SUM(I28:I40) -> 5.1362287e+08 | J27: =SUM(J28:J40) -> 5.2047769e+08 | K27: =SUM(K28:K40) -> 5.5550989e+08 | L27: =SUM(L28:L40) -> 540849140 | M27: =SUM(M28:M40) -> 563825291 | ... DB27: =SUM(DB28:DB40) -> 9.8377465e+08
A28: https://www.miningandenergy.ca/read/top-active-coal-mines-in-canada | B28: MWh | C28: Generation | E28: British Columbia | F28: =F6 -> 54278445 | G28: =G6 -> 42940556 | H28: =H6 -> 51667095 | I28: =I6 -> 49243038 | J28: =J6 -> 46646899 | K28: =K6 -> 54129025 | L28: =L6 -> 48080365 | M28: =M6 -> 57870332 | ... AB28: =AB6 -> 61218504 | AC28: {=AB28*(1+INDEX($AD6:$AE6,_xlfn.XMATCH(AC$26,$AD$5:$AE$5,1)))} -> 61830689 | AD28: {=AC28*(1+INDEX($AD6:$AE6,_xlfn.XMATCH(AD$26,$AD$5:$AE$5,1)))} -> 62448996 | AE28: {=AD28*(1+INDEX($AD6:$AE6,_xlfn.XMATCH(AE$26,$AD$5:$AE$5,1)))} -> 63073486 | AF28: {=AE28*(1+INDEX($AD6:$AE6,_xlfn.XMATCH(AF$26,$AD$5:$AE$5,1)))} -> 63704221 | AG28: {=AF28*(1+INDEX($AD6:$AE6,_xlfn.XMATCH(AG$26,$AD$5:$AE$5,1)))} -> 64341263 | AH28: {=AG28*(1+INDEX($AD6:$AE6,_xlfn.XMATCH(AH$26,$AD$5:$AE$5,1)))} -> 64984676 | AI28: {=AH28*(1+INDEX($AD6:$AE6,_xlfn.XMATCH(AI$26,$AD$5:$AE$5,1)))} -> 65634522 | AJ28: {=AI28*(1+INDEX($AD6:$AE6,_xlfn.XMATCH(AJ$26,$AD$5:$AE$5,1)))} -> 66290868 | ... DB28: {=DA28*(1+INDEX($AD6:$AE6,_xlfn.XMATCH(DB$26,$AD$5:$AE$5,1)))} -> 1.0379687e+08
B29: MWh | C29: Generation | E29: Alberta | F29: =F7 -> 53054608 | G29: =G7 -> 55562516 | H29: =H7 -> 55799950 | I29: =I7 -> 52736224 | J29: =J7 -> 55287239 | K29: =K7 -> 57284484 | L29: =L7 -> 53698678 | M29: =M7 -> 55267130 | ... AB29: =AB7 -> 53179994 | AC29: {=AB29*(1+INDEX($AD7:$AE7,_xlfn.XMATCH(AC$26,$AD$5:$AE$5,1)))} -> 53711794 | AD29: {=AC29*(1+INDEX($AD7:$AE7,_xlfn.XMATCH(AD$26,$AD$5:$AE$5,1)))} -> 54248912 | AE29: {=AD29*(1+INDEX($AD7:$AE7,_xlfn.XMATCH(AE$26,$AD$5:$AE$5,1)))} -> 54791401 | AF29: {=AE29*(1+INDEX($AD7:$AE7,_xlfn.XMATCH(AF$26,$AD$5:$AE$5,1)))} -> 55339315 | AG29: {=AF29*(1+INDEX($AD7:$AE7,_xlfn.XMATCH(AG$26,$AD$5:$AE$5,1)))} -> 55892708 | AH29: {=AG29*(1+INDEX($AD7:$AE7,_xlfn.XMATCH(AH$26,$AD$5:$AE$5,1)))} -> 56451635 | AI29: {=AH29*(1+INDEX($AD7:$AE7,_xlfn.XMATCH(AI$26,$AD$5:$AE$5,1)))} -> 57016152 | AJ29: {=AI29*(1+INDEX($AD7:$AE7,_xlfn.XMATCH(AJ$26,$AD$5:$AE$5,1)))} -> 57586313 | ... DB29: {=DA29*(1+INDEX($AD7:$AE7,_xlfn.XMATCH(DB$26,$AD$5:$AE$5,1)))} -> 90167460
B30: MWh | C30: Generation | E30: Saskatchewan | F30: =F8 -> 17126819 | G30: =G8 -> 16570760 | H30: =H8 -> 17260767 | I30: =I8 -> 19206192 | J30: =J8 -> 18849906 | K30: =K8 -> 19460443 | L30: =L8 -> 19360727 | M30: =M8 -> 19956191 | ... AB30: =AB8 -> 23492660 | AC30: {=AB30*(1+INDEX($AD8:$AE8,_xlfn.XMATCH(AC$26,$AD$5:$AE$5,1)))} -> 23727587 | AD30: {=AC30*(1+INDEX($AD8:$AE8,_xlfn.XMATCH(AD$26,$AD$5:$AE$5,1)))} -> 23964862 | AE30: {=AD30*(1+INDEX($AD8:$AE8,_xlfn.XMATCH(AE$26,$AD$5:$AE$5,1)))} -> 24204511 | AF30: {=AE30*(1+INDEX($AD8:$AE8,_xlfn.XMATCH(AF$26,$AD$5:$AE$5,1)))} -> 24446556 | AG30: {=AF30*(1+INDEX($AD8:$AE8,_xlfn.XMATCH(AG$26,$AD$5:$AE$5,1)))} -> 24691022 | AH30: {=AG30*(1+INDEX($AD8:$AE8,_xlfn.XMATCH(AH$26,$AD$5:$AE$5,1)))} -> 24937932 | AI30: {=AH30*(1+INDEX($AD8:$AE8,_xlfn.XMATCH(AI$26,$AD$5:$AE$5,1)))} -> 25187311 | AJ30: {=AI30*(1+INDEX($AD8:$AE8,_xlfn.XMATCH(AJ$26,$AD$5:$AE$5,1)))} -> 25439184 | ... DB30: {=DA30*(1+INDEX($AD8:$AE8,_xlfn.XMATCH(DB$26,$AD$5:$AE$5,1)))} -> 39832150
B31: MWh | C31: Generation | E31: Manitoba | F31: =F9 -> 32424901 | G31: =G9 -> 33373490 | H31: =H9 -> 29349439 | I31: =I9 -> 21077263 | J31: =J9 -> 27617841 | K31: =K9 -> 36939873 | L31: =L9 -> 34370292 | M31: =M9 -> 34317353 | ... AB31: =AB9 -> 37751456 | AC31: {=AB31*(1+INDEX($AD9:$AE9,_xlfn.XMATCH(AC$26,$AD$5:$AE$5,1)))} -> 38128971 | AD31: {=AC31*(1+INDEX($AD9:$AE9,_xlfn.XMATCH(AD$26,$AD$5:$AE$5,1)))} -> 38510260 | AE31: {=AD31*(1+INDEX($AD9:$AE9,_xlfn.XMATCH(AE$26,$AD$5:$AE$5,1)))} -> 38895363 | AF31: {=AE31*(1+INDEX($AD9:$AE9,_xlfn.XMATCH(AF$26,$AD$5:$AE$5,1)))} -> 39284316 | AG31: {=AF31*(1+INDEX($AD9:$AE9,_xlfn.XMATCH(AG$26,$AD$5:$AE$5,1)))} -> 39677160 | AH31: {=AG31*(1+INDEX($AD9:$AE9,_xlfn.XMATCH(AH$26,$AD$5:$AE$5,1)))} -> 40073931 | AI31: {=AH31*(1+INDEX($AD9:$AE9,_xlfn.XMATCH(AI$26,$AD$5:$AE$5,1)))} -> 40474671 | AJ31: {=AI31*(1+INDEX($AD9:$AE9,_xlfn.XMATCH(AJ$26,$AD$5:$AE$5,1)))} -> 40879417 | ... DB31: {=DA31*(1+INDEX($AD9:$AE9,_xlfn.XMATCH(DB$26,$AD$5:$AE$5,1)))} -> 64008148
B32: MWh | C32: Generation | E32: Ontario | F32: =F10 -> 1.4819272e+08 | G32: =G10 -> 1.4783108e+08 | H32: =H10 -> 1.4889048e+08 | I32: =I10 -> 1.4471833e+08 | J32: =J10 -> 1.5005511e+08 | K32: =K10 -> 153455154 | L32: =L10 -> 154936512 | M32: =M10 -> 154256798 | ... AB32: =AB10 -> 145923645 | AC32: {=AB32*(1+INDEX($AD10:$AE10,_xlfn.XMATCH(AC$26,$AD$5:$AE$5,1)))} -> 1.4738288e+08 | AD32: {=AC32*(1+INDEX($AD10:$AE10,_xlfn.XMATCH(AD$26,$AD$5:$AE$5,1)))} -> 1.4885671e+08 | AE32: {=AD32*(1+INDEX($AD10:$AE10,_xlfn.XMATCH(AE$26,$AD$5:$AE$5,1)))} -> 1.5034528e+08 | AF32: {=AE32*(1+INDEX($AD10:$AE10,_xlfn.XMATCH(AF$26,$AD$5:$AE$5,1)))} -> 1.5184873e+08 | AG32: {=AF32*(1+INDEX($AD10:$AE10,_xlfn.XMATCH(AG$26,$AD$5:$AE$5,1)))} -> 1.5336722e+08 | AH32: {=AG32*(1+INDEX($AD10:$AE10,_xlfn.XMATCH(AH$26,$AD$5:$AE$5,1)))} -> 1.5490089e+08 | AI32: {=AH32*(1+INDEX($AD10:$AE10,_xlfn.XMATCH(AI$26,$AD$5:$AE$5,1)))} -> 1.564499e+08 | AJ32: {=AI32*(1+INDEX($AD10:$AE10,_xlfn.XMATCH(AJ$26,$AD$5:$AE$5,1)))} -> 1.580144e+08 | ... DB32: {=DA32*(1+INDEX($AD10:$AE10,_xlfn.XMATCH(DB$26,$AD$5:$AE$5,1)))} -> 2.4741568e+08
B33: MWh | C33: Generation | E33: Quebec | F33: =F11 -> 1.5929265e+08 | G33: =G11 -> 1.507175e+08 | H33: =H11 -> 1.5623812e+08 | I33: =I11 -> 1.5678944e+08 | J33: =J11 -> 1.5201054e+08 | K33: =K11 -> 1.6054726e+08 | L33: =L11 -> 159016737 | M33: =M11 -> 172211270 | ... AB33: =AB11 -> 195905713 | AC33: {=AB33*(1+INDEX($AD11:$AE11,_xlfn.XMATCH(AC$26,$AD$5:$AE$5,1)))} -> 1.9786477e+08 | AD33: {=AC33*(1+INDEX($AD11:$AE11,_xlfn.XMATCH(AD$26,$AD$5:$AE$5,1)))} -> 1.9984342e+08 | AE33: {=AD33*(1+INDEX($AD11:$AE11,_xlfn.XMATCH(AE$26,$AD$5:$AE$5,1)))} -> 2.0184185e+08 | AF33: {=AE33*(1+INDEX($AD11:$AE11,_xlfn.XMATCH(AF$26,$AD$5:$AE$5,1)))} -> 2.0386027e+08 | AG33: {=AF33*(1+INDEX($AD11:$AE11,_xlfn.XMATCH(AG$26,$AD$5:$AE$5,1)))} -> 2.0589887e+08 | AH33: {=AG33*(1+INDEX($AD11:$AE11,_xlfn.XMATCH(AH$26,$AD$5:$AE$5,1)))} -> 2.0795786e+08 | AI33: {=AH33*(1+INDEX($AD11:$AE11,_xlfn.XMATCH(AI$26,$AD$5:$AE$5,1)))} -> 2.1003744e+08 | AJ33: {=AI33*(1+INDEX($AD11:$AE11,_xlfn.XMATCH(AJ$26,$AD$5:$AE$5,1)))} -> 2.1213781e+08 | ... DB33: {=DA33*(1+INDEX($AD11:$AE11,_xlfn.XMATCH(DB$26,$AD$5:$AE$5,1)))} -> 3.3216101e+08
B34: MWh | C34: Generation | E34: New Brunswick | F34: =F12 -> 17540499 | G34: =G12 -> 18629149 | H34: =H12 -> 16566466 | I34: =I12 -> 18063541 | J34: =J12 -> 18724425 | K34: =K12 -> 20294552 | L34: =L12 -> 17495374 | M34: =M12 -> 16283968 | ... AB34: =AB12 -> 11926455 | AC34: {=AB34*(1+INDEX($AD12:$AE12,_xlfn.XMATCH(AC$26,$AD$5:$AE$5,1)))} -> 12045720 | AD34: {=AC34*(1+INDEX($AD12:$AE12,_xlfn.XMATCH(AD$26,$AD$5:$AE$5,1)))} -> 12166177 | AE34: {=AD34*(1+INDEX($AD12:$AE12,_xlfn.XMATCH(AE$26,$AD$5:$AE$5,1)))} -> 12287839 | AF34: {=AE34*(1+INDEX($AD12:$AE12,_xlfn.XMATCH(AF$26,$AD$5:$AE$5,1)))} -> 12410717 | AG34: {=AF34*(1+INDEX($AD12:$AE12,_xlfn.XMATCH(AG$26,$AD$5:$AE$5,1)))} -> 12534824 | AH34: {=AG34*(1+INDEX($AD12:$AE12,_xlfn.XMATCH(AH$26,$AD$5:$AE$5,1)))} -> 12660172 | AI34: {=AH34*(1+INDEX($AD12:$AE12,_xlfn.XMATCH(AI$26,$AD$5:$AE$5,1)))} -> 12786774 | AJ34: {=AI34*(1+INDEX($AD12:$AE12,_xlfn.XMATCH(AJ$26,$AD$5:$AE$5,1)))} -> 12914642 | ... DB34: {=DA34*(1+INDEX($AD12:$AE12,_xlfn.XMATCH(DB$26,$AD$5:$AE$5,1)))} -> 20221480
B35: MWh | C35: Generation | E35: Nova Scotia | F35: =F13 -> 11380405 | G35: =G13 -> 9741655.8 | H35: =H13 -> 8313383.6 | I35: =I13 -> 9742238.1 | J35: =J13 -> 9826507.5 | K35: =K13 -> 12208535 | L35: =L13 -> 11213485 | M35: =M13 -> 12337083 | ... AB35: =AB13 -> 8780282 | AC35: {=AB35*(1+INDEX($AD13:$AE13,_xlfn.XMATCH(AC$26,$AD$5:$AE$5,1)))} -> 8868084.8 | AD35: {=AC35*(1+INDEX($AD13:$AE13,_xlfn.XMATCH(AD$26,$AD$5:$AE$5,1)))} -> 8956765.7 | AE35: {=AD35*(1+INDEX($AD13:$AE13,_xlfn.XMATCH(AE$26,$AD$5:$AE$5,1)))} -> 9046333.3 | AF35: {=AE35*(1+INDEX($AD13:$AE13,_xlfn.XMATCH(AF$26,$AD$5:$AE$5,1)))} -> 9136796.7 | AG35: {=AF35*(1+INDEX($AD13:$AE13,_xlfn.XMATCH(AG$26,$AD$5:$AE$5,1)))} -> 9228164.6 | AH35: {=AG35*(1+INDEX($AD13:$AE13,_xlfn.XMATCH(AH$26,$AD$5:$AE$5,1)))} -> 9320446.3 | AI35: {=AH35*(1+INDEX($AD13:$AE13,_xlfn.XMATCH(AI$26,$AD$5:$AE$5,1)))} -> 9413650.7 | AJ35: {=AI35*(1+INDEX($AD13:$AE13,_xlfn.XMATCH(AJ$26,$AD$5:$AE$5,1)))} -> 9507787.2 | ... DB35: {=DA35*(1+INDEX($AD13:$AE13,_xlfn.XMATCH(DB$26,$AD$5:$AE$5,1)))} -> 14887097
B36: MWh | C36: Generation | E36: Prince Edward Island | F36: =F14 -> 54078.453 | G36: =G14 -> 54883.373 | H36: =H14 -> 32257.182 | I36: =I14 -> 62477.402 | J36: =J14 -> 35462.92 | K36: =K14 -> 46417 | L36: =L14 -> 43777 | M36: =M14 -> 44732 | ... AB36: =AB14 -> 529072 | AC36: {=AB36*(1+INDEX($AD14:$AE14,_xlfn.XMATCH(AC$26,$AD$5:$AE$5,1)))} -> 534362.72 | AD36: {=AC36*(1+INDEX($AD14:$AE14,_xlfn.XMATCH(AD$26,$AD$5:$AE$5,1)))} -> 539706.35 | AE36: {=AD36*(1+INDEX($AD14:$AE14,_xlfn.XMATCH(AE$26,$AD$5:$AE$5,1)))} -> 545103.41 | AF36: {=AE36*(1+INDEX($AD14:$AE14,_xlfn.XMATCH(AF$26,$AD$5:$AE$5,1)))} -> 550554.44 | AG36: {=AF36*(1+INDEX($AD14:$AE14,_xlfn.XMATCH(AG$26,$AD$5:$AE$5,1)))} -> 556059.99 | AH36: {=AG36*(1+INDEX($AD14:$AE14,_xlfn.XMATCH(AH$26,$AD$5:$AE$5,1)))} -> 561620.59 | AI36: {=AH36*(1+INDEX($AD14:$AE14,_xlfn.XMATCH(AI$26,$AD$5:$AE$5,1)))} -> 567236.8 | AJ36: {=AI36*(1+INDEX($AD14:$AE14,_xlfn.XMATCH(AJ$26,$AD$5:$AE$5,1)))} -> 572909.16 | ... DB36: {=DA36*(1+INDEX($AD14:$AE14,_xlfn.XMATCH(DB$26,$AD$5:$AE$5,1)))} -> 897049.34
B37: MWh | C37: Generation | E37: Newfoundland and Labrador | F37: =F15 -> 42755239 | G37: =G15 -> 40407630 | H37: =H15 -> 43383044 | I37: =I15 -> 41199271 | J37: =J15 -> 40590690 | K37: =K15 -> 40322068 | L37: =L15 -> 41803350 | M37: =M15 -> 40443694 | ... AB37: =AB15 -> 40430086 | AC37: {=AB37*(1+INDEX($AD15:$AE15,_xlfn.XMATCH(AC$26,$AD$5:$AE$5,1)))} -> 40834387 | AD37: {=AC37*(1+INDEX($AD15:$AE15,_xlfn.XMATCH(AD$26,$AD$5:$AE$5,1)))} -> 41242731 | AE37: {=AD37*(1+INDEX($AD15:$AE15,_xlfn.XMATCH(AE$26,$AD$5:$AE$5,1)))} -> 41655158 | AF37: {=AE37*(1+INDEX($AD15:$AE15,_xlfn.XMATCH(AF$26,$AD$5:$AE$5,1)))} -> 42071710 | AG37: {=AF37*(1+INDEX($AD15:$AE15,_xlfn.XMATCH(AG$26,$AD$5:$AE$5,1)))} -> 42492427 | AH37: {=AG37*(1+INDEX($AD15:$AE15,_xlfn.XMATCH(AH$26,$AD$5:$AE$5,1)))} -> 42917351 | AI37: {=AH37*(1+INDEX($AD15:$AE15,_xlfn.XMATCH(AI$26,$AD$5:$AE$5,1)))} -> 43346524 | AJ37: {=AI37*(1+INDEX($AD15:$AE15,_xlfn.XMATCH(AJ$26,$AD$5:$AE$5,1)))} -> 43779990 | ... DB37: {=DA37*(1+INDEX($AD15:$AE15,_xlfn.XMATCH(DB$26,$AD$5:$AE$5,1)))} -> 68549804
B38: MWh | C38: Generation | E38: Yukon | F38: =F16 -> 296253.05 | G38: =G16 -> 300926.45 | H38: =H16 -> 312432.19 | I38: =I16 -> 320512.16 | J38: =J16 -> 329141.15 | K38: =K16 -> 343749 | L38: =L16 -> 359031 | M38: =M16 -> 354694 | ... AB38: =AB16 -> 570065 | AC38: {=AB38*(1+INDEX($AD16:$AE16,_xlfn.XMATCH(AC$26,$AD$5:$AE$5,1)))} -> 575765.65 | AD38: {=AC38*(1+INDEX($AD16:$AE16,_xlfn.XMATCH(AD$26,$AD$5:$AE$5,1)))} -> 581523.31 | AE38: {=AD38*(1+INDEX($AD16:$AE16,_xlfn.XMATCH(AE$26,$AD$5:$AE$5,1)))} -> 587338.54 | AF38: {=AE38*(1+INDEX($AD16:$AE16,_xlfn.XMATCH(AF$26,$AD$5:$AE$5,1)))} -> 593211.92 | AG38: {=AF38*(1+INDEX($AD16:$AE16,_xlfn.XMATCH(AG$26,$AD$5:$AE$5,1)))} -> 599144.04 | AH38: {=AG38*(1+INDEX($AD16:$AE16,_xlfn.XMATCH(AH$26,$AD$5:$AE$5,1)))} -> 605135.48 | AI38: {=AH38*(1+INDEX($AD16:$AE16,_xlfn.XMATCH(AI$26,$AD$5:$AE$5,1)))} -> 611186.84 | AJ38: {=AI38*(1+INDEX($AD16:$AE16,_xlfn.XMATCH(AJ$26,$AD$5:$AE$5,1)))} -> 617298.71 | ... DB38: {=DA38*(1+INDEX($AD16:$AE16,_xlfn.XMATCH(DB$26,$AD$5:$AE$5,1)))} -> 966553.57
B39: MWh | C39: Generation | E39: Northwest Territories | F39: =F17 -> 441653 | G39: =G17 -> 476052 | H39: =H17 -> 425552 | I39: =I17 -> 464346 | J39: =J17 -> 364481 | K39: =K17 -> 336684 | L39: =L17 -> 326103 | M39: =M17 -> 333165 | ... AB39: =AB17 -> 321729 | AC39: {=AB39*(1+INDEX($AD17:$AE17,_xlfn.XMATCH(AC$26,$AD$5:$AE$5,1)))} -> 324946.29 | AD39: {=AC39*(1+INDEX($AD17:$AE17,_xlfn.XMATCH(AD$26,$AD$5:$AE$5,1)))} -> 328195.75 | AE39: {=AD39*(1+INDEX($AD17:$AE17,_xlfn.XMATCH(AE$26,$AD$5:$AE$5,1)))} -> 331477.71 | AF39: {=AE39*(1+INDEX($AD17:$AE17,_xlfn.XMATCH(AF$26,$AD$5:$AE$5,1)))} -> 334792.49 | AG39: {=AF39*(1+INDEX($AD17:$AE17,_xlfn.XMATCH(AG$26,$AD$5:$AE$5,1)))} -> 338140.41 | AH39: {=AG39*(1+INDEX($AD17:$AE17,_xlfn.XMATCH(AH$26,$AD$5:$AE$5,1)))} -> 341521.82 | AI39: {=AH39*(1+INDEX($AD17:$AE17,_xlfn.XMATCH(AI$26,$AD$5:$AE$5,1)))} -> 344937.03 | AJ39: {=AI39*(1+INDEX($AD17:$AE17,_xlfn.XMATCH(AJ$26,$AD$5:$AE$5,1)))} -> 348386.41 | ... DB39: {=DA39*(1+INDEX($AD17:$AE17,_xlfn.XMATCH(DB$26,$AD$5:$AE$5,1)))} -> 545496.24
B40: MWh | C40: Generation | E40: Nunavut | F40: =F18 -> 0 | G40: =G18 -> 0 | H40: =H18 -> 0 | I40: =I18 -> 0 | J40: =J18 -> 139445 | K40: =K18 -> 141645 | L40: =L18 -> 144709 | M40: =M18 -> 148881 | ... AB40: =AB18 -> 192183 | AC40: {=AB40*(1+INDEX($AD18:$AE18,_xlfn.XMATCH(AC$26,$AD$5:$AE$5,1)))} -> 194104.83 | AD40: {=AC40*(1+INDEX($AD18:$AE18,_xlfn.XMATCH(AD$26,$AD$5:$AE$5,1)))} -> 196045.88 | AE40: {=AD40*(1+INDEX($AD18:$AE18,_xlfn.XMATCH(AE$26,$AD$5:$AE$5,1)))} -> 198006.34 | AF40: {=AE40*(1+INDEX($AD18:$AE18,_xlfn.XMATCH(AF$26,$AD$5:$AE$5,1)))} -> 199986.4 | AG40: {=AF40*(1+INDEX($AD18:$AE18,_xlfn.XMATCH(AG$26,$AD$5:$AE$5,1)))} -> 201986.26 | AH40: {=AG40*(1+INDEX($AD18:$AE18,_xlfn.XMATCH(AH$26,$AD$5:$AE$5,1)))} -> 204006.13 | AI40: {=AH40*(1+INDEX($AD18:$AE18,_xlfn.XMATCH(AI$26,$AD$5:$AE$5,1)))} -> 206046.19 | AJ40: {=AI40*(1+INDEX($AD18:$AE18,_xlfn.XMATCH(AJ$26,$AD$5:$AE$5,1)))} -> 208106.65 | ... DB40: {=DA40*(1+INDEX($AD18:$AE18,_xlfn.XMATCH(DB$26,$AD$5:$AE$5,1)))} -> 325849.1
B41: MWh | C41: Generation | E41: Atlantic | F41: =SUM(F34:F37) -> 71730221 | G41: =SUM(G34:G37) -> 68833318 | H41: =SUM(H34:H37) -> 68295151 | I41: =SUM(I34:I37) -> 69067527 | J41: =SUM(J34:J37) -> 69177085 | K41: =SUM(K34:K37) -> 72871572 | L41: =SUM(L34:L37) -> 70555986 | M41: =SUM(M34:M37) -> 69109477 | ... DB41: =SUM(DB34:DB37) -> 1.0455543e+08
B42: MWh | C42: Generation | E42: Territories | F42: =SUM(F38:F40) -> 737906.05 | G42: =SUM(G38:G40) -> 776978.44 | H42: =SUM(H38:H40) -> 737984.18 | I42: =SUM(I38:I40) -> 784858.16 | J42: =SUM(J38:J40) -> 833067.15 | K42: =SUM(K38:K40) -> 822078 | L42: =SUM(L38:L40) -> 829843 | M42: =SUM(M38:M40) -> 836740 | ... DB42: =SUM(DB38:DB40) -> 1837898.9
F46: 2000 | G46: 2001 | H46: 2002 | I46: 2003 | J46: 2004 | K46: 2005 | L46: 2006 | M46: 2007 | N46: 2008 | O46: 2009 | P46: 2010 | Q46: 2011 | R46: 2012 | S46: 2013 | T46: 2014 | U46: 2015 | V46: 2016 | W46: 2017 | X46: 2018 | Y46: 2019 | Z46: 2020 | AA46: 2021 | AB46: 2022 | AC46: 2023 | AD46: 2024 | AE46: 2025 | AF46: 2026 | AG46: 2027 | AH46: 2028 | AI46: 2029 | AJ46: 2030 | AK46: 2031 | AL46: 2032 | AM46: 2033 | AN46: 2034 | AO46: 2035 | AP46: 2036 | AQ46: 2037 | AR46: 2038 | AS46: 2039 | AT46: 2040 | AU46: 2041 | AV46: 2042 | AW46: 2043 | AX46: 2044 | AY46: 2045 | AZ46: 2046 | BA46: 2047 | BB46: 2048 | BC46: 2049 | BD46: 2050 | BE46: 2051 | BF46: 2052 | BG46: 2053 | BH46: 2054 | BI46: 2055 | BJ46: 2056 | BK46: 2057 | BL46: 2058 | BM46: 2059 | BN46: 2060 | BO46: 2061 | BP46: 2062 | BQ46: 2063 | BR46: 2064 | BS46: 2065 | BT46: 2066 | BU46: 2067 | BV46: 2068 | BW46: 2069 | BX46: 2070 | BY46: 2071 | BZ46: 2072 | CA46: 2073 | CB46: 2074 | CC46: 2075 | CD46: 2076 | CE46: 2077 | CF46: 2078 | CG46: 2079 | CH46: 2080 | CI46: 2081 | CJ46: 2082 | CK46: 2083 | CL46: 2084 | CM46: 2085 | CN46: 2086 | CO46: 2087 | CP46: 2088 | CQ46: 2089 | CR46: 2090 | CS46: 2091 | CT46: 2092 | CU46: 2093 | CV46: 2094 | CW46: 2095 | CX46: 2096 | CY46: 2097 | CZ46: 2098 | DA46: 2099 | DB46: 2100
A47: https://www.miningandenergy.ca/read/top-active-coal-mines-in-canada | B47: MWh | C47: Generation | E47: Canada | F47: =SUM(F48:F60) -> 5.3683827e+08 | G47: =SUM(G48:G60) -> 5.166062e+08 | H47: =SUM(H48:H60) -> 5.28239e+08 | I47: =SUM(I48:I60) -> 5.1362287e+08 | J47: =SUM(J48:J60) -> 5.2047769e+08 | K47: =SUM(K48:K60) -> 5.5550989e+08 | L47: =SUM(L48:L60) -> 540849140 | M47: =SUM(M48:M60) -> 563825291 | ... DB47: =SUM(DB48:DB60) -> 1.6613746e+09
A48: https://www.miningandenergy.ca/read/top-active-coal-mines-in-canada | B48: MWh | C48: Generation | E48: British Columbia | F48: =F28 -> 54278445 | G48: =G28 -> 42940556 | H48: =H28 -> 51667095 | I48: =I28 -> 49243038 | J48: =J28 -> 46646899 | K48: =K28 -> 54129025 | L48: =L28 -> 48080365 | M48: =M28 -> 57870332 | ... AB48: =AB28 -> 61218504 | AC48: {=AB48*(1+INDEX($AG6:$AH6,_xlfn.XMATCH(AC$46,$AG$5:$AH$5,1)))} -> 62442874 | AD48: {=AC48*(1+INDEX($AG6:$AH6,_xlfn.XMATCH(AD$46,$AG$5:$AH$5,1)))} -> 63691732 | AE48: {=AD48*(1+INDEX($AG6:$AH6,_xlfn.XMATCH(AE$46,$AG$5:$AH$5,1)))} -> 64965566 | AF48: {=AE48*(1+INDEX($AG6:$AH6,_xlfn.XMATCH(AF$46,$AG$5:$AH$5,1)))} -> 66264878 | AG48: {=AF48*(1+INDEX($AG6:$AH6,_xlfn.XMATCH(AG$46,$AG$5:$AH$5,1)))} -> 67590175 | AH48: {=AG48*(1+INDEX($AG6:$AH6,_xlfn.XMATCH(AH$46,$AG$5:$AH$5,1)))} -> 68941979 | AI48: {=AH48*(1+INDEX($AG6:$AH6,_xlfn.XMATCH(AI$46,$AG$5:$AH$5,1)))} -> 70320818 | AJ48: {=AI48*(1+INDEX($AG6:$AH6,_xlfn.XMATCH(AJ$46,$AG$5:$AH$5,1)))} -> 71727235 | ... DB48: {=DA48*(1+INDEX($AG6:$AH6,_xlfn.XMATCH(DB$46,$AG$5:$AH$5,1)))} -> 1.7528962e+08
B49: MWh | C49: Generation | E49: Alberta | F49: =F29 -> 53054608 | G49: =G29 -> 55562516 | H49: =H29 -> 55799950 | I49: =I29 -> 52736224 | J49: =J29 -> 55287239 | K49: =K29 -> 57284484 | L49: =L29 -> 53698678 | M49: =M29 -> 55267130 | ... AB49: =AB29 -> 53179994 | AC49: {=AB49*(1+INDEX($AG7:$AH7,_xlfn.XMATCH(AC$46,$AG$5:$AH$5,1)))} -> 54243594 | AD49: {=AC49*(1+INDEX($AG7:$AH7,_xlfn.XMATCH(AD$46,$AG$5:$AH$5,1)))} -> 55328466 | AE49: {=AD49*(1+INDEX($AG7:$AH7,_xlfn.XMATCH(AE$46,$AG$5:$AH$5,1)))} -> 56435035 | AF49: {=AE49*(1+INDEX($AG7:$AH7,_xlfn.XMATCH(AF$46,$AG$5:$AH$5,1)))} -> 57563736 | AG49: {=AF49*(1+INDEX($AG7:$AH7,_xlfn.XMATCH(AG$46,$AG$5:$AH$5,1)))} -> 58715010 | AH49: {=AG49*(1+INDEX($AG7:$AH7,_xlfn.XMATCH(AH$46,$AG$5:$AH$5,1)))} -> 59889311 | AI49: {=AH49*(1+INDEX($AG7:$AH7,_xlfn.XMATCH(AI$46,$AG$5:$AH$5,1)))} -> 61087097 | AJ49: {=AI49*(1+INDEX($AG7:$AH7,_xlfn.XMATCH(AJ$46,$AG$5:$AH$5,1)))} -> 62308839 | ... DB49: {=DA49*(1+INDEX($AG7:$AH7,_xlfn.XMATCH(DB$46,$AG$5:$AH$5,1)))} -> 1.5227261e+08
B50: MWh | C50: Generation | E50: Saskatchewan | F50: =F30 -> 17126819 | G50: =G30 -> 16570760 | H50: =H30 -> 17260767 | I50: =I30 -> 19206192 | J50: =J30 -> 18849906 | K50: =K30 -> 19460443 | L50: =L30 -> 19360727 | M50: =M30 -> 19956191 | ... AB50: =AB30 -> 23492660 | AC50: {=AB50*(1+INDEX($AG8:$AH8,_xlfn.XMATCH(AC$46,$AG$5:$AH$5,1)))} -> 23962513 | AD50: {=AC50*(1+INDEX($AG8:$AH8,_xlfn.XMATCH(AD$46,$AG$5:$AH$5,1)))} -> 24441763 | AE50: {=AD50*(1+INDEX($AG8:$AH8,_xlfn.XMATCH(AE$46,$AG$5:$AH$5,1)))} -> 24930599 | AF50: {=AE50*(1+INDEX($AG8:$AH8,_xlfn.XMATCH(AF$46,$AG$5:$AH$5,1)))} -> 25429211 | AG50: {=AF50*(1+INDEX($AG8:$AH8,_xlfn.XMATCH(AG$46,$AG$5:$AH$5,1)))} -> 25937795 | AH50: {=AG50*(1+INDEX($AG8:$AH8,_xlfn.XMATCH(AH$46,$AG$5:$AH$5,1)))} -> 26456551 | AI50: {=AH50*(1+INDEX($AG8:$AH8,_xlfn.XMATCH(AI$46,$AG$5:$AH$5,1)))} -> 26985682 | AJ50: {=AI50*(1+INDEX($AG8:$AH8,_xlfn.XMATCH(AJ$46,$AG$5:$AH$5,1)))} -> 27525395 | ... DB50: {=DA50*(1+INDEX($AG8:$AH8,_xlfn.XMATCH(DB$46,$AG$5:$AH$5,1)))} -> 67267563
B51: MWh | C51: Generation | E51: Manitoba | F51: =F31 -> 32424901 | G51: =G31 -> 33373490 | H51: =H31 -> 29349439 | I51: =I31 -> 21077263 | J51: =J31 -> 27617841 | K51: =K31 -> 36939873 | L51: =L31 -> 34370292 | M51: =M31 -> 34317353 | ... AB51: =AB31 -> 37751456 | AC51: {=AB51*(1+INDEX($AG9:$AH9,_xlfn.XMATCH(AC$46,$AG$5:$AH$5,1)))} -> 38506485 | AD51: {=AC51*(1+INDEX($AG9:$AH9,_xlfn.XMATCH(AD$46,$AG$5:$AH$5,1)))} -> 39276615 | AE51: {=AD51*(1+INDEX($AG9:$AH9,_xlfn.XMATCH(AE$46,$AG$5:$AH$5,1)))} -> 40062147 | AF51: {=AE51*(1+INDEX($AG9:$AH9,_xlfn.XMATCH(AF$46,$AG$5:$AH$5,1)))} -> 40863390 | AG51: {=AF51*(1+INDEX($AG9:$AH9,_xlfn.XMATCH(AG$46,$AG$5:$AH$5,1)))} -> 41680658 | AH51: {=AG51*(1+INDEX($AG9:$AH9,_xlfn.XMATCH(AH$46,$AG$5:$AH$5,1)))} -> 42514271 | AI51: {=AH51*(1+INDEX($AG9:$AH9,_xlfn.XMATCH(AI$46,$AG$5:$AH$5,1)))} -> 43364556 | AJ51: {=AI51*(1+INDEX($AG9:$AH9,_xlfn.XMATCH(AJ$46,$AG$5:$AH$5,1)))} -> 44231848 | ... DB51: {=DA51*(1+INDEX($AG9:$AH9,_xlfn.XMATCH(DB$46,$AG$5:$AH$5,1)))} -> 1.080954e+08
B52: MWh | C52: Generation | E52: Ontario | F52: =F32 -> 1.4819272e+08 | G52: =G32 -> 1.4783108e+08 | H52: =H32 -> 1.4889048e+08 | I52: =I32 -> 1.4471833e+08 | J52: =J32 -> 1.5005511e+08 | K52: =K32 -> 153455154 | L52: =L32 -> 154936512 | M52: =M32 -> 154256798 | ... AB52: =AB32 -> 145923645 | AC52: {=AB52*(1+INDEX($AG10:$AH10,_xlfn.XMATCH(AC$46,$AG$5:$AH$5,1)))} -> 1.4884212e+08 | AD52: {=AC52*(1+INDEX($AG10:$AH10,_xlfn.XMATCH(AD$46,$AG$5:$AH$5,1)))} -> 1.5181896e+08 | AE52: {=AD52*(1+INDEX($AG10:$AH10,_xlfn.XMATCH(AE$46,$AG$5:$AH$5,1)))} -> 1.5485534e+08 | AF52: {=AE52*(1+INDEX($AG10:$AH10,_xlfn.XMATCH(AF$46,$AG$5:$AH$5,1)))} -> 1.5795245e+08 | AG52: {=AF52*(1+INDEX($AG10:$AH10,_xlfn.XMATCH(AG$46,$AG$5:$AH$5,1)))} -> 1.611115e+08 | AH52: {=AG52*(1+INDEX($AG10:$AH10,_xlfn.XMATCH(AH$46,$AG$5:$AH$5,1)))} -> 1.6433373e+08 | AI52: {=AH52*(1+INDEX($AG10:$AH10,_xlfn.XMATCH(AI$46,$AG$5:$AH$5,1)))} -> 1.676204e+08 | AJ52: {=AI52*(1+INDEX($AG10:$AH10,_xlfn.XMATCH(AJ$46,$AG$5:$AH$5,1)))} -> 1.7097281e+08 | ... DB52: {=DA52*(1+INDEX($AG10:$AH10,_xlfn.XMATCH(DB$46,$AG$5:$AH$5,1)))} -> 4.1782957e+08
B53: MWh | C53: Generation | E53: Quebec | F53: =F33 -> 1.5929265e+08 | G53: =G33 -> 1.507175e+08 | H53: =H33 -> 1.5623812e+08 | I53: =I33 -> 1.5678944e+08 | J53: =J33 -> 1.5201054e+08 | K53: =K33 -> 1.6054726e+08 | L53: =L33 -> 159016737 | M53: =M33 -> 172211270 | ... AB53: =AB33 -> 195905713 | AC53: {=AB53*(1+INDEX($AG11:$AH11,_xlfn.XMATCH(AC$46,$AG$5:$AH$5,1)))} -> 1.9982383e+08 | AD53: {=AC53*(1+INDEX($AG11:$AH11,_xlfn.XMATCH(AD$46,$AG$5:$AH$5,1)))} -> 2.038203e+08 | AE53: {=AD53*(1+INDEX($AG11:$AH11,_xlfn.XMATCH(AE$46,$AG$5:$AH$5,1)))} -> 2.0789671e+08 | AF53: {=AE53*(1+INDEX($AG11:$AH11,_xlfn.XMATCH(AF$46,$AG$5:$AH$5,1)))} -> 2.1205464e+08 | AG53: {=AF53*(1+INDEX($AG11:$AH11,_xlfn.XMATCH(AG$46,$AG$5:$AH$5,1)))} -> 2.1629574e+08 | AH53: {=AG53*(1+INDEX($AG11:$AH11,_xlfn.XMATCH(AH$46,$AG$5:$AH$5,1)))} -> 2.2062165e+08 | AI53: {=AH53*(1+INDEX($AG11:$AH11,_xlfn.XMATCH(AI$46,$AG$5:$AH$5,1)))} -> 2.2503408e+08 | AJ53: {=AI53*(1+INDEX($AG11:$AH11,_xlfn.XMATCH(AJ$46,$AG$5:$AH$5,1)))} -> 2.2953477e+08 | ... DB53: {=DA53*(1+INDEX($AG11:$AH11,_xlfn.XMATCH(DB$46,$AG$5:$AH$5,1)))} -> 5.6094541e+08
B54: MWh | C54: Generation | E54: New Brunswick | F54: =F34 -> 17540499 | G54: =G34 -> 18629149 | H54: =H34 -> 16566466 | I54: =I34 -> 18063541 | J54: =J34 -> 18724425 | K54: =K34 -> 20294552 | L54: =L34 -> 17495374 | M54: =M34 -> 16283968 | ... AB54: =AB34 -> 11926455 | AC54: {=AB54*(1+INDEX($AG12:$AH12,_xlfn.XMATCH(AC$46,$AG$5:$AH$5,1)))} -> 12164984 | AD54: {=AC54*(1+INDEX($AG12:$AH12,_xlfn.XMATCH(AD$46,$AG$5:$AH$5,1)))} -> 12408284 | AE54: {=AD54*(1+INDEX($AG12:$AH12,_xlfn.XMATCH(AE$46,$AG$5:$AH$5,1)))} -> 12656449 | AF54: {=AE54*(1+INDEX($AG12:$AH12,_xlfn.XMATCH(AF$46,$AG$5:$AH$5,1)))} -> 12909578 | AG54: {=AF54*(1+INDEX($AG12:$AH12,_xlfn.XMATCH(AG$46,$AG$5:$AH$5,1)))} -> 13167770 | AH54: {=AG54*(1+INDEX($AG12:$AH12,_xlfn.XMATCH(AH$46,$AG$5:$AH$5,1)))} -> 13431125 | AI54: {=AH54*(1+INDEX($AG12:$AH12,_xlfn.XMATCH(AI$46,$AG$5:$AH$5,1)))} -> 13699748 | AJ54: {=AI54*(1+INDEX($AG12:$AH12,_xlfn.XMATCH(AJ$46,$AG$5:$AH$5,1)))} -> 13973743 | ... DB54: {=DA54*(1+INDEX($AG12:$AH12,_xlfn.XMATCH(DB$46,$AG$5:$AH$5,1)))} -> 34149541
B55: MWh | C55: Generation | E55: Nova Scotia | F55: =F35 -> 11380405 | G55: =G35 -> 9741655.8 | H55: =H35 -> 8313383.6 | I55: =I35 -> 9742238.1 | J55: =J35 -> 9826507.5 | K55: =K35 -> 12208535 | L55: =L35 -> 11213485 | M55: =M35 -> 12337083 | ... AB55: =AB35 -> 8780282 | AC55: {=AB55*(1+INDEX($AG13:$AH13,_xlfn.XMATCH(AC$46,$AG$5:$AH$5,1)))} -> 8955887.6 | AD55: {=AC55*(1+INDEX($AG13:$AH13,_xlfn.XMATCH(AD$46,$AG$5:$AH$5,1)))} -> 9135005.4 | AE55: {=AD55*(1+INDEX($AG13:$AH13,_xlfn.XMATCH(AE$46,$AG$5:$AH$5,1)))} -> 9317705.5 | AF55: {=AE55*(1+INDEX($AG13:$AH13,_xlfn.XMATCH(AF$46,$AG$5:$AH$5,1)))} -> 9504059.6 | AG55: {=AF55*(1+INDEX($AG13:$AH13,_xlfn.XMATCH(AG$46,$AG$5:$AH$5,1)))} -> 9694140.8 | AH55: {=AG55*(1+INDEX($AG13:$AH13,_xlfn.XMATCH(AH$46,$AG$5:$AH$5,1)))} -> 9888023.6 | AI55: {=AH55*(1+INDEX($AG13:$AH13,_xlfn.XMATCH(AI$46,$AG$5:$AH$5,1)))} -> 10085784 | AJ55: {=AI55*(1+INDEX($AG13:$AH13,_xlfn.XMATCH(AJ$46,$AG$5:$AH$5,1)))} -> 10287500 | ... DB55: {=DA55*(1+INDEX($AG13:$AH13,_xlfn.XMATCH(DB$46,$AG$5:$AH$5,1)))} -> 25140966
B56: MWh | C56: Generation | E56: Prince Edward Island | F56: =F36 -> 54078.453 | G56: =G36 -> 54883.373 | H56: =H36 -> 32257.182 | I56: =I36 -> 62477.402 | J56: =J36 -> 35462.92 | K56: =K36 -> 46417 | L56: =L36 -> 43777 | M56: =M36 -> 44732 | ... AB56: =AB36 -> 529072 | AC56: {=AB56*(1+INDEX($AG14:$AH14,_xlfn.XMATCH(AC$46,$AG$5:$AH$5,1)))} -> 539653.44 | AD56: {=AC56*(1+INDEX($AG14:$AH14,_xlfn.XMATCH(AD$46,$AG$5:$AH$5,1)))} -> 550446.51 | AE56: {=AD56*(1+INDEX($AG14:$AH14,_xlfn.XMATCH(AE$46,$AG$5:$AH$5,1)))} -> 561455.44 | AF56: {=AE56*(1+INDEX($AG14:$AH14,_xlfn.XMATCH(AF$46,$AG$5:$AH$5,1)))} -> 572684.55 | AG56: {=AF56*(1+INDEX($AG14:$AH14,_xlfn.XMATCH(AG$46,$AG$5:$AH$5,1)))} -> 584138.24 | AH56: {=AG56*(1+INDEX($AG14:$AH14,_xlfn.XMATCH(AH$46,$AG$5:$AH$5,1)))} -> 595821 | AI56: {=AH56*(1+INDEX($AG14:$AH14,_xlfn.XMATCH(AI$46,$AG$5:$AH$5,1)))} -> 607737.42 | AJ56: {=AI56*(1+INDEX($AG14:$AH14,_xlfn.XMATCH(AJ$46,$AG$5:$AH$5,1)))} -> 619892.17 | ... DB56: {=DA56*(1+INDEX($AG14:$AH14,_xlfn.XMATCH(DB$46,$AG$5:$AH$5,1)))} -> 1514915
B57: MWh | C57: Generation | E57: Newfoundland and Labrador | F57: =F37 -> 42755239 | G57: =G37 -> 40407630 | H57: =H37 -> 43383044 | I57: =I37 -> 41199271 | J57: =J37 -> 40590690 | K57: =K37 -> 40322068 | L57: =L37 -> 41803350 | M57: =M37 -> 40443694 | ... AB57: =AB37 -> 40430086 | AC57: {=AB57*(1+INDEX($AG15:$AH15,_xlfn.XMATCH(AC$46,$AG$5:$AH$5,1)))} -> 41238688 | AD57: {=AC57*(1+INDEX($AG15:$AH15,_xlfn.XMATCH(AD$46,$AG$5:$AH$5,1)))} -> 42063461 | AE57: {=AD57*(1+INDEX($AG15:$AH15,_xlfn.XMATCH(AE$46,$AG$5:$AH$5,1)))} -> 42904731 | AF57: {=AE57*(1+INDEX($AG15:$AH15,_xlfn.XMATCH(AF$46,$AG$5:$AH$5,1)))} -> 43762825 | AG57: {=AF57*(1+INDEX($AG15:$AH15,_xlfn.XMATCH(AG$46,$AG$5:$AH$5,1)))} -> 44638082 | AH57: {=AG57*(1+INDEX($AG15:$AH15,_xlfn.XMATCH(AH$46,$AG$5:$AH$5,1)))} -> 45530843 | AI57: {=AH57*(1+INDEX($AG15:$AH15,_xlfn.XMATCH(AI$46,$AG$5:$AH$5,1)))} -> 46441460 | AJ57: {=AI57*(1+INDEX($AG15:$AH15,_xlfn.XMATCH(AJ$46,$AG$5:$AH$5,1)))} -> 47370290 | ... DB57: {=DA57*(1+INDEX($AG15:$AH15,_xlfn.XMATCH(DB$46,$AG$5:$AH$5,1)))} -> 1.1576524e+08
B58: MWh | C58: Generation | E58: Yukon | F58: =F38 -> 296253.05 | G58: =G38 -> 300926.45 | H58: =H38 -> 312432.19 | I58: =I38 -> 320512.16 | J58: =J38 -> 329141.15 | K58: =K38 -> 343749 | L58: =L38 -> 359031 | M58: =M38 -> 354694 | ... AB58: =AB38 -> 570065 | AC58: {=AB58*(1+INDEX($AG16:$AH16,_xlfn.XMATCH(AC$46,$AG$5:$AH$5,1)))} -> 581466.3 | AD58: {=AC58*(1+INDEX($AG16:$AH16,_xlfn.XMATCH(AD$46,$AG$5:$AH$5,1)))} -> 593095.63 | AE58: {=AD58*(1+INDEX($AG16:$AH16,_xlfn.XMATCH(AE$46,$AG$5:$AH$5,1)))} -> 604957.54 | AF58: {=AE58*(1+INDEX($AG16:$AH16,_xlfn.XMATCH(AF$46,$AG$5:$AH$5,1)))} -> 617056.69 | AG58: {=AF58*(1+INDEX($AG16:$AH16,_xlfn.XMATCH(AG$46,$AG$5:$AH$5,1)))} -> 629397.82 | AH58: {=AG58*(1+INDEX($AG16:$AH16,_xlfn.XMATCH(AH$46,$AG$5:$AH$5,1)))} -> 641985.78 | AI58: {=AH58*(1+INDEX($AG16:$AH16,_xlfn.XMATCH(AI$46,$AG$5:$AH$5,1)))} -> 654825.5 | AJ58: {=AI58*(1+INDEX($AG16:$AH16,_xlfn.XMATCH(AJ$46,$AG$5:$AH$5,1)))} -> 667922.01 | ... DB58: {=DA58*(1+INDEX($AG16:$AH16,_xlfn.XMATCH(DB$46,$AG$5:$AH$5,1)))} -> 1632292.1
B59: MWh | C59: Generation | E59: Northwest Territories | F59: =F39 -> 441653 | G59: =G39 -> 476052 | H59: =H39 -> 425552 | I59: =I39 -> 464346 | J59: =J39 -> 364481 | K59: =K39 -> 336684 | L59: =L39 -> 326103 | M59: =M39 -> 333165 | ... AB59: =AB39 -> 321729 | AC59: {=AB59*(1+INDEX($AG17:$AH17,_xlfn.XMATCH(AC$46,$AG$5:$AH$5,1)))} -> 328163.58 | AD59: {=AC59*(1+INDEX($AG17:$AH17,_xlfn.XMATCH(AD$46,$AG$5:$AH$5,1)))} -> 334726.85 | AE59: {=AD59*(1+INDEX($AG17:$AH17,_xlfn.XMATCH(AE$46,$AG$5:$AH$5,1)))} -> 341421.39 | AF59: {=AE59*(1+INDEX($AG17:$AH17,_xlfn.XMATCH(AF$46,$AG$5:$AH$5,1)))} -> 348249.82 | AG59: {=AF59*(1+INDEX($AG17:$AH17,_xlfn.XMATCH(AG$46,$AG$5:$AH$5,1)))} -> 355214.81 | AH59: {=AG59*(1+INDEX($AG17:$AH17,_xlfn.XMATCH(AH$46,$AG$5:$AH$5,1)))} -> 362319.11 | AI59: {=AH59*(1+INDEX($AG17:$AH17,_xlfn.XMATCH(AI$46,$AG$5:$AH$5,1)))} -> 369565.49 | AJ59: {=AI59*(1+INDEX($AG17:$AH17,_xlfn.XMATCH(AJ$46,$AG$5:$AH$5,1)))} -> 376956.8 | ... DB59: {=DA59*(1+INDEX($AG17:$AH17,_xlfn.XMATCH(DB$46,$AG$5:$AH$5,1)))} -> 921220.74
B60: MWh | C60: Generation | E60: Nunavut | F60: =F40 -> 0 | G60: =G40 -> 0 | H60: =H40 -> 0 | I60: =I40 -> 0 | J60: =J40 -> 139445 | K60: =K40 -> 141645 | L60: =L40 -> 144709 | M60: =M40 -> 148881 | ... AB60: =AB40 -> 192183 | AC60: {=AB60*(1+INDEX($AG18:$AH18,_xlfn.XMATCH(AC$46,$AG$5:$AH$5,1)))} -> 196026.66 | AD60: {=AC60*(1+INDEX($AG18:$AH18,_xlfn.XMATCH(AD$46,$AG$5:$AH$5,1)))} -> 199947.19 | AE60: {=AD60*(1+INDEX($AG18:$AH18,_xlfn.XMATCH(AE$46,$AG$5:$AH$5,1)))} -> 203946.14 | AF60: {=AE60*(1+INDEX($AG18:$AH18,_xlfn.XMATCH(AF$46,$AG$5:$AH$5,1)))} -> 208025.06 | AG60: {=AF60*(1+INDEX($AG18:$AH18,_xlfn.XMATCH(AG$46,$AG$5:$AH$5,1)))} -> 212185.56 | AH60: {=AG60*(1+INDEX($AG18:$AH18,_xlfn.XMATCH(AH$46,$AG$5:$AH$5,1)))} -> 216429.27 | AI60: {=AH60*(1+INDEX($AG18:$AH18,_xlfn.XMATCH(AI$46,$AG$5:$AH$5,1)))} -> 220757.86 | AJ60: {=AI60*(1+INDEX($AG18:$AH18,_xlfn.XMATCH(AJ$46,$AG$5:$AH$5,1)))} -> 225173.01 | ... DB60: {=DA60*(1+INDEX($AG18:$AH18,_xlfn.XMATCH(DB$46,$AG$5:$AH$5,1)))} -> 550286
B61: MWh | C61: Generation | E61: Atlantic | F61: =SUM(F54:F57) -> 71730221 | G61: =SUM(G54:G57) -> 68833318 | H61: =SUM(H54:H57) -> 68295151 | I61: =SUM(I54:I57) -> 69067527 | J61: =SUM(J54:J57) -> 69177085 | K61: =SUM(K54:K57) -> 72871572 | L61: =SUM(L54:L57) -> 70555986 | M61: =SUM(M54:M57) -> 69109477 | ... DB61: =SUM(DB54:DB57) -> 1.7657066e+08
B62: MWh | C62: Generation | E62: Territories | F62: =SUM(F58:F60) -> 737906.05 | G62: =SUM(G58:G60) -> 776978.44 | H62: =SUM(H58:H60) -> 737984.18 | I62: =SUM(I58:I60) -> 784858.16 | J62: =SUM(J58:J60) -> 833067.15 | K62: =SUM(K58:K60) -> 822078 | L62: =SUM(L58:L60) -> 829843 | M62: =SUM(M58:M60) -> 836740 | ... DB62: =SUM(DB58:DB60) -> 3103798.8
