Workbook
Name CH4_GJ: #REF!
Name CO2_GJ: #REF!
Name CoeffIndex: #REF!
Name CoeffYear: #REF!
Name Competition: #REF!:INDEX(#REF!,COUNTA(#REF!))
Name Deflator_JCIMS: #REF!
Name Fuel: #REF!:INDEX(#REF!,COUNTA(#REF!))
Name Fuel_JCIMS: #REF!:INDEX(#REF!,COUNTA(#REF!))
Name FuelCheck_JCIMS: #REF!
Name FuelMult_JCIMS: #REF!
Name FuelMult_JCIMS_Index: #REF!
Name FuelMultiplier_JCIMS: #REF!
Name FuelMultiplier_JCIMS_Index: #REF!
Name FuelPrices_CER: #REF!
Name FuelPrices_CER_Index: #REF!
Name FuelPrices_JCIMS: #REF!
Name FuelPrices_JCIMS_Index: #REF!
Name FuelPrices_pyCIMS: #REF!
Name FuelPrices_pyCIMS_Index: #REF!
Name gal_per_bbl: #REF!
Name GHG: #REF!:INDEX(#REF!,COUNTA(#REF!))
Name GHG_JCIMS: #REF!:INDEX(#REF!,COUNTA(#REF!))
Name GJ_per_MMBtu: #REF!
Name GJ_per_MWh: #REF!
Name l_per_gal: #REF!
Name N2O_GJ: #REF!
Name Node: #REF!:INDEX(#REF!,COUNTA(#REF!))
Name Region: #REF!:INDEX(#REF!,COUNTA(#REF!))
Name Scraped_codemap: #REF!
Name Scraped_data: #REF!
Name Scraped_first: #REF!
Name Scraped_index: #REF!
Name Scraped_last: #REF!
Name Scraped_NOx: #REF!
Name Scraped_PM10: #REF!
Name Scraped_SOx: #REF!
Name Sector: #REF!:INDEX(#REF!,COUNTA(#REF!))
Name Sector_JCIMS: #REF!:INDEX(#REF!,COUNTA(#REF!))
Name Tree_JCIMS: #REF!
Name Tree_pyCIMS: #REF!
Name Year: #REF!

Sheet Price Multiplier
B1: Category | C1: Region | D1: Sector | E1: Fuel | F1: Unit | I1: Source | J1: 2000 | K1: 2005 | L1: 2010 | M1: 2015 | N1: 2020 | O1: 2025 | P1: 2030 | Q1: 2035 | R1: 2040 | S1: 2045 | T1: 2050 | V1: Links in this workbook do NOT auto update!!!
F2: Year | G2: Currency | H2: Commodity
B3: pyCIMS
C4: Alberta | D4: Agriculture | E4: Biodiesel | F4: 2005 | G4: CAD | H4: GJ | I4: JCIMS | J4: =IF(JCIMS!J4>=0,JCIMS!J4/INDEX(CIMS!J$4:J$41,MATCH($C4&$E4,CIMS!$W$4:$W$41,0)),1) -> 1.1868954 | K4: =IF(JCIMS!K4>=0,JCIMS!K4/INDEX(CIMS!K$4:K$41,MATCH($C4&$E4,CIMS!$W$4:$W$41,0)),1) -> 1.4689607 | L4: =IF(JCIMS!L4>=0,JCIMS!L4/INDEX(CIMS!L$4:L$41,MATCH($C4&$E4,CIMS!$W$4:$W$41,0)),1) -> 1.880258 | M4: =IF(JCIMS!M4>=0,JCIMS!M4/INDEX(CIMS!M$4:M$41,MATCH($C4&$E4,CIMS!$W$4:$W$41,0)),1) -> 2.0992134 | N4: =IF(JCIMS!N4>=0,JCIMS!N4/INDEX(CIMS!N$4:N$41,MATCH($C4&$E4,CIMS!$W$4:$W$41,0)),1) -> 2.2031115 | O4: =IF(JCIMS!O4>=0,JCIMS!O4/INDEX(CIMS!O$4:O$41,MATCH($C4&$E4,CIMS!$W$4:$W$41,0)),1) -> 2.9053912 | P4: =IF(JCIMS!P4>=0,JCIMS!P4/INDEX(CIMS!P$4:P$41,MATCH($C4&$E4,CIMS!$W$4:$W$41,0)),1) -> 2.7829301 | Q4: =IF(JCIMS!Q4>=0,JCIMS!Q4/INDEX(CIMS!Q$4:Q$41,MATCH($C4&$E4,CIMS!$W$4:$W$41,0)),1) -> 2.6695271 | ... T4: =IF(JCIMS!T4>=0,JCIMS!T4/INDEX(CIMS!T$4:T$41,MATCH($C4&$E4,CIMS!$W$4:$W$41,0)),1) -> 2.5612593 | V4: =C4&D4&E4 -> AlbertaAgricultureBiodiesel
C5: Alberta | D5: Agriculture | E5: Electricity | F5: 2005 | G5: CAD | H5: GJ | I5: JCIMS | J5: =IF(JCIMS!J5>=0,JCIMS!J5/INDEX(CIMS!J$4:J$41,MATCH($C5&$E5,CIMS!$W$4:$W$41,0)),1) -> 1.4051183 | K5: =IF(JCIMS!K5>=0,JCIMS!K5/INDEX(CIMS!K$4:K$41,MATCH($C5&$E5,CIMS!$W$4:$W$41,0)),1) -> 1.5973077 | L5: =IF(JCIMS!L5>=0,JCIMS!L5/INDEX(CIMS!L$4:L$41,MATCH($C5&$E5,CIMS!$W$4:$W$41,0)),1) -> 1.0587142 | M5: =IF(JCIMS!M5>=0,JCIMS!M5/INDEX(CIMS!M$4:M$41,MATCH($C5&$E5,CIMS!$W$4:$W$41,0)),1) -> 1.6976859 | N5: =IF(JCIMS!N5>=0,JCIMS!N5/INDEX(CIMS!N$4:N$41,MATCH($C5&$E5,CIMS!$W$4:$W$41,0)),1) -> 1.5115374 | O5: =IF(JCIMS!O5>=0,JCIMS!O5/INDEX(CIMS!O$4:O$41,MATCH($C5&$E5,CIMS!$W$4:$W$41,0)),1) -> 1.5905143 | P5: =IF(JCIMS!P5>=0,JCIMS!P5/INDEX(CIMS!P$4:P$41,MATCH($C5&$E5,CIMS!$W$4:$W$41,0)),1) -> 1.7373186 | Q5: =IF(JCIMS!Q5>=0,JCIMS!Q5/INDEX(CIMS!Q$4:Q$41,MATCH($C5&$E5,CIMS!$W$4:$W$41,0)),1) -> 1.5983 | ... T5: =IF(JCIMS!T5>=0,JCIMS!T5/INDEX(CIMS!T$4:T$41,MATCH($C5&$E5,CIMS!$W$4:$W$41,0)),1) -> 1.2628374 | V5: =C5&D5&E5 -> AlbertaAgricultureElectricity
C6: Alberta | D6: Agriculture | E6: Ethanol | F6: 2005 | G6: CAD | H6: GJ | I6: JCIMS | J6: =IF(JCIMS!J6>=0,JCIMS!J6/INDEX(CIMS!J$4:J$41,MATCH($C6&$E6,CIMS!$W$4:$W$41,0)),1) -> 1 | K6: =IF(JCIMS!K6>=0,JCIMS!K6/INDEX(CIMS!K$4:K$41,MATCH($C6&$E6,CIMS!$W$4:$W$41,0)),1) -> 1 | L6: =IF(JCIMS!L6>=0,JCIMS!L6/INDEX(CIMS!L$4:L$41,MATCH($C6&$E6,CIMS!$W$4:$W$41,0)),1) -> 1 | M6: =IF(JCIMS!M6>=0,JCIMS!M6/INDEX(CIMS!M$4:M$41,MATCH($C6&$E6,CIMS!$W$4:$W$41,0)),1) -> 1 | N6: =IF(JCIMS!N6>=0,JCIMS!N6/INDEX(CIMS!N$4:N$41,MATCH($C6&$E6,CIMS!$W$4:$W$41,0)),1) -> 1 | O6: =IF(JCIMS!O6>=0,JCIMS!O6/INDEX(CIMS!O$4:O$41,MATCH($C6&$E6,CIMS!$W$4:$W$41,0)),1) -> 1 | P6: =IF(JCIMS!P6>=0,JCIMS!P6/INDEX(CIMS!P$4:P$41,MATCH($C6&$E6,CIMS!$W$4:$W$41,0)),1) -> 1 | Q6: =IF(JCIMS!Q6>=0,JCIMS!Q6/INDEX(CIMS!Q$4:Q$41,MATCH($C6&$E6,CIMS!$W$4:$W$41,0)),1) -> 1 | ... T6: =IF(JCIMS!T6>=0,JCIMS!T6/INDEX(CIMS!T$4:T$41,MATCH($C6&$E6,CIMS!$W$4:$W$41,0)),1) -> 1 | V6: =C6&D6&E6 -> AlbertaAgricultureEthanol | AA6: P&P solid biomass
C7: Alberta | D7: Agriculture | E7: Jet Fuel | F7: 2005 | G7: CAD | H7: GJ | I7: JCIMS | J7: =IF(JCIMS!J7>=0,JCIMS!J7/INDEX(CIMS!J$4:J$41,MATCH("Generic Fuels"&$E7,CIMS!$W$4:$W$41,0)),1) -> 1 | K7: =IF(JCIMS!K7>=0,JCIMS!K7/INDEX(CIMS!K$4:K$41,MATCH("Generic Fuels"&$E7,CIMS!$W$4:$W$41,0)),1) -> 1 | L7: =IF(JCIMS!L7>=0,JCIMS!L7/INDEX(CIMS!L$4:L$41,MATCH("Generic Fuels"&$E7,CIMS!$W$4:$W$41,0)),1) -> 1 | M7: =IF(JCIMS!M7>=0,JCIMS!M7/INDEX(CIMS!M$4:M$41,MATCH("Generic Fuels"&$E7,CIMS!$W$4:$W$41,0)),1) -> 1 | N7: =IF(JCIMS!N7>=0,JCIMS!N7/INDEX(CIMS!N$4:N$41,MATCH("Generic Fuels"&$E7,CIMS!$W$4:$W$41,0)),1) -> 1 | O7: =IF(JCIMS!O7>=0,JCIMS!O7/INDEX(CIMS!O$4:O$41,MATCH("Generic Fuels"&$E7,CIMS!$W$4:$W$41,0)),1) -> 1 | P7: =IF(JCIMS!P7>=0,JCIMS!P7/INDEX(CIMS!P$4:P$41,MATCH("Generic Fuels"&$E7,CIMS!$W$4:$W$41,0)),1) -> 1 | Q7: =IF(JCIMS!Q7>=0,JCIMS!Q7/INDEX(CIMS!Q$4:Q$41,MATCH("Generic Fuels"&$E7,CIMS!$W$4:$W$41,0)),1) -> 1 | ... T7: =IF(JCIMS!T7>=0,JCIMS!T7/INDEX(CIMS!T$4:T$41,MATCH("Generic Fuels"&$E7,CIMS!$W$4:$W$41,0)),1) -> 1 | V7: =C7&D7&E7 -> AlbertaAgricultureJet Fuel
C8: Alberta | D8: Agriculture | E8: Black Liquor | F8: 2005 | G8: CAD | H8: GJ | I8: JCIMS | J8: =IF(JCIMS!J8>=0,JCIMS!J8/INDEX(CIMS!J$4:J$41,MATCH("Generic Fuels"&$E8,CIMS!$W$4:$W$41,0)),1) -> 1 | K8: =IF(JCIMS!K8>=0,JCIMS!K8/INDEX(CIMS!K$4:K$41,MATCH("Generic Fuels"&$E8,CIMS!$W$4:$W$41,0)),1) -> 1 | L8: =IF(JCIMS!L8>=0,JCIMS!L8/INDEX(CIMS!L$4:L$41,MATCH("Generic Fuels"&$E8,CIMS!$W$4:$W$41,0)),1) -> 1 | M8: =IF(JCIMS!M8>=0,JCIMS!M8/INDEX(CIMS!M$4:M$41,MATCH("Generic Fuels"&$E8,CIMS!$W$4:$W$41,0)),1) -> 1 | N8: =IF(JCIMS!N8>=0,JCIMS!N8/INDEX(CIMS!N$4:N$41,MATCH("Generic Fuels"&$E8,CIMS!$W$4:$W$41,0)),1) -> 1 | O8: =IF(JCIMS!O8>=0,JCIMS!O8/INDEX(CIMS!O$4:O$41,MATCH("Generic Fuels"&$E8,CIMS!$W$4:$W$41,0)),1) -> 1 | P8: =IF(JCIMS!P8>=0,JCIMS!P8/INDEX(CIMS!P$4:P$41,MATCH("Generic Fuels"&$E8,CIMS!$W$4:$W$41,0)),1) -> 1 | Q8: =IF(JCIMS!Q8>=0,JCIMS!Q8/INDEX(CIMS!Q$4:Q$41,MATCH("Generic Fuels"&$E8,CIMS!$W$4:$W$41,0)),1) -> 1 | ... T8: =IF(JCIMS!T8>=0,JCIMS!T8/INDEX(CIMS!T$4:T$41,MATCH("Generic Fuels"&$E8,CIMS!$W$4:$W$41,0)),1) -> 1 | V8: =C8&D8&E8 -> AlbertaAgricultureBlack Liquor
C9: Alberta | D9: Agriculture | E9: Coal | F9: 2005 | G9: CAD | H9: GJ | I9: JCIMS | J9: =IF(JCIMS!J9>=0,JCIMS!J9/INDEX(CIMS!J$4:J$41,MATCH("Generic Fuels"&$E9,CIMS!$W$4:$W$41,0)),1) -> 1 | K9: =IF(JCIMS!K9>=0,JCIMS!K9/INDEX(CIMS!K$4:K$41,MATCH("Generic Fuels"&$E9,CIMS!$W$4:$W$41,0)),1) -> 1 | L9: =IF(JCIMS!L9>=0,JCIMS!L9/INDEX(CIMS!L$4:L$41,MATCH("Generic Fuels"&$E9,CIMS!$W$4:$W$41,0)),1) -> 1 | M9: =IF(JCIMS!M9>=0,JCIMS!M9/INDEX(CIMS!M$4:M$41,MATCH("Generic Fuels"&$E9,CIMS!$W$4:$W$41,0)),1) -> 1 | N9: =IF(JCIMS!N9>=0,JCIMS!N9/INDEX(CIMS!N$4:N$41,MATCH("Generic Fuels"&$E9,CIMS!$W$4:$W$41,0)),1) -> 1 | O9: =IF(JCIMS!O9>=0,JCIMS!O9/INDEX(CIMS!O$4:O$41,MATCH("Generic Fuels"&$E9,CIMS!$W$4:$W$41,0)),1) -> 1 | P9: =IF(JCIMS!P9>=0,JCIMS!P9/INDEX(CIMS!P$4:P$41,MATCH("Generic Fuels"&$E9,CIMS!$W$4:$W$41,0)),1) -> 1 | Q9: =IF(JCIMS!Q9>=0,JCIMS!Q9/INDEX(CIMS!Q$4:Q$41,MATCH("Generic Fuels"&$E9,CIMS!$W$4:$W$41,0)),1) -> 1 | ... T9: =IF(JCIMS!T9>=0,JCIMS!T9/INDEX(CIMS!T$4:T$41,MATCH("Generic Fuels"&$E9,CIMS!$W$4:$W$41,0)),1) -> 1 | V9: =C9&D9&E9 -> AlbertaAgricultureCoal
C10: Alberta | D10: Agriculture | E10: Coke | F10: 2005 | G10: CAD | H10: GJ | I10: JCIMS | J10: =IF(JCIMS!J10>=0,JCIMS!J10/INDEX(CIMS!J$4:J$41,MATCH("Generic Fuels"&$E10,CIMS!$W$4:$W$41,0)),1) -> 1 | K10: =IF(JCIMS!K10>=0,JCIMS!K10/INDEX(CIMS!K$4:K$41,MATCH("Generic Fuels"&$E10,CIMS!$W$4:$W$41,0)),1) -> 1 | L10: =IF(JCIMS!L10>=0,JCIMS!L10/INDEX(CIMS!L$4:L$41,MATCH("Generic Fuels"&$E10,CIMS!$W$4:$W$41,0)),1) -> 1 | M10: =IF(JCIMS!M10>=0,JCIMS!M10/INDEX(CIMS!M$4:M$41,MATCH("Generic Fuels"&$E10,CIMS!$W$4:$W$41,0)),1) -> 1 | N10: =IF(JCIMS!N10>=0,JCIMS!N10/INDEX(CIMS!N$4:N$41,MATCH("Generic Fuels"&$E10,CIMS!$W$4:$W$41,0)),1) -> 1 | O10: =IF(JCIMS!O10>=0,JCIMS!O10/INDEX(CIMS!O$4:O$41,MATCH("Generic Fuels"&$E10,CIMS!$W$4:$W$41,0)),1) -> 1 | P10: =IF(JCIMS!P10>=0,JCIMS!P10/INDEX(CIMS!P$4:P$41,MATCH("Generic Fuels"&$E10,CIMS!$W$4:$W$41,0)),1) -> 1 | Q10: =IF(JCIMS!Q10>=0,JCIMS!Q10/INDEX(CIMS!Q$4:Q$41,MATCH("Generic Fuels"&$E10,CIMS!$W$4:$W$41,0)),1) -> 1 | ... T10: =IF(JCIMS!T10>=0,JCIMS!T10/INDEX(CIMS!T$4:T$41,MATCH("Generic Fuels"&$E10,CIMS!$W$4:$W$41,0)),1) -> 1 | V10: =C10&D10&E10 -> AlbertaAgricultureCoke
C11: Alberta | D11: Agriculture | E11: Diesel | F11: 2005 | G11: CAD | H11: GJ | I11: JCIMS | J11: =IF(JCIMS!J11>=0,JCIMS!J11/INDEX(CIMS!J$4:J$41,MATCH("Generic Fuels"&$E11,CIMS!$W$4:$W$41,0)),1) -> 0.51353593 | K11: =IF(JCIMS!K11>=0,JCIMS!K11/INDEX(CIMS!K$4:K$41,MATCH("Generic Fuels"&$E11,CIMS!$W$4:$W$41,0)),1) -> 0.63580249 | L11: =IF(JCIMS!L11>=0,JCIMS!L11/INDEX(CIMS!L$4:L$41,MATCH("Generic Fuels"&$E11,CIMS!$W$4:$W$41,0)),1) -> 0.94383249 | M11: =IF(JCIMS!M11>=0,JCIMS!M11/INDEX(CIMS!M$4:M$41,MATCH("Generic Fuels"&$E11,CIMS!$W$4:$W$41,0)),1) -> 0.97297638 | N11: =IF(JCIMS!N11>=0,JCIMS!N11/INDEX(CIMS!N$4:N$41,MATCH("Generic Fuels"&$E11,CIMS!$W$4:$W$41,0)),1) -> 1.1398654 | O11: =IF(JCIMS!O11>=0,JCIMS!O11/INDEX(CIMS!O$4:O$41,MATCH("Generic Fuels"&$E11,CIMS!$W$4:$W$41,0)),1) -> 1.264586 | P11: =IF(JCIMS!P11>=0,JCIMS!P11/INDEX(CIMS!P$4:P$41,MATCH("Generic Fuels"&$E11,CIMS!$W$4:$W$41,0)),1) -> 1.3730757 | Q11: =IF(JCIMS!Q11>=0,JCIMS!Q11/INDEX(CIMS!Q$4:Q$41,MATCH("Generic Fuels"&$E11,CIMS!$W$4:$W$41,0)),1) -> 1.4634137 | ... T11: =IF(JCIMS!T11>=0,JCIMS!T11/INDEX(CIMS!T$4:T$41,MATCH("Generic Fuels"&$E11,CIMS!$W$4:$W$41,0)),1) -> 1.555465 | V11: =C11&D11&E11 -> AlbertaAgricultureDiesel
C12: Alberta | D12: Agriculture | E12: Gasoline | F12: 2005 | G12: CAD | H12: GJ | I12: JCIMS | J12: =IF(JCIMS!J12>=0,JCIMS!J12/INDEX(CIMS!J$4:J$41,MATCH("Generic Fuels"&$E12,CIMS!$W$4:$W$41,0)),1) -> 1 | K12: =IF(JCIMS!K12>=0,JCIMS!K12/INDEX(CIMS!K$4:K$41,MATCH("Generic Fuels"&$E12,CIMS!$W$4:$W$41,0)),1) -> 1 | L12: =IF(JCIMS!L12>=0,JCIMS!L12/INDEX(CIMS!L$4:L$41,MATCH("Generic Fuels"&$E12,CIMS!$W$4:$W$41,0)),1) -> 1 | M12: =IF(JCIMS!M12>=0,JCIMS!M12/INDEX(CIMS!M$4:M$41,MATCH("Generic Fuels"&$E12,CIMS!$W$4:$W$41,0)),1) -> 1 | N12: =IF(JCIMS!N12>=0,JCIMS!N12/INDEX(CIMS!N$4:N$41,MATCH("Generic Fuels"&$E12,CIMS!$W$4:$W$41,0)),1) -> 1 | O12: =IF(JCIMS!O12>=0,JCIMS!O12/INDEX(CIMS!O$4:O$41,MATCH("Generic Fuels"&$E12,CIMS!$W$4:$W$41,0)),1) -> 1 | P12: =IF(JCIMS!P12>=0,JCIMS!P12/INDEX(CIMS!P$4:P$41,MATCH("Generic Fuels"&$E12,CIMS!$W$4:$W$41,0)),1) -> 1 | Q12: =IF(JCIMS!Q12>=0,JCIMS!Q12/INDEX(CIMS!Q$4:Q$41,MATCH("Generic Fuels"&$E12,CIMS!$W$4:$W$41,0)),1) -> 1 | ... T12: =IF(JCIMS!T12>=0,JCIMS!T12/INDEX(CIMS!T$4:T$41,MATCH("Generic Fuels"&$E12,CIMS!$W$4:$W$41,0)),1) -> 1 | V12: =C12&D12&E12 -> AlbertaAgricultureGasoline
C13: Alberta | D13: Agriculture | E13: Fuel Oil | F13: 2005 | G13: CAD | H13: GJ | I13: JCIMS | J13: =IF(JCIMS!J13>=0,JCIMS!J13/INDEX(CIMS!J$4:J$41,MATCH("Generic Fuels"&$E13,CIMS!$W$4:$W$41,0)),1) -> 1 | K13: =IF(JCIMS!K13>=0,JCIMS!K13/INDEX(CIMS!K$4:K$41,MATCH("Generic Fuels"&$E13,CIMS!$W$4:$W$41,0)),1) -> 1 | L13: =IF(JCIMS!L13>=0,JCIMS!L13/INDEX(CIMS!L$4:L$41,MATCH("Generic Fuels"&$E13,CIMS!$W$4:$W$41,0)),1) -> 1 | M13: =IF(JCIMS!M13>=0,JCIMS!M13/INDEX(CIMS!M$4:M$41,MATCH("Generic Fuels"&$E13,CIMS!$W$4:$W$41,0)),1) -> 1 | N13: =IF(JCIMS!N13>=0,JCIMS!N13/INDEX(CIMS!N$4:N$41,MATCH("Generic Fuels"&$E13,CIMS!$W$4:$W$41,0)),1) -> 1 | O13: =IF(JCIMS!O13>=0,JCIMS!O13/INDEX(CIMS!O$4:O$41,MATCH("Generic Fuels"&$E13,CIMS!$W$4:$W$41,0)),1) -> 1 | P13: =IF(JCIMS!P13>=0,JCIMS!P13/INDEX(CIMS!P$4:P$41,MATCH("Generic Fuels"&$E13,CIMS!$W$4:$W$41,0)),1) -> 1 | Q13: =IF(JCIMS!Q13>=0,JCIMS!Q13/INDEX(CIMS!Q$4:Q$41,MATCH("Generic Fuels"&$E13,CIMS!$W$4:$W$41,0)),1) -> 1 | ... T13: =IF(JCIMS!T13>=0,JCIMS!T13/INDEX(CIMS!T$4:T$41,MATCH("Generic Fuels"&$E13,CIMS!$W$4:$W$41,0)),1) -> 1 | V13: =C13&D13&E13 -> AlbertaAgricultureFuel Oil
C14: Alberta | D14: Agriculture | E14: Hydrogen | F14: 2005 | G14: CAD | H14: GJ | I14: JCIMS | J14: =IF(JCIMS!J14>=0,JCIMS!J14/INDEX(CIMS!J$4:J$41,MATCH("Generic Fuels"&$E14,CIMS!$W$4:$W$41,0)),1) -> 1 | K14: =IF(JCIMS!K14>=0,JCIMS!K14/INDEX(CIMS!K$4:K$41,MATCH("Generic Fuels"&$E14,CIMS!$W$4:$W$41,0)),1) -> 1 | L14: =IF(JCIMS!L14>=0,JCIMS!L14/INDEX(CIMS!L$4:L$41,MATCH("Generic Fuels"&$E14,CIMS!$W$4:$W$41,0)),1) -> 1 | M14: =IF(JCIMS!M14>=0,JCIMS!M14/INDEX(CIMS!M$4:M$41,MATCH("Generic Fuels"&$E14,CIMS!$W$4:$W$41,0)),1) -> 1 | N14: =IF(JCIMS!N14>=0,JCIMS!N14/INDEX(CIMS!N$4:N$41,MATCH("Generic Fuels"&$E14,CIMS!$W$4:$W$41,0)),1) -> 1 | O14: =IF(JCIMS!O14>=0,JCIMS!O14/INDEX(CIMS!O$4:O$41,MATCH("Generic Fuels"&$E14,CIMS!$W$4:$W$41,0)),1) -> 1 | P14: =IF(JCIMS!P14>=0,JCIMS!P14/INDEX(CIMS!P$4:P$41,MATCH("Generic Fuels"&$E14,CIMS!$W$4:$W$41,0)),1) -> 1 | Q14: =IF(JCIMS!Q14>=0,JCIMS!Q14/INDEX(CIMS!Q$4:Q$41,MATCH("Generic Fuels"&$E14,CIMS!$W$4:$W$41,0)),1) -> 1 | ... T14: =IF(JCIMS!T14>=0,JCIMS!T14/INDEX(CIMS!T$4:T$41,MATCH("Generic Fuels"&$E14,CIMS!$W$4:$W$41,0)),1) -> 1 | V14: =C14&D14&E14 -> AlbertaAgricultureHydrogen
C15: Alberta | D15: Agriculture | E15: Biogas | F15: 2005 | G15: CAD | H15: GJ | I15: JCIMS | J15: =IF(JCIMS!J15>=0,JCIMS!J15/INDEX(CIMS!J$4:J$41,MATCH("Generic Fuels"&$E15,CIMS!$W$4:$W$41,0)),1) -> 1 | K15: =IF(JCIMS!K15>=0,JCIMS!K15/INDEX(CIMS!K$4:K$41,MATCH("Generic Fuels"&$E15,CIMS!$W$4:$W$41,0)),1) -> 1 | L15: =IF(JCIMS!L15>=0,JCIMS!L15/INDEX(CIMS!L$4:L$41,MATCH("Generic Fuels"&$E15,CIMS!$W$4:$W$41,0)),1) -> 1 | M15: =IF(JCIMS!M15>=0,JCIMS!M15/INDEX(CIMS!M$4:M$41,MATCH("Generic Fuels"&$E15,CIMS!$W$4:$W$41,0)),1) -> 1 | N15: =IF(JCIMS!N15>=0,JCIMS!N15/INDEX(CIMS!N$4:N$41,MATCH("Generic Fuels"&$E15,CIMS!$W$4:$W$41,0)),1) -> 1 | O15: =IF(JCIMS!O15>=0,JCIMS!O15/INDEX(CIMS!O$4:O$41,MATCH("Generic Fuels"&$E15,CIMS!$W$4:$W$41,0)),1) -> 1 | P15: =IF(JCIMS!P15>=0,JCIMS!P15/INDEX(CIMS!P$4:P$41,MATCH("Generic Fuels"&$E15,CIMS!$W$4:$W$41,0)),1) -> 1 | Q15: =IF(JCIMS!Q15>=0,JCIMS!Q15/INDEX(CIMS!Q$4:Q$41,MATCH("Generic Fuels"&$E15,CIMS!$W$4:$W$41,0)),1) -> 1 | ... T15: =IF(JCIMS!T15>=0,JCIMS!T15/INDEX(CIMS!T$4:T$41,MATCH("Generic Fuels"&$E15,CIMS!$W$4:$W$41,0)),1) -> 1 | V15: =C15&D15&E15 -> AlbertaAgricultureBiogas
C16: Alberta | D16: Agriculture | E16: LPG | F16: 2005 | G16: CAD | H16: GJ | I16: JCIMS | J16: =IF(JCIMS!J16>=0,JCIMS!J16/INDEX(CIMS!J$4:J$41,MATCH("Generic Fuels"&$E16,CIMS!$W$4:$W$41,0)),1) -> 1 | K16: =IF(JCIMS!K16>=0,JCIMS!K16/INDEX(CIMS!K$4:K$41,MATCH("Generic Fuels"&$E16,CIMS!$W$4:$W$41,0)),1) -> 1 | L16: =IF(JCIMS!L16>=0,JCIMS!L16/INDEX(CIMS!L$4:L$41,MATCH("Generic Fuels"&$E16,CIMS!$W$4:$W$41,0)),1) -> 1 | M16: =IF(JCIMS!M16>=0,JCIMS!M16/INDEX(CIMS!M$4:M$41,MATCH("Generic Fuels"&$E16,CIMS!$W$4:$W$41,0)),1) -> 1 | N16: =IF(JCIMS!N16>=0,JCIMS!N16/INDEX(CIMS!N$4:N$41,MATCH("Generic Fuels"&$E16,CIMS!$W$4:$W$41,0)),1) -> 1 | O16: =IF(JCIMS!O16>=0,JCIMS!O16/INDEX(CIMS!O$4:O$41,MATCH("Generic Fuels"&$E16,CIMS!$W$4:$W$41,0)),1) -> 1 | P16: =IF(JCIMS!P16>=0,JCIMS!P16/INDEX(CIMS!P$4:P$41,MATCH("Generic Fuels"&$E16,CIMS!$W$4:$W$41,0)),1) -> 1 | Q16: =IF(JCIMS!Q16>=0,JCIMS!Q16/INDEX(CIMS!Q$4:Q$41,MATCH("Generic Fuels"&$E16,CIMS!$W$4:$W$41,0)),1) -> 1 | ... T16: =IF(JCIMS!T16>=0,JCIMS!T16/INDEX(CIMS!T$4:T$41,MATCH("Generic Fuels"&$E16,CIMS!$W$4:$W$41,0)),1) -> 1 | V16: =C16&D16&E16 -> AlbertaAgricultureLPG
C17: Alberta | D17: Agriculture | E17: Natural Gas | F17: 2005 | G17: CAD | H17: GJ | I17: JCIMS | J17: =IF(JCIMS!J17>=0,JCIMS!J17/INDEX(CIMS!J$4:J$41,MATCH("Generic Fuels"&$E17,CIMS!$W$4:$W$41,0)),1) -> 1.5163094 | K17: =IF(JCIMS!K17>=0,JCIMS!K17/INDEX(CIMS!K$4:K$41,MATCH("Generic Fuels"&$E17,CIMS!$W$4:$W$41,0)),1) -> 1.1160073 | L17: =IF(JCIMS!L17>=0,JCIMS!L17/INDEX(CIMS!L$4:L$41,MATCH("Generic Fuels"&$E17,CIMS!$W$4:$W$41,0)),1) -> 0.81132676 | M17: =IF(JCIMS!M17>=0,JCIMS!M17/INDEX(CIMS!M$4:M$41,MATCH("Generic Fuels"&$E17,CIMS!$W$4:$W$41,0)),1) -> 0.44280498 | N17: =IF(JCIMS!N17>=0,JCIMS!N17/INDEX(CIMS!N$4:N$41,MATCH("Generic Fuels"&$E17,CIMS!$W$4:$W$41,0)),1) -> 1.9148443 | O17: =IF(JCIMS!O17>=0,JCIMS!O17/INDEX(CIMS!O$4:O$41,MATCH("Generic Fuels"&$E17,CIMS!$W$4:$W$41,0)),1) -> 1.9837531 | P17: =IF(JCIMS!P17>=0,JCIMS!P17/INDEX(CIMS!P$4:P$41,MATCH("Generic Fuels"&$E17,CIMS!$W$4:$W$41,0)),1) -> 2.1434783 | Q17: =IF(JCIMS!Q17>=0,JCIMS!Q17/INDEX(CIMS!Q$4:Q$41,MATCH("Generic Fuels"&$E17,CIMS!$W$4:$W$41,0)),1) -> 2.0033718 | ... T17: =IF(JCIMS!T17>=0,JCIMS!T17/INDEX(CIMS!T$4:T$41,MATCH("Generic Fuels"&$E17,CIMS!$W$4:$W$41,0)),1) -> 1.3318893 | V17: =C17&D17&E17 -> AlbertaAgricultureNatural Gas
C18: Alberta | D18: Agriculture | E18: Petroleum Coke | F18: 2005 | G18: CAD | H18: GJ | I18: JCIMS | J18: =IF(JCIMS!J18>=0,JCIMS!J18/INDEX(CIMS!J$4:J$41,MATCH("Generic Fuels"&$E18,CIMS!$W$4:$W$41,0)),1) -> 1 | K18: =IF(JCIMS!K18>=0,JCIMS!K18/INDEX(CIMS!K$4:K$41,MATCH("Generic Fuels"&$E18,CIMS!$W$4:$W$41,0)),1) -> 1 | L18: =IF(JCIMS!L18>=0,JCIMS!L18/INDEX(CIMS!L$4:L$41,MATCH("Generic Fuels"&$E18,CIMS!$W$4:$W$41,0)),1) -> 1 | M18: =IF(JCIMS!M18>=0,JCIMS!M18/INDEX(CIMS!M$4:M$41,MATCH("Generic Fuels"&$E18,CIMS!$W$4:$W$41,0)),1) -> 1 | N18: =IF(JCIMS!N18>=0,JCIMS!N18/INDEX(CIMS!N$4:N$41,MATCH("Generic Fuels"&$E18,CIMS!$W$4:$W$41,0)),1) -> 1 | O18: =IF(JCIMS!O18>=0,JCIMS!O18/INDEX(CIMS!O$4:O$41,MATCH("Generic Fuels"&$E18,CIMS!$W$4:$W$41,0)),1) -> 1 | P18: =IF(JCIMS!P18>=0,JCIMS!P18/INDEX(CIMS!P$4:P$41,MATCH("Generic Fuels"&$E18,CIMS!$W$4:$W$41,0)),1) -> 1 | Q18: =IF(JCIMS!Q18>=0,JCIMS!Q18/INDEX(CIMS!Q$4:Q$41,MATCH("Generic Fuels"&$E18,CIMS!$W$4:$W$41,0)),1) -> 1 | ... T18: =IF(JCIMS!T18>=0,JCIMS!T18/INDEX(CIMS!T$4:T$41,MATCH("Generic Fuels"&$E18,CIMS!$W$4:$W$41,0)),1) -> 1 | V18: =C18&D18&E18 -> AlbertaAgriculturePetroleum Coke
... C23: Alberta | D23: Agriculture | E23: Solid Biomass | F23: 2005 | G23: CAD | H23: GJ | I23: JCIMS | J23: =IF(JCIMS!J23>=0,JCIMS!J23/INDEX(CIMS!J$4:J$41,MATCH("Generic Fuels"&$E23,CIMS!$W$4:$W$41,0)),1) -> 1 | K23: =IF(JCIMS!K23>=0,JCIMS!K23/INDEX(CIMS!K$4:K$41,MATCH("Generic Fuels"&$E23,CIMS!$W$4:$W$41,0)),1) -> 1 | L23: =IF(JCIMS!L23>=0,JCIMS!L23/INDEX(CIMS!L$4:L$41,MATCH("Generic Fuels"&$E23,CIMS!$W$4:$W$41,0)),1) -> 1 | M23: =IF(JCIMS!M23>=0,JCIMS!M23/INDEX(CIMS!M$4:M$41,MATCH("Generic Fuels"&$E23,CIMS!$W$4:$W$41,0)),1) -> 1 | N23: =IF(JCIMS!N23>=0,JCIMS!N23/INDEX(CIMS!N$4:N$41,MATCH("Generic Fuels"&$E23,CIMS!$W$4:$W$41,0)),1) -> 1 | O23: =IF(JCIMS!O23>=0,JCIMS!O23/INDEX(CIMS!O$4:O$41,MATCH("Generic Fuels"&$E23,CIMS!$W$4:$W$41,0)),1) -> 1 | P23: =IF(JCIMS!P23>=0,JCIMS!P23/INDEX(CIMS!P$4:P$41,MATCH("Generic Fuels"&$E23,CIMS!$W$4:$W$41,0)),1) -> 1 | Q23: =IF(JCIMS!Q23>=0,JCIMS!Q23/INDEX(CIMS!Q$4:Q$41,MATCH("Generic Fuels"&$E23,CIMS!$W$4:$W$41,0)),1) -> 1 | ... T23: =IF(JCIMS!T23>=0,JCIMS!T23/INDEX(CIMS!T$4:T$41,MATCH("Generic Fuels"&$E23,CIMS!$W$4:$W$41,0)),1) -> 1 | V23: =C23&D23&E23 -> AlbertaAgricultureSolid Biomass
C24: Alberta | D24: Biodiesel | E24: Biodiesel | F24: 2005 | G24: CAD | H24: GJ | I24: JCIMS | J24: =IF(JCIMS!J24>=0,JCIMS!J24/INDEX(CIMS!J$4:J$41,MATCH($C24&$E24,CIMS!$W$4:$W$41,0)),1) -> 1.1868954 | K24: =IF(JCIMS!K24>=0,JCIMS!K24/INDEX(CIMS!K$4:K$41,MATCH($C24&$E24,CIMS!$W$4:$W$41,0)),1) -> 1.4689607 | L24: =IF(JCIMS!L24>=0,JCIMS!L24/INDEX(CIMS!L$4:L$41,MATCH($C24&$E24,CIMS!$W$4:$W$41,0)),1) -> 1.880258 | M24: =IF(JCIMS!M24>=0,JCIMS!M24/INDEX(CIMS!M$4:M$41,MATCH($C24&$E24,CIMS!$W$4:$W$41,0)),1) -> 2.0992134 | N24: =IF(JCIMS!N24>=0,JCIMS!N24/INDEX(CIMS!N$4:N$41,MATCH($C24&$E24,CIMS!$W$4:$W$41,0)),1) -> 2.2031115 | O24: =IF(JCIMS!O24>=0,JCIMS!O24/INDEX(CIMS!O$4:O$41,MATCH($C24&$E24,CIMS!$W$4:$W$41,0)),1) -> 2.9053912 | P24: =IF(JCIMS!P24>=0,JCIMS!P24/INDEX(CIMS!P$4:P$41,MATCH($C24&$E24,CIMS!$W$4:$W$41,0)),1) -> 2.7829301 | Q24: =IF(JCIMS!Q24>=0,JCIMS!Q24/INDEX(CIMS!Q$4:Q$41,MATCH($C24&$E24,CIMS!$W$4:$W$41,0)),1) -> 2.6695271 | ... T24: =IF(JCIMS!T24>=0,JCIMS!T24/INDEX(CIMS!T$4:T$41,MATCH($C24&$E24,CIMS!$W$4:$W$41,0)),1) -> 2.5612593 | V24: =C24&D24&E24 -> AlbertaBiodieselBiodiesel
C25: Alberta | D25: Biodiesel | E25: Electricity | F25: 2005 | G25: CAD | H25: GJ | I25: JCIMS | J25: =IF(JCIMS!J25>=0,JCIMS!J25/INDEX(CIMS!J$4:J$41,MATCH($C25&$E25,CIMS!$W$4:$W$41,0)),1) -> 0.22794841 | K25: =IF(JCIMS!K25>=0,JCIMS!K25/INDEX(CIMS!K$4:K$41,MATCH($C25&$E25,CIMS!$W$4:$W$41,0)),1) -> 0.69791862 | L25: =IF(JCIMS!L25>=0,JCIMS!L25/INDEX(CIMS!L$4:L$41,MATCH($C25&$E25,CIMS!$W$4:$W$41,0)),1) -> 1.0587142 | M25: =IF(JCIMS!M25>=0,JCIMS!M25/INDEX(CIMS!M$4:M$41,MATCH($C25&$E25,CIMS!$W$4:$W$41,0)),1) -> 1.6976859 | N25: =IF(JCIMS!N25>=0,JCIMS!N25/INDEX(CIMS!N$4:N$41,MATCH($C25&$E25,CIMS!$W$4:$W$41,0)),1) -> 1.5115374 | O25: =IF(JCIMS!O25>=0,JCIMS!O25/INDEX(CIMS!O$4:O$41,MATCH($C25&$E25,CIMS!$W$4:$W$41,0)),1) -> 1.5905143 | P25: =IF(JCIMS!P25>=0,JCIMS!P25/INDEX(CIMS!P$4:P$41,MATCH($C25&$E25,CIMS!$W$4:$W$41,0)),1) -> 1.7373186 | Q25: =IF(JCIMS!Q25>=0,JCIMS!Q25/INDEX(CIMS!Q$4:Q$41,MATCH($C25&$E25,CIMS!$W$4:$W$41,0)),1) -> 1.5983 | ... T25: =IF(JCIMS!T25>=0,JCIMS!T25/INDEX(CIMS!T$4:T$41,MATCH($C25&$E25,CIMS!$W$4:$W$41,0)),1) -> 1.2628374 | V25: =C25&D25&E25 -> AlbertaBiodieselElectricity
C26: Alberta | D26: Biodiesel | E26: Ethanol | F26: 2005 | G26: CAD | H26: GJ | I26: JCIMS | J26: =IF(JCIMS!J26>=0,JCIMS!J26/INDEX(CIMS!J$4:J$41,MATCH($C26&$E26,CIMS!$W$4:$W$41,0)),1) -> 1 | K26: =IF(JCIMS!K26>=0,JCIMS!K26/INDEX(CIMS!K$4:K$41,MATCH($C26&$E26,CIMS!$W$4:$W$41,0)),1) -> 1 | L26: =IF(JCIMS!L26>=0,JCIMS!L26/INDEX(CIMS!L$4:L$41,MATCH($C26&$E26,CIMS!$W$4:$W$41,0)),1) -> 1 | M26: =IF(JCIMS!M26>=0,JCIMS!M26/INDEX(CIMS!M$4:M$41,MATCH($C26&$E26,CIMS!$W$4:$W$41,0)),1) -> 1 | N26: =IF(JCIMS!N26>=0,JCIMS!N26/INDEX(CIMS!N$4:N$41,MATCH($C26&$E26,CIMS!$W$4:$W$41,0)),1) -> 1 | O26: =IF(JCIMS!O26>=0,JCIMS!O26/INDEX(CIMS!O$4:O$41,MATCH($C26&$E26,CIMS!$W$4:$W$41,0)),1) -> 1 | P26: =IF(JCIMS!P26>=0,JCIMS!P26/INDEX(CIMS!P$4:P$41,MATCH($C26&$E26,CIMS!$W$4:$W$41,0)),1) -> 1 | Q26: =IF(JCIMS!Q26>=0,JCIMS!Q26/INDEX(CIMS!Q$4:Q$41,MATCH($C26&$E26,CIMS!$W$4:$W$41,0)),1) -> 1 | ... T26: =IF(JCIMS!T26>=0,JCIMS!T26/INDEX(CIMS!T$4:T$41,MATCH($C26&$E26,CIMS!$W$4:$W$41,0)),1) -> 1 | V26: =C26&D26&E26 -> AlbertaBiodieselEthanol
C27: Alberta | D27: Biodiesel | E27: Jet Fuel | F27: 2005 | G27: CAD | H27: GJ | I27: JCIMS | J27: =IF(JCIMS!J27>=0,JCIMS!J27/INDEX(CIMS!J$4:J$41,MATCH("Generic Fuels"&$E27,CIMS!$W$4:$W$41,0)),1) -> 1 | K27: =IF(JCIMS!K27>=0,JCIMS!K27/INDEX(CIMS!K$4:K$41,MATCH("Generic Fuels"&$E27,CIMS!$W$4:$W$41,0)),1) -> 1 | L27: =IF(JCIMS!L27>=0,JCIMS!L27/INDEX(CIMS!L$4:L$41,MATCH("Generic Fuels"&$E27,CIMS!$W$4:$W$41,0)),1) -> 1 | M27: =IF(JCIMS!M27>=0,JCIMS!M27/INDEX(CIMS!M$4:M$41,MATCH("Generic Fuels"&$E27,CIMS!$W$4:$W$41,0)),1) -> 1 | N27: =IF(JCIMS!N27>=0,JCIMS!N27/INDEX(CIMS!N$4:N$41,MATCH("Generic Fuels"&$E27,CIMS!$W$4:$W$41,0)),1) -> 1 | O27: =IF(JCIMS!O27>=0,JCIMS!O27/INDEX(CIMS!O$4:O$41,MATCH("Generic Fuels"&$E27,CIMS!$W$4:$W$41,0)),1) -> 1 | P27: =IF(JCIMS!P27>=0,JCIMS!P27/INDEX(CIMS!P$4:P$41,MATCH("Generic Fuels"&$E27,CIMS!$W$4:$W$41,0)),1) -> 1 | Q27: =IF(JCIMS!Q27>=0,JCIMS!Q27/INDEX(CIMS!Q$4:Q$41,MATCH("Generic Fuels"&$E27,CIMS!$W$4:$W$41,0)),1) -> 1 | ... T27: =IF(JCIMS!T27>=0,JCIMS!T27/INDEX(CIMS!T$4:T$41,MATCH("Generic Fuels"&$E27,CIMS!$W$4:$W$41,0)),1) -> 1 | V27: =C27&D27&E27 -> AlbertaBiodieselJet Fuel
C28: Alberta | D28: Biodiesel | E28: Black Liquor | F28: 2005 | G28: CAD | H28: GJ | I28: JCIMS | J28: =IF(JCIMS!J28>=0,JCIMS!J28/INDEX(CIMS!J$4:J$41,MATCH("Generic Fuels"&$E28,CIMS!$W$4:$W$41,0)),1) -> 1 | K28: =IF(JCIMS!K28>=0,JCIMS!K28/INDEX(CIMS!K$4:K$41,MATCH("Generic Fuels"&$E28,CIMS!$W$4:$W$41,0)),1) -> 1 | L28: =IF(JCIMS!L28>=0,JCIMS!L28/INDEX(CIMS!L$4:L$41,MATCH("Generic Fuels"&$E28,CIMS!$W$4:$W$41,0)),1) -> 1 | M28: =IF(JCIMS!M28>=0,JCIMS!M28/INDEX(CIMS!M$4:M$41,MATCH("Generic Fuels"&$E28,CIMS!$W$4:$W$41,0)),1) -> 1 | N28: =IF(JCIMS!N28>=0,JCIMS!N28/INDEX(CIMS!N$4:N$41,MATCH("Generic Fuels"&$E28,CIMS!$W$4:$W$41,0)),1) -> 1 | O28: =IF(JCIMS!O28>=0,JCIMS!O28/INDEX(CIMS!O$4:O$41,MATCH("Generic Fuels"&$E28,CIMS!$W$4:$W$41,0)),1) -> 1 | P28: =IF(JCIMS!P28>=0,JCIMS!P28/INDEX(CIMS!P$4:P$41,MATCH("Generic Fuels"&$E28,CIMS!$W$4:$W$41,0)),1) -> 1 | Q28: =IF(JCIMS!Q28>=0,JCIMS!Q28/INDEX(CIMS!Q$4:Q$41,MATCH("Generic Fuels"&$E28,CIMS!$W$4:$W$41,0)),1) -> 1 | ... T28: =IF(JCIMS!T28>=0,JCIMS!T28/INDEX(CIMS!T$4:T$41,MATCH("Generic Fuels"&$E28,CIMS!$W$4:$W$41,0)),1) -> 1 | V28: =C28&D28&E28 -> AlbertaBiodieselBlack Liquor
C29: Alberta | D29: Biodiesel | E29: Coal | F29: 2005 | G29: CAD | H29: GJ | I29: JCIMS | J29: =IF(JCIMS!J29>=0,JCIMS!J29/INDEX(CIMS!J$4:J$41,MATCH("Generic Fuels"&$E29,CIMS!$W$4:$W$41,0)),1) -> 1.0250494 | K29: =IF(JCIMS!K29>=0,JCIMS!K29/INDEX(CIMS!K$4:K$41,MATCH("Generic Fuels"&$E29,CIMS!$W$4:$W$41,0)),1) -> 1.1191135 | L29: =IF(JCIMS!L29>=0,JCIMS!L29/INDEX(CIMS!L$4:L$41,MATCH("Generic Fuels"&$E29,CIMS!$W$4:$W$41,0)),1) -> 1.4388435 | M29: =IF(JCIMS!M29>=0,JCIMS!M29/INDEX(CIMS!M$4:M$41,MATCH("Generic Fuels"&$E29,CIMS!$W$4:$W$41,0)),1) -> 1.4388435 | N29: =IF(JCIMS!N29>=0,JCIMS!N29/INDEX(CIMS!N$4:N$41,MATCH("Generic Fuels"&$E29,CIMS!$W$4:$W$41,0)),1) -> 1.4388435 | O29: =IF(JCIMS!O29>=0,JCIMS!O29/INDEX(CIMS!O$4:O$41,MATCH("Generic Fuels"&$E29,CIMS!$W$4:$W$41,0)),1) -> 1.4388435 | P29: =IF(JCIMS!P29>=0,JCIMS!P29/INDEX(CIMS!P$4:P$41,MATCH("Generic Fuels"&$E29,CIMS!$W$4:$W$41,0)),1) -> 1.4388435 | Q29: =IF(JCIMS!Q29>=0,JCIMS!Q29/INDEX(CIMS!Q$4:Q$41,MATCH("Generic Fuels"&$E29,CIMS!$W$4:$W$41,0)),1) -> 1.4388435 | ... T29: =IF(JCIMS!T29>=0,JCIMS!T29/INDEX(CIMS!T$4:T$41,MATCH("Generic Fuels"&$E29,CIMS!$W$4:$W$41,0)),1) -> 1.4388435 | V29: =C29&D29&E29 -> AlbertaBiodieselCoal
C30: Alberta | D30: Biodiesel | E30: Coke | F30: 2005 | G30: CAD | H30: GJ | I30: JCIMS | J30: =IF(JCIMS!J30>=0,JCIMS!J30/INDEX(CIMS!J$4:J$41,MATCH("Generic Fuels"&$E30,CIMS!$W$4:$W$41,0)),1) -> 1 | K30: =IF(JCIMS!K30>=0,JCIMS!K30/INDEX(CIMS!K$4:K$41,MATCH("Generic Fuels"&$E30,CIMS!$W$4:$W$41,0)),1) -> 1 | L30: =IF(JCIMS!L30>=0,JCIMS!L30/INDEX(CIMS!L$4:L$41,MATCH("Generic Fuels"&$E30,CIMS!$W$4:$W$41,0)),1) -> 1 | M30: =IF(JCIMS!M30>=0,JCIMS!M30/INDEX(CIMS!M$4:M$41,MATCH("Generic Fuels"&$E30,CIMS!$W$4:$W$41,0)),1) -> 1 | N30: =IF(JCIMS!N30>=0,JCIMS!N30/INDEX(CIMS!N$4:N$41,MATCH("Generic Fuels"&$E30,CIMS!$W$4:$W$41,0)),1) -> 1 | O30: =IF(JCIMS!O30>=0,JCIMS!O30/INDEX(CIMS!O$4:O$41,MATCH("Generic Fuels"&$E30,CIMS!$W$4:$W$41,0)),1) -> 1 | P30: =IF(JCIMS!P30>=0,JCIMS!P30/INDEX(CIMS!P$4:P$41,MATCH("Generic Fuels"&$E30,CIMS!$W$4:$W$41,0)),1) -> 1 | Q30: =IF(JCIMS!Q30>=0,JCIMS!Q30/INDEX(CIMS!Q$4:Q$41,MATCH("Generic Fuels"&$E30,CIMS!$W$4:$W$41,0)),1) -> 1 | ... T30: =IF(JCIMS!T30>=0,JCIMS!T30/INDEX(CIMS!T$4:T$41,MATCH("Generic Fuels"&$E30,CIMS!$W$4:$W$41,0)),1) -> 1 | V30: =C30&D30&E30 -> AlbertaBiodieselCoke
C31: Alberta | D31: Biodiesel | E31: Diesel | F31: 2005 | G31: CAD | H31: GJ | I31: JCIMS | J31: =IF(JCIMS!J31>=0,JCIMS!J31/INDEX(CIMS!J$4:J$41,MATCH("Generic Fuels"&$E31,CIMS!$W$4:$W$41,0)),1) -> 0.54113867 | K31: =IF(JCIMS!K31>=0,JCIMS!K31/INDEX(CIMS!K$4:K$41,MATCH("Generic Fuels"&$E31,CIMS!$W$4:$W$41,0)),1) -> 0.6699771 | L31: =IF(JCIMS!L31>=0,JCIMS!L31/INDEX(CIMS!L$4:L$41,MATCH("Generic Fuels"&$E31,CIMS!$W$4:$W$41,0)),1) -> 0.99456382 | M31: =IF(JCIMS!M31>=0,JCIMS!M31/INDEX(CIMS!M$4:M$41,MATCH("Generic Fuels"&$E31,CIMS!$W$4:$W$41,0)),1) -> 1.0252742 | N31: =IF(JCIMS!N31>=0,JCIMS!N31/INDEX(CIMS!N$4:N$41,MATCH("Generic Fuels"&$E31,CIMS!$W$4:$W$41,0)),1) -> 1.2011335 | O31: =IF(JCIMS!O31>=0,JCIMS!O31/INDEX(CIMS!O$4:O$41,MATCH("Generic Fuels"&$E31,CIMS!$W$4:$W$41,0)),1) -> 1.332558 | P31: =IF(JCIMS!P31>=0,JCIMS!P31/INDEX(CIMS!P$4:P$41,MATCH("Generic Fuels"&$E31,CIMS!$W$4:$W$41,0)),1) -> 1.4468791 | Q31: =IF(JCIMS!Q31>=0,JCIMS!Q31/INDEX(CIMS!Q$4:Q$41,MATCH("Generic Fuels"&$E31,CIMS!$W$4:$W$41,0)),1) -> 1.5420727 | ... T31: =IF(JCIMS!T31>=0,JCIMS!T31/INDEX(CIMS!T$4:T$41,MATCH("Generic Fuels"&$E31,CIMS!$W$4:$W$41,0)),1) -> 1.6390718 | V31: =C31&D31&E31 -> AlbertaBiodieselDiesel
C32: Alberta | D32: Biodiesel | E32: Gasoline | F32: 2005 | G32: CAD | H32: GJ | I32: JCIMS | J32: =IF(JCIMS!J32>=0,JCIMS!J32/INDEX(CIMS!J$4:J$41,MATCH("Generic Fuels"&$E32,CIMS!$W$4:$W$41,0)),1) -> 1 | K32: =IF(JCIMS!K32>=0,JCIMS!K32/INDEX(CIMS!K$4:K$41,MATCH("Generic Fuels"&$E32,CIMS!$W$4:$W$41,0)),1) -> 1 | L32: =IF(JCIMS!L32>=0,JCIMS!L32/INDEX(CIMS!L$4:L$41,MATCH("Generic Fuels"&$E32,CIMS!$W$4:$W$41,0)),1) -> 1 | M32: =IF(JCIMS!M32>=0,JCIMS!M32/INDEX(CIMS!M$4:M$41,MATCH("Generic Fuels"&$E32,CIMS!$W$4:$W$41,0)),1) -> 1 | N32: =IF(JCIMS!N32>=0,JCIMS!N32/INDEX(CIMS!N$4:N$41,MATCH("Generic Fuels"&$E32,CIMS!$W$4:$W$41,0)),1) -> 1 | O32: =IF(JCIMS!O32>=0,JCIMS!O32/INDEX(CIMS!O$4:O$41,MATCH("Generic Fuels"&$E32,CIMS!$W$4:$W$41,0)),1) -> 1 | P32: =IF(JCIMS!P32>=0,JCIMS!P32/INDEX(CIMS!P$4:P$41,MATCH("Generic Fuels"&$E32,CIMS!$W$4:$W$41,0)),1) -> 1 | Q32: =IF(JCIMS!Q32>=0,JCIMS!Q32/INDEX(CIMS!Q$4:Q$41,MATCH("Generic Fuels"&$E32,CIMS!$W$4:$W$41,0)),1) -> 1 | ... T32: =IF(JCIMS!T32>=0,JCIMS!T32/INDEX(CIMS!T$4:T$41,MATCH("Generic Fuels"&$E32,CIMS!$W$4:$W$41,0)),1) -> 1 | V32: =C32&D32&E32 -> AlbertaBiodieselGasoline
C33: Alberta | D33: Biodiesel | E33: Fuel Oil | F33: 2005 | G33: CAD | H33: GJ | I33: JCIMS | J33: =IF(JCIMS!J33>=0,JCIMS!J33/INDEX(CIMS!J$4:J$41,MATCH("Generic Fuels"&$E33,CIMS!$W$4:$W$41,0)),1) -> 1 | K33: =IF(JCIMS!K33>=0,JCIMS!K33/INDEX(CIMS!K$4:K$41,MATCH("Generic Fuels"&$E33,CIMS!$W$4:$W$41,0)),1) -> 1 | L33: =IF(JCIMS!L33>=0,JCIMS!L33/INDEX(CIMS!L$4:L$41,MATCH("Generic Fuels"&$E33,CIMS!$W$4:$W$41,0)),1) -> 1 | M33: =IF(JCIMS!M33>=0,JCIMS!M33/INDEX(CIMS!M$4:M$41,MATCH("Generic Fuels"&$E33,CIMS!$W$4:$W$41,0)),1) -> 1 | N33: =IF(JCIMS!N33>=0,JCIMS!N33/INDEX(CIMS!N$4:N$41,MATCH("Generic Fuels"&$E33,CIMS!$W$4:$W$41,0)),1) -> 1 | O33: =IF(JCIMS!O33>=0,JCIMS!O33/INDEX(CIMS!O$4:O$41,MATCH("Generic Fuels"&$E33,CIMS!$W$4:$W$41,0)),1) -> 1 | P33: =IF(JCIMS!P33>=0,JCIMS!P33/INDEX(CIMS!P$4:P$41,MATCH("Generic Fuels"&$E33,CIMS!$W$4:$W$41,0)),1) -> 1 | Q33: =IF(JCIMS!Q33>=0,JCIMS!Q33/INDEX(CIMS!Q$4:Q$41,MATCH("Generic Fuels"&$E33,CIMS!$W$4:$W$41,0)),1) -> 1 | ... T33: =IF(JCIMS!T33>=0,JCIMS!T33/INDEX(CIMS!T$4:T$41,MATCH("Generic Fuels"&$E33,CIMS!$W$4:$W$41,0)),1) -> 1 | V33: =C33&D33&E33 -> AlbertaBiodieselFuel Oil
C34: Alberta | D34: Biodiesel | E34: Hydrogen | F34: 2005 | G34: CAD | H34: GJ | I34: JCIMS | J34: =IF(JCIMS!J34>=0,JCIMS!J34/INDEX(CIMS!J$4:J$41,MATCH("Generic Fuels"&$E34,CIMS!$W$4:$W$41,0)),1) -> 1 | K34: =IF(JCIMS!K34>=0,JCIMS!K34/INDEX(CIMS!K$4:K$41,MATCH("Generic Fuels"&$E34,CIMS!$W$4:$W$41,0)),1) -> 1 | L34: =IF(JCIMS!L34>=0,JCIMS!L34/INDEX(CIMS!L$4:L$41,MATCH("Generic Fuels"&$E34,CIMS!$W$4:$W$41,0)),1) -> 1 | M34: =IF(JCIMS!M34>=0,JCIMS!M34/INDEX(CIMS!M$4:M$41,MATCH("Generic Fuels"&$E34,CIMS!$W$4:$W$41,0)),1) -> 1 | N34: =IF(JCIMS!N34>=0,JCIMS!N34/INDEX(CIMS!N$4:N$41,MATCH("Generic Fuels"&$E34,CIMS!$W$4:$W$41,0)),1) -> 1 | O34: =IF(JCIMS!O34>=0,JCIMS!O34/INDEX(CIMS!O$4:O$41,MATCH("Generic Fuels"&$E34,CIMS!$W$4:$W$41,0)),1) -> 1 | P34: =IF(JCIMS!P34>=0,JCIMS!P34/INDEX(CIMS!P$4:P$41,MATCH("Generic Fuels"&$E34,CIMS!$W$4:$W$41,0)),1) -> 1 | Q34: =IF(JCIMS!Q34>=0,JCIMS!Q34/INDEX(CIMS!Q$4:Q$41,MATCH("Generic Fuels"&$E34,CIMS!$W$4:$W$41,0)),1) -> 1 | ... T34: =IF(JCIMS!T34>=0,JCIMS!T34/INDEX(CIMS!T$4:T$41,MATCH("Generic Fuels"&$E34,CIMS!$W$4:$W$41,0)),1) -> 1 | V34: =C34&D34&E34 -> AlbertaBiodieselHydrogen
C35: Alberta | D35: Biodiesel | E35: Biogas | F35: 2005 | G35: CAD | H35: GJ | I35: JCIMS | J35: =IF(JCIMS!J35>=0,JCIMS!J35/INDEX(CIMS!J$4:J$41,MATCH("Generic Fuels"&$E35,CIMS!$W$4:$W$41,0)),1) -> 1 | K35: =IF(JCIMS!K35>=0,JCIMS!K35/INDEX(CIMS!K$4:K$41,MATCH("Generic Fuels"&$E35,CIMS!$W$4:$W$41,0)),1) -> 1 | L35: =IF(JCIMS!L35>=0,JCIMS!L35/INDEX(CIMS!L$4:L$41,MATCH("Generic Fuels"&$E35,CIMS!$W$4:$W$41,0)),1) -> 1 | M35: =IF(JCIMS!M35>=0,JCIMS!M35/INDEX(CIMS!M$4:M$41,MATCH("Generic Fuels"&$E35,CIMS!$W$4:$W$41,0)),1) -> 1 | N35: =IF(JCIMS!N35>=0,JCIMS!N35/INDEX(CIMS!N$4:N$41,MATCH("Generic Fuels"&$E35,CIMS!$W$4:$W$41,0)),1) -> 1 | O35: =IF(JCIMS!O35>=0,JCIMS!O35/INDEX(CIMS!O$4:O$41,MATCH("Generic Fuels"&$E35,CIMS!$W$4:$W$41,0)),1) -> 1 | P35: =IF(JCIMS!P35>=0,JCIMS!P35/INDEX(CIMS!P$4:P$41,MATCH("Generic Fuels"&$E35,CIMS!$W$4:$W$41,0)),1) -> 1 | Q35: =IF(JCIMS!Q35>=0,JCIMS!Q35/INDEX(CIMS!Q$4:Q$41,MATCH("Generic Fuels"&$E35,CIMS!$W$4:$W$41,0)),1) -> 1 | ... T35: =IF(JCIMS!T35>=0,JCIMS!T35/INDEX(CIMS!T$4:T$41,MATCH("Generic Fuels"&$E35,CIMS!$W$4:$W$41,0)),1) -> 1 | V35: =C35&D35&E35 -> AlbertaBiodieselBiogas
C36: Alberta | D36: Biodiesel | E36: LPG | F36: 2005 | G36: CAD | H36: GJ | I36: JCIMS | J36: =IF(JCIMS!J36>=0,JCIMS!J36/INDEX(CIMS!J$4:J$41,MATCH("Generic Fuels"&$E36,CIMS!$W$4:$W$41,0)),1) -> 1 | K36: =IF(JCIMS!K36>=0,JCIMS!K36/INDEX(CIMS!K$4:K$41,MATCH("Generic Fuels"&$E36,CIMS!$W$4:$W$41,0)),1) -> 1 | L36: =IF(JCIMS!L36>=0,JCIMS!L36/INDEX(CIMS!L$4:L$41,MATCH("Generic Fuels"&$E36,CIMS!$W$4:$W$41,0)),1) -> 1 | M36: =IF(JCIMS!M36>=0,JCIMS!M36/INDEX(CIMS!M$4:M$41,MATCH("Generic Fuels"&$E36,CIMS!$W$4:$W$41,0)),1) -> 1 | N36: =IF(JCIMS!N36>=0,JCIMS!N36/INDEX(CIMS!N$4:N$41,MATCH("Generic Fuels"&$E36,CIMS!$W$4:$W$41,0)),1) -> 1 | O36: =IF(JCIMS!O36>=0,JCIMS!O36/INDEX(CIMS!O$4:O$41,MATCH("Generic Fuels"&$E36,CIMS!$W$4:$W$41,0)),1) -> 1 | P36: =IF(JCIMS!P36>=0,JCIMS!P36/INDEX(CIMS!P$4:P$41,MATCH("Generic Fuels"&$E36,CIMS!$W$4:$W$41,0)),1) -> 1 | Q36: =IF(JCIMS!Q36>=0,JCIMS!Q36/INDEX(CIMS!Q$4:Q$41,MATCH("Generic Fuels"&$E36,CIMS!$W$4:$W$41,0)),1) -> 1 | ... T36: =IF(JCIMS!T36>=0,JCIMS!T36/INDEX(CIMS!T$4:T$41,MATCH("Generic Fuels"&$E36,CIMS!$W$4:$W$41,0)),1) -> 1 | V36: =C36&D36&E36 -> AlbertaBiodieselLPG
C37: Alberta | D37: Biodiesel | E37: Natural Gas | F37: 2005 | G37: CAD | H37: GJ | I37: JCIMS | J37: =IF(JCIMS!J37>=0,JCIMS!J37/INDEX(CIMS!J$4:J$41,MATCH("Generic Fuels"&$E37,CIMS!$W$4:$W$41,0)),1) -> 1.5753572 | K37: =IF(JCIMS!K37>=0,JCIMS!K37/INDEX(CIMS!K$4:K$41,MATCH("Generic Fuels"&$E37,CIMS!$W$4:$W$41,0)),1) -> 1.1602932 | L37: =IF(JCIMS!L37>=0,JCIMS!L37/INDEX(CIMS!L$4:L$41,MATCH("Generic Fuels"&$E37,CIMS!$W$4:$W$41,0)),1) -> 0.81132676 | M37: =IF(JCIMS!M37>=0,JCIMS!M37/INDEX(CIMS!M$4:M$41,MATCH("Generic Fuels"&$E37,CIMS!$W$4:$W$41,0)),1) -> 0.44280498 | N37: =IF(JCIMS!N37>=0,JCIMS!N37/INDEX(CIMS!N$4:N$41,MATCH("Generic Fuels"&$E37,CIMS!$W$4:$W$41,0)),1) -> 1.9148443 | O37: =IF(JCIMS!O37>=0,JCIMS!O37/INDEX(CIMS!O$4:O$41,MATCH("Generic Fuels"&$E37,CIMS!$W$4:$W$41,0)),1) -> 1.9837531 | P37: =IF(JCIMS!P37>=0,JCIMS!P37/INDEX(CIMS!P$4:P$41,MATCH("Generic Fuels"&$E37,CIMS!$W$4:$W$41,0)),1) -> 2.1434783 | Q37: =IF(JCIMS!Q37>=0,JCIMS!Q37/INDEX(CIMS!Q$4:Q$41,MATCH("Generic Fuels"&$E37,CIMS!$W$4:$W$41,0)),1) -> 2.0033718 | ... T37: =IF(JCIMS!T37>=0,JCIMS!T37/INDEX(CIMS!T$4:T$41,MATCH("Generic Fuels"&$E37,CIMS!$W$4:$W$41,0)),1) -> 1.3318893 | V37: =C37&D37&E37 -> AlbertaBiodieselNatural Gas
C38: Alberta | D38: Biodiesel | E38: Petroleum Coke | F38: 2005 | G38: CAD | H38: GJ | I38: JCIMS | J38: =IF(JCIMS!J38>=0,JCIMS!J38/INDEX(CIMS!J$4:J$41,MATCH("Generic Fuels"&$E38,CIMS!$W$4:$W$41,0)),1) -> 1 | K38: =IF(JCIMS!K38>=0,JCIMS!K38/INDEX(CIMS!K$4:K$41,MATCH("Generic Fuels"&$E38,CIMS!$W$4:$W$41,0)),1) -> 1 | L38: =IF(JCIMS!L38>=0,JCIMS!L38/INDEX(CIMS!L$4:L$41,MATCH("Generic Fuels"&$E38,CIMS!$W$4:$W$41,0)),1) -> 1 | M38: =IF(JCIMS!M38>=0,JCIMS!M38/INDEX(CIMS!M$4:M$41,MATCH("Generic Fuels"&$E38,CIMS!$W$4:$W$41,0)),1) -> 1 | N38: =IF(JCIMS!N38>=0,JCIMS!N38/INDEX(CIMS!N$4:N$41,MATCH("Generic Fuels"&$E38,CIMS!$W$4:$W$41,0)),1) -> 1 | O38: =IF(JCIMS!O38>=0,JCIMS!O38/INDEX(CIMS!O$4:O$41,MATCH("Generic Fuels"&$E38,CIMS!$W$4:$W$41,0)),1) -> 1 | P38: =IF(JCIMS!P38>=0,JCIMS!P38/INDEX(CIMS!P$4:P$41,MATCH("Generic Fuels"&$E38,CIMS!$W$4:$W$41,0)),1) -> 1 | Q38: =IF(JCIMS!Q38>=0,JCIMS!Q38/INDEX(CIMS!Q$4:Q$41,MATCH("Generic Fuels"&$E38,CIMS!$W$4:$W$41,0)),1) -> 1 | ... T38: =IF(JCIMS!T38>=0,JCIMS!T38/INDEX(CIMS!T$4:T$41,MATCH("Generic Fuels"&$E38,CIMS!$W$4:$W$41,0)),1) -> 1 | V38: =C38&D38&E38 -> AlbertaBiodieselPetroleum Coke
... C43: Alberta | D43: Biodiesel | E43: Solid Biomass | F43: 2005 | G43: CAD | H43: GJ | I43: JCIMS | J43: =IF(JCIMS!J43>=0,JCIMS!J43/INDEX(CIMS!J$4:J$41,MATCH("Generic Fuels"&$E43,CIMS!$W$4:$W$41,0)),1) -> 1 | K43: =IF(JCIMS!K43>=0,JCIMS!K43/INDEX(CIMS!K$4:K$41,MATCH("Generic Fuels"&$E43,CIMS!$W$4:$W$41,0)),1) -> 1 | L43: =IF(JCIMS!L43>=0,JCIMS!L43/INDEX(CIMS!L$4:L$41,MATCH("Generic Fuels"&$E43,CIMS!$W$4:$W$41,0)),1) -> 1 | M43: =IF(JCIMS!M43>=0,JCIMS!M43/INDEX(CIMS!M$4:M$41,MATCH("Generic Fuels"&$E43,CIMS!$W$4:$W$41,0)),1) -> 1 | N43: =IF(JCIMS!N43>=0,JCIMS!N43/INDEX(CIMS!N$4:N$41,MATCH("Generic Fuels"&$E43,CIMS!$W$4:$W$41,0)),1) -> 1 | O43: =IF(JCIMS!O43>=0,JCIMS!O43/INDEX(CIMS!O$4:O$41,MATCH("Generic Fuels"&$E43,CIMS!$W$4:$W$41,0)),1) -> 1 | P43: =IF(JCIMS!P43>=0,JCIMS!P43/INDEX(CIMS!P$4:P$41,MATCH("Generic Fuels"&$E43,CIMS!$W$4:$W$41,0)),1) -> 1 | Q43: =IF(JCIMS!Q43>=0,JCIMS!Q43/INDEX(CIMS!Q$4:Q$41,MATCH("Generic Fuels"&$E43,CIMS!$W$4:$W$41,0)),1) -> 1 | ... T43: =IF(JCIMS!T43>=0,JCIMS!T43/INDEX(CIMS!T$4:T$41,MATCH("Generic Fuels"&$E43,CIMS!$W$4:$W$41,0)),1) -> 1 | V43: =C43&D43&E43 -> AlbertaBiodieselSolid Biomass
C44: Alberta | D44: Chemical Products | E44: Biodiesel | F44: 2005 | G44: CAD | H44: GJ | I44: JCIMS | J44: =IF(JCIMS!J44>=0,JCIMS!J44/INDEX(CIMS!J$4:J$41,MATCH($C44&$E44,CIMS!$W$4:$W$41,0)),1) -> 1 | K44: =IF(JCIMS!K44>=0,JCIMS!K44/INDEX(CIMS!K$4:K$41,MATCH($C44&$E44,CIMS!$W$4:$W$41,0)),1) -> 1 | L44: =IF(JCIMS!L44>=0,JCIMS!L44/INDEX(CIMS!L$4:L$41,MATCH($C44&$E44,CIMS!$W$4:$W$41,0)),1) -> 1 | M44: =IF(JCIMS!M44>=0,JCIMS!M44/INDEX(CIMS!M$4:M$41,MATCH($C44&$E44,CIMS!$W$4:$W$41,0)),1) -> 1 | N44: =IF(JCIMS!N44>=0,JCIMS!N44/INDEX(CIMS!N$4:N$41,MATCH($C44&$E44,CIMS!$W$4:$W$41,0)),1) -> 1 | O44: =IF(JCIMS!O44>=0,JCIMS!O44/INDEX(CIMS!O$4:O$41,MATCH($C44&$E44,CIMS!$W$4:$W$41,0)),1) -> 1 | P44: =IF(JCIMS!P44>=0,JCIMS!P44/INDEX(CIMS!P$4:P$41,MATCH($C44&$E44,CIMS!$W$4:$W$41,0)),1) -> 1 | Q44: =IF(JCIMS!Q44>=0,JCIMS!Q44/INDEX(CIMS!Q$4:Q$41,MATCH($C44&$E44,CIMS!$W$4:$W$41,0)),1) -> 1 | ... T44: =IF(JCIMS!T44>=0,JCIMS!T44/INDEX(CIMS!T$4:T$41,MATCH($C44&$E44,CIMS!$W$4:$W$41,0)),1) -> 1 | V44: =C44&D44&E44 -> AlbertaChemical ProductsBiodiesel
C45: Alberta | D45: Chemical Products | E45: Electricity | F45: 2005 | G45: CAD | H45: GJ | I45: JCIMS | J45: =IF(JCIMS!J45>=0,JCIMS!J45/INDEX(CIMS!J$4:J$41,MATCH($C45&$E45,CIMS!$W$4:$W$41,0)),1) -> 0.63865561 | K45: =IF(JCIMS!K45>=0,JCIMS!K45/INDEX(CIMS!K$4:K$41,MATCH($C45&$E45,CIMS!$W$4:$W$41,0)),1) -> 1.0117098 | L45: =IF(JCIMS!L45>=0,JCIMS!L45/INDEX(CIMS!L$4:L$41,MATCH($C45&$E45,CIMS!$W$4:$W$41,0)),1) -> 1.0587142 | M45: =IF(JCIMS!M45>=0,JCIMS!M45/INDEX(CIMS!M$4:M$41,MATCH($C45&$E45,CIMS!$W$4:$W$41,0)),1) -> 1.6976859 | N45: =IF(JCIMS!N45>=0,JCIMS!N45/INDEX(CIMS!N$4:N$41,MATCH($C45&$E45,CIMS!$W$4:$W$41,0)),1) -> 1.5115374 | O45: =IF(JCIMS!O45>=0,JCIMS!O45/INDEX(CIMS!O$4:O$41,MATCH($C45&$E45,CIMS!$W$4:$W$41,0)),1) -> 1.5905143 | P45: =IF(JCIMS!P45>=0,JCIMS!P45/INDEX(CIMS!P$4:P$41,MATCH($C45&$E45,CIMS!$W$4:$W$41,0)),1) -> 1.7373186 | Q45: =IF(JCIMS!Q45>=0,JCIMS!Q45/INDEX(CIMS!Q$4:Q$41,MATCH($C45&$E45,CIMS!$W$4:$W$41,0)),1) -> 1.5983 | ... T45: =IF(JCIMS!T45>=0,JCIMS!T45/INDEX(CIMS!T$4:T$41,MATCH($C45&$E45,CIMS!$W$4:$W$41,0)),1) -> 1.2628374 | V45: =C45&D45&E45 -> AlbertaChemical ProductsElectricity
C46: Alberta | D46: Chemical Products | E46: Ethanol | F46: 2005 | G46: CAD | H46: GJ | I46: JCIMS | J46: =IF(JCIMS!J46>=0,JCIMS!J46/INDEX(CIMS!J$4:J$41,MATCH($C46&$E46,CIMS!$W$4:$W$41,0)),1) -> 1 | K46: =IF(JCIMS!K46>=0,JCIMS!K46/INDEX(CIMS!K$4:K$41,MATCH($C46&$E46,CIMS!$W$4:$W$41,0)),1) -> 1 | L46: =IF(JCIMS!L46>=0,JCIMS!L46/INDEX(CIMS!L$4:L$41,MATCH($C46&$E46,CIMS!$W$4:$W$41,0)),1) -> 1 | M46: =IF(JCIMS!M46>=0,JCIMS!M46/INDEX(CIMS!M$4:M$41,MATCH($C46&$E46,CIMS!$W$4:$W$41,0)),1) -> 1 | N46: =IF(JCIMS!N46>=0,JCIMS!N46/INDEX(CIMS!N$4:N$41,MATCH($C46&$E46,CIMS!$W$4:$W$41,0)),1) -> 1 | O46: =IF(JCIMS!O46>=0,JCIMS!O46/INDEX(CIMS!O$4:O$41,MATCH($C46&$E46,CIMS!$W$4:$W$41,0)),1) -> 1 | P46: =IF(JCIMS!P46>=0,JCIMS!P46/INDEX(CIMS!P$4:P$41,MATCH($C46&$E46,CIMS!$W$4:$W$41,0)),1) -> 1 | Q46: =IF(JCIMS!Q46>=0,JCIMS!Q46/INDEX(CIMS!Q$4:Q$41,MATCH($C46&$E46,CIMS!$W$4:$W$41,0)),1) -> 1 | ... T46: =IF(JCIMS!T46>=0,JCIMS!T46/INDEX(CIMS!T$4:T$41,MATCH($C46&$E46,CIMS!$W$4:$W$41,0)),1) -> 1 | V46: =C46&D46&E46 -> AlbertaChemical ProductsEthanol
C47: Alberta | D47: Chemical Products | E47: Jet Fuel | F47: 2005 | G47: CAD | H47: GJ | I47: JCIMS | J47: =IF(JCIMS!J47>=0,JCIMS!J47/INDEX(CIMS!J$4:J$41,MATCH("Generic Fuels"&$E47,CIMS!$W$4:$W$41,0)),1) -> 1 | K47: =IF(JCIMS!K47>=0,JCIMS!K47/INDEX(CIMS!K$4:K$41,MATCH("Generic Fuels"&$E47,CIMS!$W$4:$W$41,0)),1) -> 1 | L47: =IF(JCIMS!L47>=0,JCIMS!L47/INDEX(CIMS!L$4:L$41,MATCH("Generic Fuels"&$E47,CIMS!$W$4:$W$41,0)),1) -> 1 | M47: =IF(JCIMS!M47>=0,JCIMS!M47/INDEX(CIMS!M$4:M$41,MATCH("Generic Fuels"&$E47,CIMS!$W$4:$W$41,0)),1) -> 1 | N47: =IF(JCIMS!N47>=0,JCIMS!N47/INDEX(CIMS!N$4:N$41,MATCH("Generic Fuels"&$E47,CIMS!$W$4:$W$41,0)),1) -> 1 | O47: =IF(JCIMS!O47>=0,JCIMS!O47/INDEX(CIMS!O$4:O$41,MATCH("Generic Fuels"&$E47,CIMS!$W$4:$W$41,0)),1) -> 1 | P47: =IF(JCIMS!P47>=0,JCIMS!P47/INDEX(CIMS!P$4:P$41,MATCH("Generic Fuels"&$E47,CIMS!$W$4:$W$41,0)),1) -> 1 | Q47: =IF(JCIMS!Q47>=0,JCIMS!Q47/INDEX(CIMS!Q$4:Q$41,MATCH("Generic Fuels"&$E47,CIMS!$W$4:$W$41,0)),1) -> 1 | ... T47: =IF(JCIMS!T47>=0,JCIMS!T47/INDEX(CIMS!T$4:T$41,MATCH("Generic Fuels"&$E47,CIMS!$W$4:$W$41,0)),1) -> 1 | V47: =C47&D47&E47 -> AlbertaChemical ProductsJet Fuel
C48: Alberta | D48: Chemical Products | E48: Black Liquor | F48: 2005 | G48: CAD | H48: GJ | I48: JCIMS | J48: =IF(JCIMS!J48>=0,JCIMS!J48/INDEX(CIMS!J$4:J$41,MATCH("Generic Fuels"&$E48,CIMS!$W$4:$W$41,0)),1) -> 1 | K48: =IF(JCIMS!K48>=0,JCIMS!K48/INDEX(CIMS!K$4:K$41,MATCH("Generic Fuels"&$E48,CIMS!$W$4:$W$41,0)),1) -> 1 | L48: =IF(JCIMS!L48>=0,JCIMS!L48/INDEX(CIMS!L$4:L$41,MATCH("Generic Fuels"&$E48,CIMS!$W$4:$W$41,0)),1) -> 1 | M48: =IF(JCIMS!M48>=0,JCIMS!M48/INDEX(CIMS!M$4:M$41,MATCH("Generic Fuels"&$E48,CIMS!$W$4:$W$41,0)),1) -> 1 | N48: =IF(JCIMS!N48>=0,JCIMS!N48/INDEX(CIMS!N$4:N$41,MATCH("Generic Fuels"&$E48,CIMS!$W$4:$W$41,0)),1) -> 1 | O48: =IF(JCIMS!O48>=0,JCIMS!O48/INDEX(CIMS!O$4:O$41,MATCH("Generic Fuels"&$E48,CIMS!$W$4:$W$41,0)),1) -> 1 | P48: =IF(JCIMS!P48>=0,JCIMS!P48/INDEX(CIMS!P$4:P$41,MATCH("Generic Fuels"&$E48,CIMS!$W$4:$W$41,0)),1) -> 1 | Q48: =IF(JCIMS!Q48>=0,JCIMS!Q48/INDEX(CIMS!Q$4:Q$41,MATCH("Generic Fuels"&$E48,CIMS!$W$4:$W$41,0)),1) -> 1 | ... T48: =IF(JCIMS!T48>=0,JCIMS!T48/INDEX(CIMS!T$4:T$41,MATCH("Generic Fuels"&$E48,CIMS!$W$4:$W$41,0)),1) -> 1 | V48: =C48&D48&E48 -> AlbertaChemical ProductsBlack Liquor
C49: Alberta | D49: Chemical Products | E49: Coal | F49: 2005 | G49: CAD | H49: GJ | I49: JCIMS | J49: =IF(JCIMS!J49>=0,JCIMS!J49/INDEX(CIMS!J$4:J$41,MATCH("Generic Fuels"&$E49,CIMS!$W$4:$W$41,0)),1) -> 1.0250494 | K49: =IF(JCIMS!K49>=0,JCIMS!K49/INDEX(CIMS!K$4:K$41,MATCH("Generic Fuels"&$E49,CIMS!$W$4:$W$41,0)),1) -> 1.1191135 | L49: =IF(JCIMS!L49>=0,JCIMS!L49/INDEX(CIMS!L$4:L$41,MATCH("Generic Fuels"&$E49,CIMS!$W$4:$W$41,0)),1) -> 1.4388435 | M49: =IF(JCIMS!M49>=0,JCIMS!M49/INDEX(CIMS!M$4:M$41,MATCH("Generic Fuels"&$E49,CIMS!$W$4:$W$41,0)),1) -> 1.4388435 | N49: =IF(JCIMS!N49>=0,JCIMS!N49/INDEX(CIMS!N$4:N$41,MATCH("Generic Fuels"&$E49,CIMS!$W$4:$W$41,0)),1) -> 1.4388435 | O49: =IF(JCIMS!O49>=0,JCIMS!O49/INDEX(CIMS!O$4:O$41,MATCH("Generic Fuels"&$E49,CIMS!$W$4:$W$41,0)),1) -> 1.4388435 | P49: =IF(JCIMS!P49>=0,JCIMS!P49/INDEX(CIMS!P$4:P$41,MATCH("Generic Fuels"&$E49,CIMS!$W$4:$W$41,0)),1) -> 1.4388435 | Q49: =IF(JCIMS!Q49>=0,JCIMS!Q49/INDEX(CIMS!Q$4:Q$41,MATCH("Generic Fuels"&$E49,CIMS!$W$4:$W$41,0)),1) -> 1.4388435 | ... T49: =IF(JCIMS!T49>=0,JCIMS!T49/INDEX(CIMS!T$4:T$41,MATCH("Generic Fuels"&$E49,CIMS!$W$4:$W$41,0)),1) -> 1.4388435 | V49: =C49&D49&E49 -> AlbertaChemical ProductsCoal
C50: Alberta | D50: Chemical Products | E50: Coke | F50: 2005 | G50: CAD | H50: GJ | I50: JCIMS | J50: =IF(JCIMS!J50>=0,JCIMS!J50/INDEX(CIMS!J$4:J$41,MATCH("Generic Fuels"&$E50,CIMS!$W$4:$W$41,0)),1) -> 1 | K50: =IF(JCIMS!K50>=0,JCIMS!K50/INDEX(CIMS!K$4:K$41,MATCH("Generic Fuels"&$E50,CIMS!$W$4:$W$41,0)),1) -> 1 | L50: =IF(JCIMS!L50>=0,JCIMS!L50/INDEX(CIMS!L$4:L$41,MATCH("Generic Fuels"&$E50,CIMS!$W$4:$W$41,0)),1) -> 1 | M50: =IF(JCIMS!M50>=0,JCIMS!M50/INDEX(CIMS!M$4:M$41,MATCH("Generic Fuels"&$E50,CIMS!$W$4:$W$41,0)),1) -> 1 | N50: =IF(JCIMS!N50>=0,JCIMS!N50/INDEX(CIMS!N$4:N$41,MATCH("Generic Fuels"&$E50,CIMS!$W$4:$W$41,0)),1) -> 1 | O50: =IF(JCIMS!O50>=0,JCIMS!O50/INDEX(CIMS!O$4:O$41,MATCH("Generic Fuels"&$E50,CIMS!$W$4:$W$41,0)),1) -> 1 | P50: =IF(JCIMS!P50>=0,JCIMS!P50/INDEX(CIMS!P$4:P$41,MATCH("Generic Fuels"&$E50,CIMS!$W$4:$W$41,0)),1) -> 1 | Q50: =IF(JCIMS!Q50>=0,JCIMS!Q50/INDEX(CIMS!Q$4:Q$41,MATCH("Generic Fuels"&$E50,CIMS!$W$4:$W$41,0)),1) -> 1 | ... T50: =IF(JCIMS!T50>=0,JCIMS!T50/INDEX(CIMS!T$4:T$41,MATCH("Generic Fuels"&$E50,CIMS!$W$4:$W$41,0)),1) -> 1 | V50: =C50&D50&E50 -> AlbertaChemical ProductsCoke
C51: Alberta | D51: Chemical Products | E51: Diesel | F51: 2005 | G51: CAD | H51: GJ | I51: JCIMS | J51: =IF(JCIMS!J51>=0,JCIMS!J51/INDEX(CIMS!J$4:J$41,MATCH("Generic Fuels"&$E51,CIMS!$W$4:$W$41,0)),1) -> 1 | K51: =IF(JCIMS!K51>=0,JCIMS!K51/INDEX(CIMS!K$4:K$41,MATCH("Generic Fuels"&$E51,CIMS!$W$4:$W$41,0)),1) -> 1 | L51: =IF(JCIMS!L51>=0,JCIMS!L51/INDEX(CIMS!L$4:L$41,MATCH("Generic Fuels"&$E51,CIMS!$W$4:$W$41,0)),1) -> 1 | M51: =IF(JCIMS!M51>=0,JCIMS!M51/INDEX(CIMS!M$4:M$41,MATCH("Generic Fuels"&$E51,CIMS!$W$4:$W$41,0)),1) -> 1 | N51: =IF(JCIMS!N51>=0,JCIMS!N51/INDEX(CIMS!N$4:N$41,MATCH("Generic Fuels"&$E51,CIMS!$W$4:$W$41,0)),1) -> 1 | O51: =IF(JCIMS!O51>=0,JCIMS!O51/INDEX(CIMS!O$4:O$41,MATCH("Generic Fuels"&$E51,CIMS!$W$4:$W$41,0)),1) -> 1 | P51: =IF(JCIMS!P51>=0,JCIMS!P51/INDEX(CIMS!P$4:P$41,MATCH("Generic Fuels"&$E51,CIMS!$W$4:$W$41,0)),1) -> 1 | Q51: =IF(JCIMS!Q51>=0,JCIMS!Q51/INDEX(CIMS!Q$4:Q$41,MATCH("Generic Fuels"&$E51,CIMS!$W$4:$W$41,0)),1) -> 1 | ... T51: =IF(JCIMS!T51>=0,JCIMS!T51/INDEX(CIMS!T$4:T$41,MATCH("Generic Fuels"&$E51,CIMS!$W$4:$W$41,0)),1) -> 1 | V51: =C51&D51&E51 -> AlbertaChemical ProductsDiesel
C52: Alberta | D52: Chemical Products | E52: Gasoline | F52: 2005 | G52: CAD | H52: GJ | I52: JCIMS | J52: =IF(JCIMS!J52>=0,JCIMS!J52/INDEX(CIMS!J$4:J$41,MATCH("Generic Fuels"&$E52,CIMS!$W$4:$W$41,0)),1) -> 1 | K52: =IF(JCIMS!K52>=0,JCIMS!K52/INDEX(CIMS!K$4:K$41,MATCH("Generic Fuels"&$E52,CIMS!$W$4:$W$41,0)),1) -> 1 | L52: =IF(JCIMS!L52>=0,JCIMS!L52/INDEX(CIMS!L$4:L$41,MATCH("Generic Fuels"&$E52,CIMS!$W$4:$W$41,0)),1) -> 1 | M52: =IF(JCIMS!M52>=0,JCIMS!M52/INDEX(CIMS!M$4:M$41,MATCH("Generic Fuels"&$E52,CIMS!$W$4:$W$41,0)),1) -> 1 | N52: =IF(JCIMS!N52>=0,JCIMS!N52/INDEX(CIMS!N$4:N$41,MATCH("Generic Fuels"&$E52,CIMS!$W$4:$W$41,0)),1) -> 1 | O52: =IF(JCIMS!O52>=0,JCIMS!O52/INDEX(CIMS!O$4:O$41,MATCH("Generic Fuels"&$E52,CIMS!$W$4:$W$41,0)),1) -> 1 | P52: =IF(JCIMS!P52>=0,JCIMS!P52/INDEX(CIMS!P$4:P$41,MATCH("Generic Fuels"&$E52,CIMS!$W$4:$W$41,0)),1) -> 1 | Q52: =IF(JCIMS!Q52>=0,JCIMS!Q52/INDEX(CIMS!Q$4:Q$41,MATCH("Generic Fuels"&$E52,CIMS!$W$4:$W$41,0)),1) -> 1 | ... T52: =IF(JCIMS!T52>=0,JCIMS!T52/INDEX(CIMS!T$4:T$41,MATCH("Generic Fuels"&$E52,CIMS!$W$4:$W$41,0)),1) -> 1 | V52: =C52&D52&E52 -> AlbertaChemical ProductsGasoline
C53: Alberta | D53: Chemical Products | E53: Fuel Oil | F53: 2005 | G53: CAD | H53: GJ | I53: JCIMS | J53: =IF(JCIMS!J53>=0,JCIMS!J53/INDEX(CIMS!J$4:J$41,MATCH("Generic Fuels"&$E53,CIMS!$W$4:$W$41,0)),1) -> 0.30553101 | K53: =IF(JCIMS!K53>=0,JCIMS!K53/INDEX(CIMS!K$4:K$41,MATCH("Generic Fuels"&$E53,CIMS!$W$4:$W$41,0)),1) -> 0.39209783 | L53: =IF(JCIMS!L53>=0,JCIMS!L53/INDEX(CIMS!L$4:L$41,MATCH("Generic Fuels"&$E53,CIMS!$W$4:$W$41,0)),1) -> 0.69300989 | M53: =IF(JCIMS!M53>=0,JCIMS!M53/INDEX(CIMS!M$4:M$41,MATCH("Generic Fuels"&$E53,CIMS!$W$4:$W$41,0)),1) -> 0.68320422 | N53: =IF(JCIMS!N53>=0,JCIMS!N53/INDEX(CIMS!N$4:N$41,MATCH("Generic Fuels"&$E53,CIMS!$W$4:$W$41,0)),1) -> 0.83908789 | O53: =IF(JCIMS!O53>=0,JCIMS!O53/INDEX(CIMS!O$4:O$41,MATCH("Generic Fuels"&$E53,CIMS!$W$4:$W$41,0)),1) -> 0.93321376 | P53: =IF(JCIMS!P53>=0,JCIMS!P53/INDEX(CIMS!P$4:P$41,MATCH("Generic Fuels"&$E53,CIMS!$W$4:$W$41,0)),1) -> 1.0035862 | Q53: =IF(JCIMS!Q53>=0,JCIMS!Q53/INDEX(CIMS!Q$4:Q$41,MATCH("Generic Fuels"&$E53,CIMS!$W$4:$W$41,0)),1) -> 1.0793211 | ... T53: =IF(JCIMS!T53>=0,JCIMS!T53/INDEX(CIMS!T$4:T$41,MATCH("Generic Fuels"&$E53,CIMS!$W$4:$W$41,0)),1) -> 1.1577577 | V53: =C53&D53&E53 -> AlbertaChemical ProductsFuel Oil
C54: Alberta | D54: Chemical Products | E54: Hydrogen | F54: 2005 | G54: CAD | H54: GJ | I54: JCIMS | J54: =IF(JCIMS!J54>=0,JCIMS!J54/INDEX(CIMS!J$4:J$41,MATCH("Generic Fuels"&$E54,CIMS!$W$4:$W$41,0)),1) -> 1 | K54: =IF(JCIMS!K54>=0,JCIMS!K54/INDEX(CIMS!K$4:K$41,MATCH("Generic Fuels"&$E54,CIMS!$W$4:$W$41,0)),1) -> 1 | L54: =IF(JCIMS!L54>=0,JCIMS!L54/INDEX(CIMS!L$4:L$41,MATCH("Generic Fuels"&$E54,CIMS!$W$4:$W$41,0)),1) -> 1 | M54: =IF(JCIMS!M54>=0,JCIMS!M54/INDEX(CIMS!M$4:M$41,MATCH("Generic Fuels"&$E54,CIMS!$W$4:$W$41,0)),1) -> 1 | N54: =IF(JCIMS!N54>=0,JCIMS!N54/INDEX(CIMS!N$4:N$41,MATCH("Generic Fuels"&$E54,CIMS!$W$4:$W$41,0)),1) -> 1 | O54: =IF(JCIMS!O54>=0,JCIMS!O54/INDEX(CIMS!O$4:O$41,MATCH("Generic Fuels"&$E54,CIMS!$W$4:$W$41,0)),1) -> 1 | P54: =IF(JCIMS!P54>=0,JCIMS!P54/INDEX(CIMS!P$4:P$41,MATCH("Generic Fuels"&$E54,CIMS!$W$4:$W$41,0)),1) -> 1 | Q54: =IF(JCIMS!Q54>=0,JCIMS!Q54/INDEX(CIMS!Q$4:Q$41,MATCH("Generic Fuels"&$E54,CIMS!$W$4:$W$41,0)),1) -> 1 | ... T54: =IF(JCIMS!T54>=0,JCIMS!T54/INDEX(CIMS!T$4:T$41,MATCH("Generic Fuels"&$E54,CIMS!$W$4:$W$41,0)),1) -> 1 | V54: =C54&D54&E54 -> AlbertaChemical ProductsHydrogen
C55: Alberta | D55: Chemical Products | E55: Biogas | F55: 2005 | G55: CAD | H55: GJ | I55: JCIMS | J55: =IF(JCIMS!J55>=0,JCIMS!J55/INDEX(CIMS!J$4:J$41,MATCH("Generic Fuels"&$E55,CIMS!$W$4:$W$41,0)),1) -> 1 | K55: =IF(JCIMS!K55>=0,JCIMS!K55/INDEX(CIMS!K$4:K$41,MATCH("Generic Fuels"&$E55,CIMS!$W$4:$W$41,0)),1) -> 1 | L55: =IF(JCIMS!L55>=0,JCIMS!L55/INDEX(CIMS!L$4:L$41,MATCH("Generic Fuels"&$E55,CIMS!$W$4:$W$41,0)),1) -> 1 | M55: =IF(JCIMS!M55>=0,JCIMS!M55/INDEX(CIMS!M$4:M$41,MATCH("Generic Fuels"&$E55,CIMS!$W$4:$W$41,0)),1) -> 1 | N55: =IF(JCIMS!N55>=0,JCIMS!N55/INDEX(CIMS!N$4:N$41,MATCH("Generic Fuels"&$E55,CIMS!$W$4:$W$41,0)),1) -> 1 | O55: =IF(JCIMS!O55>=0,JCIMS!O55/INDEX(CIMS!O$4:O$41,MATCH("Generic Fuels"&$E55,CIMS!$W$4:$W$41,0)),1) -> 1 | P55: =IF(JCIMS!P55>=0,JCIMS!P55/INDEX(CIMS!P$4:P$41,MATCH("Generic Fuels"&$E55,CIMS!$W$4:$W$41,0)),1) -> 1 | Q55: =IF(JCIMS!Q55>=0,JCIMS!Q55/INDEX(CIMS!Q$4:Q$41,MATCH("Generic Fuels"&$E55,CIMS!$W$4:$W$41,0)),1) -> 1 | ... T55: =IF(JCIMS!T55>=0,JCIMS!T55/INDEX(CIMS!T$4:T$41,MATCH("Generic Fuels"&$E55,CIMS!$W$4:$W$41,0)),1) -> 1 | V55: =C55&D55&E55 -> AlbertaChemical ProductsBiogas
C56: Alberta | D56: Chemical Products | E56: LPG | F56: 2005 | G56: CAD | H56: GJ | I56: JCIMS | J56: =IF(JCIMS!J56>=0,JCIMS!J56/INDEX(CIMS!J$4:J$41,MATCH("Generic Fuels"&$E56,CIMS!$W$4:$W$41,0)),1) -> 1 | K56: =IF(JCIMS!K56>=0,JCIMS!K56/INDEX(CIMS!K$4:K$41,MATCH("Generic Fuels"&$E56,CIMS!$W$4:$W$41,0)),1) -> 1 | L56: =IF(JCIMS!L56>=0,JCIMS!L56/INDEX(CIMS!L$4:L$41,MATCH("Generic Fuels"&$E56,CIMS!$W$4:$W$41,0)),1) -> 1 | M56: =IF(JCIMS!M56>=0,JCIMS!M56/INDEX(CIMS!M$4:M$41,MATCH("Generic Fuels"&$E56,CIMS!$W$4:$W$41,0)),1) -> 1 | N56: =IF(JCIMS!N56>=0,JCIMS!N56/INDEX(CIMS!N$4:N$41,MATCH("Generic Fuels"&$E56,CIMS!$W$4:$W$41,0)),1) -> 1 | O56: =IF(JCIMS!O56>=0,JCIMS!O56/INDEX(CIMS!O$4:O$41,MATCH("Generic Fuels"&$E56,CIMS!$W$4:$W$41,0)),1) -> 1 | P56: =IF(JCIMS!P56>=0,JCIMS!P56/INDEX(CIMS!P$4:P$41,MATCH("Generic Fuels"&$E56,CIMS!$W$4:$W$41,0)),1) -> 1 | Q56: =IF(JCIMS!Q56>=0,JCIMS!Q56/INDEX(CIMS!Q$4:Q$41,MATCH("Generic Fuels"&$E56,CIMS!$W$4:$W$41,0)),1) -> 1 | ... T56: =IF(JCIMS!T56>=0,JCIMS!T56/INDEX(CIMS!T$4:T$41,MATCH("Generic Fuels"&$E56,CIMS!$W$4:$W$41,0)),1) -> 1 | V56: =C56&D56&E56 -> AlbertaChemical ProductsLPG
C57: Alberta | D57: Chemical Products | E57: Natural Gas | F57: 2005 | G57: CAD | H57: GJ | I57: JCIMS | J57: =IF(JCIMS!J57>=0,JCIMS!J57/INDEX(CIMS!J$4:J$41,MATCH("Generic Fuels"&$E57,CIMS!$W$4:$W$41,0)),1) -> 1.1564302 | K57: =IF(JCIMS!K57>=0,JCIMS!K57/INDEX(CIMS!K$4:K$41,MATCH("Generic Fuels"&$E57,CIMS!$W$4:$W$41,0)),1) -> 0.84609794 | L57: =IF(JCIMS!L57>=0,JCIMS!L57/INDEX(CIMS!L$4:L$41,MATCH("Generic Fuels"&$E57,CIMS!$W$4:$W$41,0)),1) -> 0.81132676 | M57: =IF(JCIMS!M57>=0,JCIMS!M57/INDEX(CIMS!M$4:M$41,MATCH("Generic Fuels"&$E57,CIMS!$W$4:$W$41,0)),1) -> 0.44280498 | N57: =IF(JCIMS!N57>=0,JCIMS!N57/INDEX(CIMS!N$4:N$41,MATCH("Generic Fuels"&$E57,CIMS!$W$4:$W$41,0)),1) -> 1.9148443 | O57: =IF(JCIMS!O57>=0,JCIMS!O57/INDEX(CIMS!O$4:O$41,MATCH("Generic Fuels"&$E57,CIMS!$W$4:$W$41,0)),1) -> 1.9837531 | P57: =IF(JCIMS!P57>=0,JCIMS!P57/INDEX(CIMS!P$4:P$41,MATCH("Generic Fuels"&$E57,CIMS!$W$4:$W$41,0)),1) -> 2.1434783 | Q57: =IF(JCIMS!Q57>=0,JCIMS!Q57/INDEX(CIMS!Q$4:Q$41,MATCH("Generic Fuels"&$E57,CIMS!$W$4:$W$41,0)),1) -> 2.0033718 | ... T57: =IF(JCIMS!T57>=0,JCIMS!T57/INDEX(CIMS!T$4:T$41,MATCH("Generic Fuels"&$E57,CIMS!$W$4:$W$41,0)),1) -> 1.3318893 | V57: =C57&D57&E57 -> AlbertaChemical ProductsNatural Gas
C58: Alberta | D58: Chemical Products | E58: Petroleum Coke | F58: 2005 | G58: CAD | H58: GJ | I58: JCIMS | J58: =IF(JCIMS!J58>=0,JCIMS!J58/INDEX(CIMS!J$4:J$41,MATCH("Generic Fuels"&$E58,CIMS!$W$4:$W$41,0)),1) -> 1 | K58: =IF(JCIMS!K58>=0,JCIMS!K58/INDEX(CIMS!K$4:K$41,MATCH("Generic Fuels"&$E58,CIMS!$W$4:$W$41,0)),1) -> 1 | L58: =IF(JCIMS!L58>=0,JCIMS!L58/INDEX(CIMS!L$4:L$41,MATCH("Generic Fuels"&$E58,CIMS!$W$4:$W$41,0)),1) -> 1 | M58: =IF(JCIMS!M58>=0,JCIMS!M58/INDEX(CIMS!M$4:M$41,MATCH("Generic Fuels"&$E58,CIMS!$W$4:$W$41,0)),1) -> 1 | N58: =IF(JCIMS!N58>=0,JCIMS!N58/INDEX(CIMS!N$4:N$41,MATCH("Generic Fuels"&$E58,CIMS!$W$4:$W$41,0)),1) -> 1 | O58: =IF(JCIMS!O58>=0,JCIMS!O58/INDEX(CIMS!O$4:O$41,MATCH("Generic Fuels"&$E58,CIMS!$W$4:$W$41,0)),1) -> 1 | P58: =IF(JCIMS!P58>=0,JCIMS!P58/INDEX(CIMS!P$4:P$41,MATCH("Generic Fuels"&$E58,CIMS!$W$4:$W$41,0)),1) -> 1 | Q58: =IF(JCIMS!Q58>=0,JCIMS!Q58/INDEX(CIMS!Q$4:Q$41,MATCH("Generic Fuels"&$E58,CIMS!$W$4:$W$41,0)),1) -> 1 | ... T58: =IF(JCIMS!T58>=0,JCIMS!T58/INDEX(CIMS!T$4:T$41,MATCH("Generic Fuels"&$E58,CIMS!$W$4:$W$41,0)),1) -> 1 | V58: =C58&D58&E58 -> AlbertaChemical ProductsPetroleum Coke
... C63: Alberta | D63: Chemical Products | E63: Solid Biomass | F63: 2005 | G63: CAD | H63: GJ | I63: JCIMS | J63: =IF(JCIMS!J63>=0,JCIMS!J63/INDEX(CIMS!J$4:J$41,MATCH("Generic Fuels"&$E63,CIMS!$W$4:$W$41,0)),1) -> 1 | K63: =IF(JCIMS!K63>=0,JCIMS!K63/INDEX(CIMS!K$4:K$41,MATCH("Generic Fuels"&$E63,CIMS!$W$4:$W$41,0)),1) -> 1 | L63: =IF(JCIMS!L63>=0,JCIMS!L63/INDEX(CIMS!L$4:L$41,MATCH("Generic Fuels"&$E63,CIMS!$W$4:$W$41,0)),1) -> 1 | M63: =IF(JCIMS!M63>=0,JCIMS!M63/INDEX(CIMS!M$4:M$41,MATCH("Generic Fuels"&$E63,CIMS!$W$4:$W$41,0)),1) -> 1 | N63: =IF(JCIMS!N63>=0,JCIMS!N63/INDEX(CIMS!N$4:N$41,MATCH("Generic Fuels"&$E63,CIMS!$W$4:$W$41,0)),1) -> 1 | O63: =IF(JCIMS!O63>=0,JCIMS!O63/INDEX(CIMS!O$4:O$41,MATCH("Generic Fuels"&$E63,CIMS!$W$4:$W$41,0)),1) -> 1 | P63: =IF(JCIMS!P63>=0,JCIMS!P63/INDEX(CIMS!P$4:P$41,MATCH("Generic Fuels"&$E63,CIMS!$W$4:$W$41,0)),1) -> 1 | Q63: =IF(JCIMS!Q63>=0,JCIMS!Q63/INDEX(CIMS!Q$4:Q$41,MATCH("Generic Fuels"&$E63,CIMS!$W$4:$W$41,0)),1) -> 1 | ... T63: =IF(JCIMS!T63>=0,JCIMS!T63/INDEX(CIMS!T$4:T$41,MATCH("Generic Fuels"&$E63,CIMS!$W$4:$W$41,0)),1) -> 1 | V63: =C63&D63&E63 -> AlbertaChemical ProductsSolid Biomass
C64: Alberta | D64: Coal Mining | E64: Biodiesel | F64: 2005 | G64: CAD | H64: GJ | I64: JCIMS | J64: =IF(JCIMS!J64>=0,JCIMS!J64/INDEX(CIMS!J$4:J$41,MATCH($C64&$E64,CIMS!$W$4:$W$41,0)),1) -> 1.1868954 | K64: =IF(JCIMS!K64>=0,JCIMS!K64/INDEX(CIMS!K$4:K$41,MATCH($C64&$E64,CIMS!$W$4:$W$41,0)),1) -> 1.4689607 | L64: =IF(JCIMS!L64>=0,JCIMS!L64/INDEX(CIMS!L$4:L$41,MATCH($C64&$E64,CIMS!$W$4:$W$41,0)),1) -> 1.880258 | M64: =IF(JCIMS!M64>=0,JCIMS!M64/INDEX(CIMS!M$4:M$41,MATCH($C64&$E64,CIMS!$W$4:$W$41,0)),1) -> 2.0992134 | N64: =IF(JCIMS!N64>=0,JCIMS!N64/INDEX(CIMS!N$4:N$41,MATCH($C64&$E64,CIMS!$W$4:$W$41,0)),1) -> 2.2031115 | O64: =IF(JCIMS!O64>=0,JCIMS!O64/INDEX(CIMS!O$4:O$41,MATCH($C64&$E64,CIMS!$W$4:$W$41,0)),1) -> 2.9053912 | P64: =IF(JCIMS!P64>=0,JCIMS!P64/INDEX(CIMS!P$4:P$41,MATCH($C64&$E64,CIMS!$W$4:$W$41,0)),1) -> 2.7829301 | Q64: =IF(JCIMS!Q64>=0,JCIMS!Q64/INDEX(CIMS!Q$4:Q$41,MATCH($C64&$E64,CIMS!$W$4:$W$41,0)),1) -> 2.6695271 | ... T64: =IF(JCIMS!T64>=0,JCIMS!T64/INDEX(CIMS!T$4:T$41,MATCH($C64&$E64,CIMS!$W$4:$W$41,0)),1) -> 2.5612593 | V64: =C64&D64&E64 -> AlbertaCoal MiningBiodiesel
C65: Alberta | D65: Coal Mining | E65: Electricity | F65: 2005 | G65: CAD | H65: GJ | I65: JCIMS | J65: =IF(JCIMS!J65>=0,JCIMS!J65/INDEX(CIMS!J$4:J$41,MATCH($C65&$E65,CIMS!$W$4:$W$41,0)),1) -> 0.63865561 | K65: =IF(JCIMS!K65>=0,JCIMS!K65/INDEX(CIMS!K$4:K$41,MATCH($C65&$E65,CIMS!$W$4:$W$41,0)),1) -> 1.0117098 | L65: =IF(JCIMS!L65>=0,JCIMS!L65/INDEX(CIMS!L$4:L$41,MATCH($C65&$E65,CIMS!$W$4:$W$41,0)),1) -> 1.0587142 | M65: =IF(JCIMS!M65>=0,JCIMS!M65/INDEX(CIMS!M$4:M$41,MATCH($C65&$E65,CIMS!$W$4:$W$41,0)),1) -> 1.6976859 | N65: =IF(JCIMS!N65>=0,JCIMS!N65/INDEX(CIMS!N$4:N$41,MATCH($C65&$E65,CIMS!$W$4:$W$41,0)),1) -> 1.5115374 | O65: =IF(JCIMS!O65>=0,JCIMS!O65/INDEX(CIMS!O$4:O$41,MATCH($C65&$E65,CIMS!$W$4:$W$41,0)),1) -> 1.5905143 | P65: =IF(JCIMS!P65>=0,JCIMS!P65/INDEX(CIMS!P$4:P$41,MATCH($C65&$E65,CIMS!$W$4:$W$41,0)),1) -> 1.7373186 | Q65: =IF(JCIMS!Q65>=0,JCIMS!Q65/INDEX(CIMS!Q$4:Q$41,MATCH($C65&$E65,CIMS!$W$4:$W$41,0)),1) -> 1.5983 | ... T65: =IF(JCIMS!T65>=0,JCIMS!T65/INDEX(CIMS!T$4:T$41,MATCH($C65&$E65,CIMS!$W$4:$W$41,0)),1) -> 1.2628374 | V65: =C65&D65&E65 -> AlbertaCoal MiningElectricity
C66: Alberta | D66: Coal Mining | E66: Ethanol | F66: 2005 | G66: CAD | H66: GJ | I66: JCIMS | J66: =IF(JCIMS!J66>=0,JCIMS!J66/INDEX(CIMS!J$4:J$41,MATCH($C66&$E66,CIMS!$W$4:$W$41,0)),1) -> 1 | K66: =IF(JCIMS!K66>=0,JCIMS!K66/INDEX(CIMS!K$4:K$41,MATCH($C66&$E66,CIMS!$W$4:$W$41,0)),1) -> 1 | L66: =IF(JCIMS!L66>=0,JCIMS!L66/INDEX(CIMS!L$4:L$41,MATCH($C66&$E66,CIMS!$W$4:$W$41,0)),1) -> 1 | M66: =IF(JCIMS!M66>=0,JCIMS!M66/INDEX(CIMS!M$4:M$41,MATCH($C66&$E66,CIMS!$W$4:$W$41,0)),1) -> 1 | N66: =IF(JCIMS!N66>=0,JCIMS!N66/INDEX(CIMS!N$4:N$41,MATCH($C66&$E66,CIMS!$W$4:$W$41,0)),1) -> 1 | O66: =IF(JCIMS!O66>=0,JCIMS!O66/INDEX(CIMS!O$4:O$41,MATCH($C66&$E66,CIMS!$W$4:$W$41,0)),1) -> 1 | P66: =IF(JCIMS!P66>=0,JCIMS!P66/INDEX(CIMS!P$4:P$41,MATCH($C66&$E66,CIMS!$W$4:$W$41,0)),1) -> 1 | Q66: =IF(JCIMS!Q66>=0,JCIMS!Q66/INDEX(CIMS!Q$4:Q$41,MATCH($C66&$E66,CIMS!$W$4:$W$41,0)),1) -> 1 | ... T66: =IF(JCIMS!T66>=0,JCIMS!T66/INDEX(CIMS!T$4:T$41,MATCH($C66&$E66,CIMS!$W$4:$W$41,0)),1) -> 1 | V66: =C66&D66&E66 -> AlbertaCoal MiningEthanol
C67: Alberta | D67: Coal Mining | E67: Jet Fuel | F67: 2005 | G67: CAD | H67: GJ | I67: JCIMS | J67: =IF(JCIMS!J67>=0,JCIMS!J67/INDEX(CIMS!J$4:J$41,MATCH("Generic Fuels"&$E67,CIMS!$W$4:$W$41,0)),1) -> 1 | K67: =IF(JCIMS!K67>=0,JCIMS!K67/INDEX(CIMS!K$4:K$41,MATCH("Generic Fuels"&$E67,CIMS!$W$4:$W$41,0)),1) -> 1 | L67: =IF(JCIMS!L67>=0,JCIMS!L67/INDEX(CIMS!L$4:L$41,MATCH("Generic Fuels"&$E67,CIMS!$W$4:$W$41,0)),1) -> 1 | M67: =IF(JCIMS!M67>=0,JCIMS!M67/INDEX(CIMS!M$4:M$41,MATCH("Generic Fuels"&$E67,CIMS!$W$4:$W$41,0)),1) -> 1 | N67: =IF(JCIMS!N67>=0,JCIMS!N67/INDEX(CIMS!N$4:N$41,MATCH("Generic Fuels"&$E67,CIMS!$W$4:$W$41,0)),1) -> 1 | O67: =IF(JCIMS!O67>=0,JCIMS!O67/INDEX(CIMS!O$4:O$41,MATCH("Generic Fuels"&$E67,CIMS!$W$4:$W$41,0)),1) -> 1 | P67: =IF(JCIMS!P67>=0,JCIMS!P67/INDEX(CIMS!P$4:P$41,MATCH("Generic Fuels"&$E67,CIMS!$W$4:$W$41,0)),1) -> 1 | Q67: =IF(JCIMS!Q67>=0,JCIMS!Q67/INDEX(CIMS!Q$4:Q$41,MATCH("Generic Fuels"&$E67,CIMS!$W$4:$W$41,0)),1) -> 1 | ... T67: =IF(JCIMS!T67>=0,JCIMS!T67/INDEX(CIMS!T$4:T$41,MATCH("Generic Fuels"&$E67,CIMS!$W$4:$W$41,0)),1) -> 1 | V67: =C67&D67&E67 -> AlbertaCoal MiningJet Fuel
C68: Alberta | D68: Coal Mining | E68: Black Liquor | F68: 2005 | G68: CAD | H68: GJ | I68: JCIMS | J68: =IF(JCIMS!J68>=0,JCIMS!J68/INDEX(CIMS!J$4:J$41,MATCH("Generic Fuels"&$E68,CIMS!$W$4:$W$41,0)),1) -> 1 | K68: =IF(JCIMS!K68>=0,JCIMS!K68/INDEX(CIMS!K$4:K$41,MATCH("Generic Fuels"&$E68,CIMS!$W$4:$W$41,0)),1) -> 1 | L68: =IF(JCIMS!L68>=0,JCIMS!L68/INDEX(CIMS!L$4:L$41,MATCH("Generic Fuels"&$E68,CIMS!$W$4:$W$41,0)),1) -> 1 | M68: =IF(JCIMS!M68>=0,JCIMS!M68/INDEX(CIMS!M$4:M$41,MATCH("Generic Fuels"&$E68,CIMS!$W$4:$W$41,0)),1) -> 1 | N68: =IF(JCIMS!N68>=0,JCIMS!N68/INDEX(CIMS!N$4:N$41,MATCH("Generic Fuels"&$E68,CIMS!$W$4:$W$41,0)),1) -> 1 | O68: =IF(JCIMS!O68>=0,JCIMS!O68/INDEX(CIMS!O$4:O$41,MATCH("Generic Fuels"&$E68,CIMS!$W$4:$W$41,0)),1) -> 1 | P68: =IF(JCIMS!P68>=0,JCIMS!P68/INDEX(CIMS!P$4:P$41,MATCH("Generic Fuels"&$E68,CIMS!$W$4:$W$41,0)),1) -> 1 | Q68: =IF(JCIMS!Q68>=0,JCIMS!Q68/INDEX(CIMS!Q$4:Q$41,MATCH("Generic Fuels"&$E68,CIMS!$W$4:$W$41,0)),1) -> 1 | ... T68: =IF(JCIMS!T68>=0,JCIMS!T68/INDEX(CIMS!T$4:T$41,MATCH("Generic Fuels"&$E68,CIMS!$W$4:$W$41,0)),1) -> 1 | V68: =C68&D68&E68 -> AlbertaCoal MiningBlack Liquor
C69: Alberta | D69: Coal Mining | E69: Coal | F69: 2005 | G69: CAD | H69: GJ | I69: JCIMS | J69: =IF(JCIMS!J69>=0,JCIMS!J69/INDEX(CIMS!J$4:J$41,MATCH("Generic Fuels"&$E69,CIMS!$W$4:$W$41,0)),1) -> 1.0250494 | K69: =IF(JCIMS!K69>=0,JCIMS!K69/INDEX(CIMS!K$4:K$41,MATCH("Generic Fuels"&$E69,CIMS!$W$4:$W$41,0)),1) -> 1.1191135 | L69: =IF(JCIMS!L69>=0,JCIMS!L69/INDEX(CIMS!L$4:L$41,MATCH("Generic Fuels"&$E69,CIMS!$W$4:$W$41,0)),1) -> 1.4388435 | M69: =IF(JCIMS!M69>=0,JCIMS!M69/INDEX(CIMS!M$4:M$41,MATCH("Generic Fuels"&$E69,CIMS!$W$4:$W$41,0)),1) -> 1.4388435 | N69: =IF(JCIMS!N69>=0,JCIMS!N69/INDEX(CIMS!N$4:N$41,MATCH("Generic Fuels"&$E69,CIMS!$W$4:$W$41,0)),1) -> 1.4388435 | O69: =IF(JCIMS!O69>=0,JCIMS!O69/INDEX(CIMS!O$4:O$41,MATCH("Generic Fuels"&$E69,CIMS!$W$4:$W$41,0)),1) -> 1.4388435 | P69: =IF(JCIMS!P69>=0,JCIMS!P69/INDEX(CIMS!P$4:P$41,MATCH("Generic Fuels"&$E69,CIMS!$W$4:$W$41,0)),1) -> 1.4388435 | Q69: =IF(JCIMS!Q69>=0,JCIMS!Q69/INDEX(CIMS!Q$4:Q$41,MATCH("Generic Fuels"&$E69,CIMS!$W$4:$W$41,0)),1) -> 1.4388435 | ... T69: =IF(JCIMS!T69>=0,JCIMS!T69/INDEX(CIMS!T$4:T$41,MATCH("Generic Fuels"&$E69,CIMS!$W$4:$W$41,0)),1) -> 1.4388435 | V69: =C69&D69&E69 -> AlbertaCoal MiningCoal
C70: Alberta | D70: Coal Mining | E70: Coke | F70: 2005 | G70: CAD | H70: GJ | I70: JCIMS | J70: =IF(JCIMS!J70>=0,JCIMS!J70/INDEX(CIMS!J$4:J$41,MATCH("Generic Fuels"&$E70,CIMS!$W$4:$W$41,0)),1) -> 1 | K70: =IF(JCIMS!K70>=0,JCIMS!K70/INDEX(CIMS!K$4:K$41,MATCH("Generic Fuels"&$E70,CIMS!$W$4:$W$41,0)),1) -> 1 | L70: =IF(JCIMS!L70>=0,JCIMS!L70/INDEX(CIMS!L$4:L$41,MATCH("Generic Fuels"&$E70,CIMS!$W$4:$W$41,0)),1) -> 1 | M70: =IF(JCIMS!M70>=0,JCIMS!M70/INDEX(CIMS!M$4:M$41,MATCH("Generic Fuels"&$E70,CIMS!$W$4:$W$41,0)),1) -> 1 | N70: =IF(JCIMS!N70>=0,JCIMS!N70/INDEX(CIMS!N$4:N$41,MATCH("Generic Fuels"&$E70,CIMS!$W$4:$W$41,0)),1) -> 1 | O70: =IF(JCIMS!O70>=0,JCIMS!O70/INDEX(CIMS!O$4:O$41,MATCH("Generic Fuels"&$E70,CIMS!$W$4:$W$41,0)),1) -> 1 | P70: =IF(JCIMS!P70>=0,JCIMS!P70/INDEX(CIMS!P$4:P$41,MATCH("Generic Fuels"&$E70,CIMS!$W$4:$W$41,0)),1) -> 1 | Q70: =IF(JCIMS!Q70>=0,JCIMS!Q70/INDEX(CIMS!Q$4:Q$41,MATCH("Generic Fuels"&$E70,CIMS!$W$4:$W$41,0)),1) -> 1 | ... T70: =IF(JCIMS!T70>=0,JCIMS!T70/INDEX(CIMS!T$4:T$41,MATCH("Generic Fuels"&$E70,CIMS!$W$4:$W$41,0)),1) -> 1 | V70: =C70&D70&E70 -> AlbertaCoal MiningCoke
C71: Alberta | D71: Coal Mining | E71: Diesel | F71: 2005 | G71: CAD | H71: GJ | I71: JCIMS | J71: =IF(JCIMS!J71>=0,JCIMS!J71/INDEX(CIMS!J$4:J$41,MATCH("Generic Fuels"&$E71,CIMS!$W$4:$W$41,0)),1) -> 0.41480438 | K71: =IF(JCIMS!K71>=0,JCIMS!K71/INDEX(CIMS!K$4:K$41,MATCH("Generic Fuels"&$E71,CIMS!$W$4:$W$41,0)),1) -> 0.51356418 | L71: =IF(JCIMS!L71>=0,JCIMS!L71/INDEX(CIMS!L$4:L$41,MATCH("Generic Fuels"&$E71,CIMS!$W$4:$W$41,0)),1) -> 0.76237285 | M71: =IF(JCIMS!M71>=0,JCIMS!M71/INDEX(CIMS!M$4:M$41,MATCH("Generic Fuels"&$E71,CIMS!$W$4:$W$41,0)),1) -> 0.78591359 | N71: =IF(JCIMS!N71>=0,JCIMS!N71/INDEX(CIMS!N$4:N$41,MATCH("Generic Fuels"&$E71,CIMS!$W$4:$W$41,0)),1) -> 0.92071678 | O71: =IF(JCIMS!O71>=0,JCIMS!O71/INDEX(CIMS!O$4:O$41,MATCH("Generic Fuels"&$E71,CIMS!$W$4:$W$41,0)),1) -> 1.0214588 | P71: =IF(JCIMS!P71>=0,JCIMS!P71/INDEX(CIMS!P$4:P$41,MATCH("Generic Fuels"&$E71,CIMS!$W$4:$W$41,0)),1) -> 1.1090905 | Q71: =IF(JCIMS!Q71>=0,JCIMS!Q71/INDEX(CIMS!Q$4:Q$41,MATCH("Generic Fuels"&$E71,CIMS!$W$4:$W$41,0)),1) -> 1.1820602 | ... T71: =IF(JCIMS!T71>=0,JCIMS!T71/INDEX(CIMS!T$4:T$41,MATCH("Generic Fuels"&$E71,CIMS!$W$4:$W$41,0)),1) -> 1.2564139 | V71: =C71&D71&E71 -> AlbertaCoal MiningDiesel
C72: Alberta | D72: Coal Mining | E72: Gasoline | F72: 2005 | G72: CAD | H72: GJ | I72: JCIMS | J72: =IF(JCIMS!J72>=0,JCIMS!J72/INDEX(CIMS!J$4:J$41,MATCH("Generic Fuels"&$E72,CIMS!$W$4:$W$41,0)),1) -> 1 | K72: =IF(JCIMS!K72>=0,JCIMS!K72/INDEX(CIMS!K$4:K$41,MATCH("Generic Fuels"&$E72,CIMS!$W$4:$W$41,0)),1) -> 1 | L72: =IF(JCIMS!L72>=0,JCIMS!L72/INDEX(CIMS!L$4:L$41,MATCH("Generic Fuels"&$E72,CIMS!$W$4:$W$41,0)),1) -> 1 | M72: =IF(JCIMS!M72>=0,JCIMS!M72/INDEX(CIMS!M$4:M$41,MATCH("Generic Fuels"&$E72,CIMS!$W$4:$W$41,0)),1) -> 1 | N72: =IF(JCIMS!N72>=0,JCIMS!N72/INDEX(CIMS!N$4:N$41,MATCH("Generic Fuels"&$E72,CIMS!$W$4:$W$41,0)),1) -> 1 | O72: =IF(JCIMS!O72>=0,JCIMS!O72/INDEX(CIMS!O$4:O$41,MATCH("Generic Fuels"&$E72,CIMS!$W$4:$W$41,0)),1) -> 1 | P72: =IF(JCIMS!P72>=0,JCIMS!P72/INDEX(CIMS!P$4:P$41,MATCH("Generic Fuels"&$E72,CIMS!$W$4:$W$41,0)),1) -> 1 | Q72: =IF(JCIMS!Q72>=0,JCIMS!Q72/INDEX(CIMS!Q$4:Q$41,MATCH("Generic Fuels"&$E72,CIMS!$W$4:$W$41,0)),1) -> 1 | ... T72: =IF(JCIMS!T72>=0,JCIMS!T72/INDEX(CIMS!T$4:T$41,MATCH("Generic Fuels"&$E72,CIMS!$W$4:$W$41,0)),1) -> 1 | V72: =C72&D72&E72 -> AlbertaCoal MiningGasoline
C73: Alberta | D73: Coal Mining | E73: Fuel Oil | F73: 2005 | G73: CAD | H73: GJ | I73: JCIMS | J73: =IF(JCIMS!J73>=0,JCIMS!J73/INDEX(CIMS!J$4:J$41,MATCH("Generic Fuels"&$E73,CIMS!$W$4:$W$41,0)),1) -> 1 | K73: =IF(JCIMS!K73>=0,JCIMS!K73/INDEX(CIMS!K$4:K$41,MATCH("Generic Fuels"&$E73,CIMS!$W$4:$W$41,0)),1) -> 1 | L73: =IF(JCIMS!L73>=0,JCIMS!L73/INDEX(CIMS!L$4:L$41,MATCH("Generic Fuels"&$E73,CIMS!$W$4:$W$41,0)),1) -> 1 | M73: =IF(JCIMS!M73>=0,JCIMS!M73/INDEX(CIMS!M$4:M$41,MATCH("Generic Fuels"&$E73,CIMS!$W$4:$W$41,0)),1) -> 1 | N73: =IF(JCIMS!N73>=0,JCIMS!N73/INDEX(CIMS!N$4:N$41,MATCH("Generic Fuels"&$E73,CIMS!$W$4:$W$41,0)),1) -> 1 | O73: =IF(JCIMS!O73>=0,JCIMS!O73/INDEX(CIMS!O$4:O$41,MATCH("Generic Fuels"&$E73,CIMS!$W$4:$W$41,0)),1) -> 1 | P73: =IF(JCIMS!P73>=0,JCIMS!P73/INDEX(CIMS!P$4:P$41,MATCH("Generic Fuels"&$E73,CIMS!$W$4:$W$41,0)),1) -> 1 | Q73: =IF(JCIMS!Q73>=0,JCIMS!Q73/INDEX(CIMS!Q$4:Q$41,MATCH("Generic Fuels"&$E73,CIMS!$W$4:$W$41,0)),1) -> 1 | ... T73: =IF(JCIMS!T73>=0,JCIMS!T73/INDEX(CIMS!T$4:T$41,MATCH("Generic Fuels"&$E73,CIMS!$W$4:$W$41,0)),1) -> 1 | V73: =C73&D73&E73 -> AlbertaCoal MiningFuel Oil
C74: Alberta | D74: Coal Mining | E74: Hydrogen | F74: 2005 | G74: CAD | H74: GJ | I74: JCIMS | J74: =IF(JCIMS!J74>=0,JCIMS!J74/INDEX(CIMS!J$4:J$41,MATCH("Generic Fuels"&$E74,CIMS!$W$4:$W$41,0)),1) -> 1 | K74: =IF(JCIMS!K74>=0,JCIMS!K74/INDEX(CIMS!K$4:K$41,MATCH("Generic Fuels"&$E74,CIMS!$W$4:$W$41,0)),1) -> 1 | L74: =IF(JCIMS!L74>=0,JCIMS!L74/INDEX(CIMS!L$4:L$41,MATCH("Generic Fuels"&$E74,CIMS!$W$4:$W$41,0)),1) -> 1 | M74: =IF(JCIMS!M74>=0,JCIMS!M74/INDEX(CIMS!M$4:M$41,MATCH("Generic Fuels"&$E74,CIMS!$W$4:$W$41,0)),1) -> 1 | N74: =IF(JCIMS!N74>=0,JCIMS!N74/INDEX(CIMS!N$4:N$41,MATCH("Generic Fuels"&$E74,CIMS!$W$4:$W$41,0)),1) -> 1 | O74: =IF(JCIMS!O74>=0,JCIMS!O74/INDEX(CIMS!O$4:O$41,MATCH("Generic Fuels"&$E74,CIMS!$W$4:$W$41,0)),1) -> 1 | P74: =IF(JCIMS!P74>=0,JCIMS!P74/INDEX(CIMS!P$4:P$41,MATCH("Generic Fuels"&$E74,CIMS!$W$4:$W$41,0)),1) -> 1 | Q74: =IF(JCIMS!Q74>=0,JCIMS!Q74/INDEX(CIMS!Q$4:Q$41,MATCH("Generic Fuels"&$E74,CIMS!$W$4:$W$41,0)),1) -> 1 | ... T74: =IF(JCIMS!T74>=0,JCIMS!T74/INDEX(CIMS!T$4:T$41,MATCH("Generic Fuels"&$E74,CIMS!$W$4:$W$41,0)),1) -> 1 | V74: =C74&D74&E74 -> AlbertaCoal MiningHydrogen
C75: Alberta | D75: Coal Mining | E75: Biogas | F75: 2005 | G75: CAD | H75: GJ | I75: JCIMS | J75: =IF(JCIMS!J75>=0,JCIMS!J75/INDEX(CIMS!J$4:J$41,MATCH("Generic Fuels"&$E75,CIMS!$W$4:$W$41,0)),1) -> 1 | K75: =IF(JCIMS!K75>=0,JCIMS!K75/INDEX(CIMS!K$4:K$41,MATCH("Generic Fuels"&$E75,CIMS!$W$4:$W$41,0)),1) -> 1 | L75: =IF(JCIMS!L75>=0,JCIMS!L75/INDEX(CIMS!L$4:L$41,MATCH("Generic Fuels"&$E75,CIMS!$W$4:$W$41,0)),1) -> 1 | M75: =IF(JCIMS!M75>=0,JCIMS!M75/INDEX(CIMS!M$4:M$41,MATCH("Generic Fuels"&$E75,CIMS!$W$4:$W$41,0)),1) -> 1 | N75: =IF(JCIMS!N75>=0,JCIMS!N75/INDEX(CIMS!N$4:N$41,MATCH("Generic Fuels"&$E75,CIMS!$W$4:$W$41,0)),1) -> 1 | O75: =IF(JCIMS!O75>=0,JCIMS!O75/INDEX(CIMS!O$4:O$41,MATCH("Generic Fuels"&$E75,CIMS!$W$4:$W$41,0)),1) -> 1 | P75: =IF(JCIMS!P75>=0,JCIMS!P75/INDEX(CIMS!P$4:P$41,MATCH("Generic Fuels"&$E75,CIMS!$W$4:$W$41,0)),1) -> 1 | Q75: =IF(JCIMS!Q75>=0,JCIMS!Q75/INDEX(CIMS!Q$4:Q$41,MATCH("Generic Fuels"&$E75,CIMS!$W$4:$W$41,0)),1) -> 1 | ... T75: =IF(JCIMS!T75>=0,JCIMS!T75/INDEX(CIMS!T$4:T$41,MATCH("Generic Fuels"&$E75,CIMS!$W$4:$W$41,0)),1) -> 1 | V75: =C75&D75&E75 -> AlbertaCoal MiningBiogas
C76: Alberta | D76: Coal Mining | E76: LPG | F76: 2005 | G76: CAD | H76: GJ | I76: JCIMS | J76: =IF(JCIMS!J76>=0,JCIMS!J76/INDEX(CIMS!J$4:J$41,MATCH("Generic Fuels"&$E76,CIMS!$W$4:$W$41,0)),1) -> 1 | K76: =IF(JCIMS!K76>=0,JCIMS!K76/INDEX(CIMS!K$4:K$41,MATCH("Generic Fuels"&$E76,CIMS!$W$4:$W$41,0)),1) -> 1 | L76: =IF(JCIMS!L76>=0,JCIMS!L76/INDEX(CIMS!L$4:L$41,MATCH("Generic Fuels"&$E76,CIMS!$W$4:$W$41,0)),1) -> 1 | M76: =IF(JCIMS!M76>=0,JCIMS!M76/INDEX(CIMS!M$4:M$41,MATCH("Generic Fuels"&$E76,CIMS!$W$4:$W$41,0)),1) -> 1 | N76: =IF(JCIMS!N76>=0,JCIMS!N76/INDEX(CIMS!N$4:N$41,MATCH("Generic Fuels"&$E76,CIMS!$W$4:$W$41,0)),1) -> 1 | O76: =IF(JCIMS!O76>=0,JCIMS!O76/INDEX(CIMS!O$4:O$41,MATCH("Generic Fuels"&$E76,CIMS!$W$4:$W$41,0)),1) -> 1 | P76: =IF(JCIMS!P76>=0,JCIMS!P76/INDEX(CIMS!P$4:P$41,MATCH("Generic Fuels"&$E76,CIMS!$W$4:$W$41,0)),1) -> 1 | Q76: =IF(JCIMS!Q76>=0,JCIMS!Q76/INDEX(CIMS!Q$4:Q$41,MATCH("Generic Fuels"&$E76,CIMS!$W$4:$W$41,0)),1) -> 1 | ... T76: =IF(JCIMS!T76>=0,JCIMS!T76/INDEX(CIMS!T$4:T$41,MATCH("Generic Fuels"&$E76,CIMS!$W$4:$W$41,0)),1) -> 1 | V76: =C76&D76&E76 -> AlbertaCoal MiningLPG
C77: Alberta | D77: Coal Mining | E77: Natural Gas | F77: 2005 | G77: CAD | H77: GJ | I77: JCIMS | J77: =IF(JCIMS!J77>=0,JCIMS!J77/INDEX(CIMS!J$4:J$41,MATCH("Generic Fuels"&$E77,CIMS!$W$4:$W$41,0)),1) -> 1.1564302 | K77: =IF(JCIMS!K77>=0,JCIMS!K77/INDEX(CIMS!K$4:K$41,MATCH("Generic Fuels"&$E77,CIMS!$W$4:$W$41,0)),1) -> 0.84609794 | L77: =IF(JCIMS!L77>=0,JCIMS!L77/INDEX(CIMS!L$4:L$41,MATCH("Generic Fuels"&$E77,CIMS!$W$4:$W$41,0)),1) -> 0.81132676 | M77: =IF(JCIMS!M77>=0,JCIMS!M77/INDEX(CIMS!M$4:M$41,MATCH("Generic Fuels"&$E77,CIMS!$W$4:$W$41,0)),1) -> 0.44280498 | N77: =IF(JCIMS!N77>=0,JCIMS!N77/INDEX(CIMS!N$4:N$41,MATCH("Generic Fuels"&$E77,CIMS!$W$4:$W$41,0)),1) -> 1.9148443 | O77: =IF(JCIMS!O77>=0,JCIMS!O77/INDEX(CIMS!O$4:O$41,MATCH("Generic Fuels"&$E77,CIMS!$W$4:$W$41,0)),1) -> 1.9837531 | P77: =IF(JCIMS!P77>=0,JCIMS!P77/INDEX(CIMS!P$4:P$41,MATCH("Generic Fuels"&$E77,CIMS!$W$4:$W$41,0)),1) -> 2.1434783 | Q77: =IF(JCIMS!Q77>=0,JCIMS!Q77/INDEX(CIMS!Q$4:Q$41,MATCH("Generic Fuels"&$E77,CIMS!$W$4:$W$41,0)),1) -> 2.0033718 | ... T77: =IF(JCIMS!T77>=0,JCIMS!T77/INDEX(CIMS!T$4:T$41,MATCH("Generic Fuels"&$E77,CIMS!$W$4:$W$41,0)),1) -> 1.3318893 | V77: =C77&D77&E77 -> AlbertaCoal MiningNatural Gas
C78: Alberta | D78: Coal Mining | E78: Petroleum Coke | F78: 2005 | G78: CAD | H78: GJ | I78: JCIMS | J78: =IF(JCIMS!J78>=0,JCIMS!J78/INDEX(CIMS!J$4:J$41,MATCH("Generic Fuels"&$E78,CIMS!$W$4:$W$41,0)),1) -> 1 | K78: =IF(JCIMS!K78>=0,JCIMS!K78/INDEX(CIMS!K$4:K$41,MATCH("Generic Fuels"&$E78,CIMS!$W$4:$W$41,0)),1) -> 1 | L78: =IF(JCIMS!L78>=0,JCIMS!L78/INDEX(CIMS!L$4:L$41,MATCH("Generic Fuels"&$E78,CIMS!$W$4:$W$41,0)),1) -> 1 | M78: =IF(JCIMS!M78>=0,JCIMS!M78/INDEX(CIMS!M$4:M$41,MATCH("Generic Fuels"&$E78,CIMS!$W$4:$W$41,0)),1) -> 1 | N78: =IF(JCIMS!N78>=0,JCIMS!N78/INDEX(CIMS!N$4:N$41,MATCH("Generic Fuels"&$E78,CIMS!$W$4:$W$41,0)),1) -> 1 | O78: =IF(JCIMS!O78>=0,JCIMS!O78/INDEX(CIMS!O$4:O$41,MATCH("Generic Fuels"&$E78,CIMS!$W$4:$W$41,0)),1) -> 1 | P78: =IF(JCIMS!P78>=0,JCIMS!P78/INDEX(CIMS!P$4:P$41,MATCH("Generic Fuels"&$E78,CIMS!$W$4:$W$41,0)),1) -> 1 | Q78: =IF(JCIMS!Q78>=0,JCIMS!Q78/INDEX(CIMS!Q$4:Q$41,MATCH("Generic Fuels"&$E78,CIMS!$W$4:$W$41,0)),1) -> 1 | ... T78: =IF(JCIMS!T78>=0,JCIMS!T78/INDEX(CIMS!T$4:T$41,MATCH("Generic Fuels"&$E78,CIMS!$W$4:$W$41,0)),1) -> 1 | V78: =C78&D78&E78 -> AlbertaCoal MiningPetroleum Coke
... C83: Alberta | D83: Coal Mining | E83: Solid Biomass | F83: 2005 | G83: CAD | H83: GJ | I83: JCIMS | J83: =IF(JCIMS!J83>=0,JCIMS!J83/INDEX(CIMS!J$4:J$41,MATCH("Generic Fuels"&$E83,CIMS!$W$4:$W$41,0)),1) -> 1 | K83: =IF(JCIMS!K83>=0,JCIMS!K83/INDEX(CIMS!K$4:K$41,MATCH("Generic Fuels"&$E83,CIMS!$W$4:$W$41,0)),1) -> 1 | L83: =IF(JCIMS!L83>=0,JCIMS!L83/INDEX(CIMS!L$4:L$41,MATCH("Generic Fuels"&$E83,CIMS!$W$4:$W$41,0)),1) -> 1 | M83: =IF(JCIMS!M83>=0,JCIMS!M83/INDEX(CIMS!M$4:M$41,MATCH("Generic Fuels"&$E83,CIMS!$W$4:$W$41,0)),1) -> 1 | N83: =IF(JCIMS!N83>=0,JCIMS!N83/INDEX(CIMS!N$4:N$41,MATCH("Generic Fuels"&$E83,CIMS!$W$4:$W$41,0)),1) -> 1 | O83: =IF(JCIMS!O83>=0,JCIMS!O83/INDEX(CIMS!O$4:O$41,MATCH("Generic Fuels"&$E83,CIMS!$W$4:$W$41,0)),1) -> 1 | P83: =IF(JCIMS!P83>=0,JCIMS!P83/INDEX(CIMS!P$4:P$41,MATCH("Generic Fuels"&$E83,CIMS!$W$4:$W$41,0)),1) -> 1 | Q83: =IF(JCIMS!Q83>=0,JCIMS!Q83/INDEX(CIMS!Q$4:Q$41,MATCH("Generic Fuels"&$E83,CIMS!$W$4:$W$41,0)),1) -> 1 | ... T83: =IF(JCIMS!T83>=0,JCIMS!T83/INDEX(CIMS!T$4:T$41,MATCH("Generic Fuels"&$E83,CIMS!$W$4:$W$41,0)),1) -> 1 | V83: =C83&D83&E83 -> AlbertaCoal MiningSolid Biomass
C84: Alberta | D84: Commercial | E84: Biodiesel | F84: 2005 | G84: CAD | H84: GJ | I84: JCIMS | J84: =IF(JCIMS!J84>=0,JCIMS!J84/INDEX(CIMS!J$4:J$41,MATCH($C84&$E84,CIMS!$W$4:$W$41,0)),1) -> 1 | K84: =IF(JCIMS!K84>=0,JCIMS!K84/INDEX(CIMS!K$4:K$41,MATCH($C84&$E84,CIMS!$W$4:$W$41,0)),1) -> 1 | L84: =IF(JCIMS!L84>=0,JCIMS!L84/INDEX(CIMS!L$4:L$41,MATCH($C84&$E84,CIMS!$W$4:$W$41,0)),1) -> 1 | M84: =IF(JCIMS!M84>=0,JCIMS!M84/INDEX(CIMS!M$4:M$41,MATCH($C84&$E84,CIMS!$W$4:$W$41,0)),1) -> 1 | N84: =IF(JCIMS!N84>=0,JCIMS!N84/INDEX(CIMS!N$4:N$41,MATCH($C84&$E84,CIMS!$W$4:$W$41,0)),1) -> 1 | O84: =IF(JCIMS!O84>=0,JCIMS!O84/INDEX(CIMS!O$4:O$41,MATCH($C84&$E84,CIMS!$W$4:$W$41,0)),1) -> 1 | P84: =IF(JCIMS!P84>=0,JCIMS!P84/INDEX(CIMS!P$4:P$41,MATCH($C84&$E84,CIMS!$W$4:$W$41,0)),1) -> 1 | Q84: =IF(JCIMS!Q84>=0,JCIMS!Q84/INDEX(CIMS!Q$4:Q$41,MATCH($C84&$E84,CIMS!$W$4:$W$41,0)),1) -> 1 | ... T84: =IF(JCIMS!T84>=0,JCIMS!T84/INDEX(CIMS!T$4:T$41,MATCH($C84&$E84,CIMS!$W$4:$W$41,0)),1) -> 1 | V84: =C84&D84&E84 -> AlbertaCommercialBiodiesel
C85: Alberta | D85: Commercial | E85: Electricity | F85: 2005 | G85: CAD | H85: GJ | I85: JCIMS | J85: =IF(JCIMS!J85>=0,JCIMS!J85/INDEX(CIMS!J$4:J$41,MATCH($C85&$E85,CIMS!$W$4:$W$41,0)),1) -> 0.31565541 | K85: =IF(JCIMS!K85>=0,JCIMS!K85/INDEX(CIMS!K$4:K$41,MATCH($C85&$E85,CIMS!$W$4:$W$41,0)),1) -> 1.039019 | L85: =IF(JCIMS!L85>=0,JCIMS!L85/INDEX(CIMS!L$4:L$41,MATCH($C85&$E85,CIMS!$W$4:$W$41,0)),1) -> 1.4366245 | M85: =IF(JCIMS!M85>=0,JCIMS!M85/INDEX(CIMS!M$4:M$41,MATCH($C85&$E85,CIMS!$W$4:$W$41,0)),1) -> 2.4871173 | N85: =IF(JCIMS!N85>=0,JCIMS!N85/INDEX(CIMS!N$4:N$41,MATCH($C85&$E85,CIMS!$W$4:$W$41,0)),1) -> 2.2245248 | O85: =IF(JCIMS!O85>=0,JCIMS!O85/INDEX(CIMS!O$4:O$41,MATCH($C85&$E85,CIMS!$W$4:$W$41,0)),1) -> 2.230447 | P85: =IF(JCIMS!P85>=0,JCIMS!P85/INDEX(CIMS!P$4:P$41,MATCH($C85&$E85,CIMS!$W$4:$W$41,0)),1) -> 2.3138437 | Q85: =IF(JCIMS!Q85>=0,JCIMS!Q85/INDEX(CIMS!Q$4:Q$41,MATCH($C85&$E85,CIMS!$W$4:$W$41,0)),1) -> 2.1155856 | ... T85: =IF(JCIMS!T85>=0,JCIMS!T85/INDEX(CIMS!T$4:T$41,MATCH($C85&$E85,CIMS!$W$4:$W$41,0)),1) -> 1.6715514 | V85: =C85&D85&E85 -> AlbertaCommercialElectricity
C86: Alberta | D86: Commercial | E86: Ethanol | F86: 2005 | G86: CAD | H86: GJ | I86: JCIMS | J86: =IF(JCIMS!J86>=0,JCIMS!J86/INDEX(CIMS!J$4:J$41,MATCH($C86&$E86,CIMS!$W$4:$W$41,0)),1) -> 1 | K86: =IF(JCIMS!K86>=0,JCIMS!K86/INDEX(CIMS!K$4:K$41,MATCH($C86&$E86,CIMS!$W$4:$W$41,0)),1) -> 1 | L86: =IF(JCIMS!L86>=0,JCIMS!L86/INDEX(CIMS!L$4:L$41,MATCH($C86&$E86,CIMS!$W$4:$W$41,0)),1) -> 1 | M86: =IF(JCIMS!M86>=0,JCIMS!M86/INDEX(CIMS!M$4:M$41,MATCH($C86&$E86,CIMS!$W$4:$W$41,0)),1) -> 1 | N86: =IF(JCIMS!N86>=0,JCIMS!N86/INDEX(CIMS!N$4:N$41,MATCH($C86&$E86,CIMS!$W$4:$W$41,0)),1) -> 1 | O86: =IF(JCIMS!O86>=0,JCIMS!O86/INDEX(CIMS!O$4:O$41,MATCH($C86&$E86,CIMS!$W$4:$W$41,0)),1) -> 1 | P86: =IF(JCIMS!P86>=0,JCIMS!P86/INDEX(CIMS!P$4:P$41,MATCH($C86&$E86,CIMS!$W$4:$W$41,0)),1) -> 1 | Q86: =IF(JCIMS!Q86>=0,JCIMS!Q86/INDEX(CIMS!Q$4:Q$41,MATCH($C86&$E86,CIMS!$W$4:$W$41,0)),1) -> 1 | ... T86: =IF(JCIMS!T86>=0,JCIMS!T86/INDEX(CIMS!T$4:T$41,MATCH($C86&$E86,CIMS!$W$4:$W$41,0)),1) -> 1 | V86: =C86&D86&E86 -> AlbertaCommercialEthanol
C87: Alberta | D87: Commercial | E87: Jet Fuel | F87: 2005 | G87: CAD | H87: GJ | I87: JCIMS | J87: =IF(JCIMS!J87>=0,JCIMS!J87/INDEX(CIMS!J$4:J$41,MATCH("Generic Fuels"&$E87,CIMS!$W$4:$W$41,0)),1) -> 1 | K87: =IF(JCIMS!K87>=0,JCIMS!K87/INDEX(CIMS!K$4:K$41,MATCH("Generic Fuels"&$E87,CIMS!$W$4:$W$41,0)),1) -> 1 | L87: =IF(JCIMS!L87>=0,JCIMS!L87/INDEX(CIMS!L$4:L$41,MATCH("Generic Fuels"&$E87,CIMS!$W$4:$W$41,0)),1) -> 1 | M87: =IF(JCIMS!M87>=0,JCIMS!M87/INDEX(CIMS!M$4:M$41,MATCH("Generic Fuels"&$E87,CIMS!$W$4:$W$41,0)),1) -> 1 | N87: =IF(JCIMS!N87>=0,JCIMS!N87/INDEX(CIMS!N$4:N$41,MATCH("Generic Fuels"&$E87,CIMS!$W$4:$W$41,0)),1) -> 1 | O87: =IF(JCIMS!O87>=0,JCIMS!O87/INDEX(CIMS!O$4:O$41,MATCH("Generic Fuels"&$E87,CIMS!$W$4:$W$41,0)),1) -> 1 | P87: =IF(JCIMS!P87>=0,JCIMS!P87/INDEX(CIMS!P$4:P$41,MATCH("Generic Fuels"&$E87,CIMS!$W$4:$W$41,0)),1) -> 1 | Q87: =IF(JCIMS!Q87>=0,JCIMS!Q87/INDEX(CIMS!Q$4:Q$41,MATCH("Generic Fuels"&$E87,CIMS!$W$4:$W$41,0)),1) -> 1 | ... T87: =IF(JCIMS!T87>=0,JCIMS!T87/INDEX(CIMS!T$4:T$41,MATCH("Generic Fuels"&$E87,CIMS!$W$4:$W$41,0)),1) -> 1 | V87: =C87&D87&E87 -> AlbertaCommercialJet Fuel
C88: Alberta | D88: Commercial | E88: Black Liquor | F88: 2005 | G88: CAD | H88: GJ | I88: JCIMS | J88: =IF(JCIMS!J88>=0,JCIMS!J88/INDEX(CIMS!J$4:J$41,MATCH("Generic Fuels"&$E88,CIMS!$W$4:$W$41,0)),1) -> 1 | K88: =IF(JCIMS!K88>=0,JCIMS!K88/INDEX(CIMS!K$4:K$41,MATCH("Generic Fuels"&$E88,CIMS!$W$4:$W$41,0)),1) -> 1 | L88: =IF(JCIMS!L88>=0,JCIMS!L88/INDEX(CIMS!L$4:L$41,MATCH("Generic Fuels"&$E88,CIMS!$W$4:$W$41,0)),1) -> 1 | M88: =IF(JCIMS!M88>=0,JCIMS!M88/INDEX(CIMS!M$4:M$41,MATCH("Generic Fuels"&$E88,CIMS!$W$4:$W$41,0)),1) -> 1 | N88: =IF(JCIMS!N88>=0,JCIMS!N88/INDEX(CIMS!N$4:N$41,MATCH("Generic Fuels"&$E88,CIMS!$W$4:$W$41,0)),1) -> 1 | O88: =IF(JCIMS!O88>=0,JCIMS!O88/INDEX(CIMS!O$4:O$41,MATCH("Generic Fuels"&$E88,CIMS!$W$4:$W$41,0)),1) -> 1 | P88: =IF(JCIMS!P88>=0,JCIMS!P88/INDEX(CIMS!P$4:P$41,MATCH("Generic Fuels"&$E88,CIMS!$W$4:$W$41,0)),1) -> 1 | Q88: =IF(JCIMS!Q88>=0,JCIMS!Q88/INDEX(CIMS!Q$4:Q$41,MATCH("Generic Fuels"&$E88,CIMS!$W$4:$W$41,0)),1) -> 1 | ... T88: =IF(JCIMS!T88>=0,JCIMS!T88/INDEX(CIMS!T$4:T$41,MATCH("Generic Fuels"&$E88,CIMS!$W$4:$W$41,0)),1) -> 1 | V88: =C88&D88&E88 -> AlbertaCommercialBlack Liquor
C89: Alberta | D89: Commercial | E89: Coal | F89: 2005 | G89: CAD | H89: GJ | I89: JCIMS | J89: =IF(JCIMS!J89>=0,JCIMS!J89/INDEX(CIMS!J$4:J$41,MATCH("Generic Fuels"&$E89,CIMS!$W$4:$W$41,0)),1) -> 1 | K89: =IF(JCIMS!K89>=0,JCIMS!K89/INDEX(CIMS!K$4:K$41,MATCH("Generic Fuels"&$E89,CIMS!$W$4:$W$41,0)),1) -> 1 | L89: =IF(JCIMS!L89>=0,JCIMS!L89/INDEX(CIMS!L$4:L$41,MATCH("Generic Fuels"&$E89,CIMS!$W$4:$W$41,0)),1) -> 1 | M89: =IF(JCIMS!M89>=0,JCIMS!M89/INDEX(CIMS!M$4:M$41,MATCH("Generic Fuels"&$E89,CIMS!$W$4:$W$41,0)),1) -> 1 | N89: =IF(JCIMS!N89>=0,JCIMS!N89/INDEX(CIMS!N$4:N$41,MATCH("Generic Fuels"&$E89,CIMS!$W$4:$W$41,0)),1) -> 1 | O89: =IF(JCIMS!O89>=0,JCIMS!O89/INDEX(CIMS!O$4:O$41,MATCH("Generic Fuels"&$E89,CIMS!$W$4:$W$41,0)),1) -> 1 | P89: =IF(JCIMS!P89>=0,JCIMS!P89/INDEX(CIMS!P$4:P$41,MATCH("Generic Fuels"&$E89,CIMS!$W$4:$W$41,0)),1) -> 1 | Q89: =IF(JCIMS!Q89>=0,JCIMS!Q89/INDEX(CIMS!Q$4:Q$41,MATCH("Generic Fuels"&$E89,CIMS!$W$4:$W$41,0)),1) -> 1 | ... T89: =IF(JCIMS!T89>=0,JCIMS!T89/INDEX(CIMS!T$4:T$41,MATCH("Generic Fuels"&$E89,CIMS!$W$4:$W$41,0)),1) -> 1 | V89: =C89&D89&E89 -> AlbertaCommercialCoal
C90: Alberta | D90: Commercial | E90: Coke | F90: 2005 | G90: CAD | H90: GJ | I90: JCIMS | J90: =IF(JCIMS!J90>=0,JCIMS!J90/INDEX(CIMS!J$4:J$41,MATCH("Generic Fuels"&$E90,CIMS!$W$4:$W$41,0)),1) -> 1 | K90: =IF(JCIMS!K90>=0,JCIMS!K90/INDEX(CIMS!K$4:K$41,MATCH("Generic Fuels"&$E90,CIMS!$W$4:$W$41,0)),1) -> 1 | L90: =IF(JCIMS!L90>=0,JCIMS!L90/INDEX(CIMS!L$4:L$41,MATCH("Generic Fuels"&$E90,CIMS!$W$4:$W$41,0)),1) -> 1 | M90: =IF(JCIMS!M90>=0,JCIMS!M90/INDEX(CIMS!M$4:M$41,MATCH("Generic Fuels"&$E90,CIMS!$W$4:$W$41,0)),1) -> 1 | N90: =IF(JCIMS!N90>=0,JCIMS!N90/INDEX(CIMS!N$4:N$41,MATCH("Generic Fuels"&$E90,CIMS!$W$4:$W$41,0)),1) -> 1 | O90: =IF(JCIMS!O90>=0,JCIMS!O90/INDEX(CIMS!O$4:O$41,MATCH("Generic Fuels"&$E90,CIMS!$W$4:$W$41,0)),1) -> 1 | P90: =IF(JCIMS!P90>=0,JCIMS!P90/INDEX(CIMS!P$4:P$41,MATCH("Generic Fuels"&$E90,CIMS!$W$4:$W$41,0)),1) -> 1 | Q90: =IF(JCIMS!Q90>=0,JCIMS!Q90/INDEX(CIMS!Q$4:Q$41,MATCH("Generic Fuels"&$E90,CIMS!$W$4:$W$41,0)),1) -> 1 | ... T90: =IF(JCIMS!T90>=0,JCIMS!T90/INDEX(CIMS!T$4:T$41,MATCH("Generic Fuels"&$E90,CIMS!$W$4:$W$41,0)),1) -> 1 | V90: =C90&D90&E90 -> AlbertaCommercialCoke
C91: Alberta | D91: Commercial | E91: Diesel | F91: 2005 | G91: CAD | H91: GJ | I91: JCIMS | J91: =IF(JCIMS!J91>=0,JCIMS!J91/INDEX(CIMS!J$4:J$41,MATCH("Generic Fuels"&$E91,CIMS!$W$4:$W$41,0)),1) -> 1 | K91: =IF(JCIMS!K91>=0,JCIMS!K91/INDEX(CIMS!K$4:K$41,MATCH("Generic Fuels"&$E91,CIMS!$W$4:$W$41,0)),1) -> 1 | L91: =IF(JCIMS!L91>=0,JCIMS!L91/INDEX(CIMS!L$4:L$41,MATCH("Generic Fuels"&$E91,CIMS!$W$4:$W$41,0)),1) -> 1 | M91: =IF(JCIMS!M91>=0,JCIMS!M91/INDEX(CIMS!M$4:M$41,MATCH("Generic Fuels"&$E91,CIMS!$W$4:$W$41,0)),1) -> 1 | N91: =IF(JCIMS!N91>=0,JCIMS!N91/INDEX(CIMS!N$4:N$41,MATCH("Generic Fuels"&$E91,CIMS!$W$4:$W$41,0)),1) -> 1 | O91: =IF(JCIMS!O91>=0,JCIMS!O91/INDEX(CIMS!O$4:O$41,MATCH("Generic Fuels"&$E91,CIMS!$W$4:$W$41,0)),1) -> 1 | P91: =IF(JCIMS!P91>=0,JCIMS!P91/INDEX(CIMS!P$4:P$41,MATCH("Generic Fuels"&$E91,CIMS!$W$4:$W$41,0)),1) -> 1 | Q91: =IF(JCIMS!Q91>=0,JCIMS!Q91/INDEX(CIMS!Q$4:Q$41,MATCH("Generic Fuels"&$E91,CIMS!$W$4:$W$41,0)),1) -> 1 | ... T91: =IF(JCIMS!T91>=0,JCIMS!T91/INDEX(CIMS!T$4:T$41,MATCH("Generic Fuels"&$E91,CIMS!$W$4:$W$41,0)),1) -> 1 | V91: =C91&D91&E91 -> AlbertaCommercialDiesel
C92: Alberta | D92: Commercial | E92: Gasoline | F92: 2005 | G92: CAD | H92: GJ | I92: JCIMS | J92: =IF(JCIMS!J92>=0,JCIMS!J92/INDEX(CIMS!J$4:J$41,MATCH("Generic Fuels"&$E92,CIMS!$W$4:$W$41,0)),1) -> 1 | K92: =IF(JCIMS!K92>=0,JCIMS!K92/INDEX(CIMS!K$4:K$41,MATCH("Generic Fuels"&$E92,CIMS!$W$4:$W$41,0)),1) -> 1 | L92: =IF(JCIMS!L92>=0,JCIMS!L92/INDEX(CIMS!L$4:L$41,MATCH("Generic Fuels"&$E92,CIMS!$W$4:$W$41,0)),1) -> 1 | M92: =IF(JCIMS!M92>=0,JCIMS!M92/INDEX(CIMS!M$4:M$41,MATCH("Generic Fuels"&$E92,CIMS!$W$4:$W$41,0)),1) -> 1 | N92: =IF(JCIMS!N92>=0,JCIMS!N92/INDEX(CIMS!N$4:N$41,MATCH("Generic Fuels"&$E92,CIMS!$W$4:$W$41,0)),1) -> 1 | O92: =IF(JCIMS!O92>=0,JCIMS!O92/INDEX(CIMS!O$4:O$41,MATCH("Generic Fuels"&$E92,CIMS!$W$4:$W$41,0)),1) -> 1 | P92: =IF(JCIMS!P92>=0,JCIMS!P92/INDEX(CIMS!P$4:P$41,MATCH("Generic Fuels"&$E92,CIMS!$W$4:$W$41,0)),1) -> 1 | Q92: =IF(JCIMS!Q92>=0,JCIMS!Q92/INDEX(CIMS!Q$4:Q$41,MATCH("Generic Fuels"&$E92,CIMS!$W$4:$W$41,0)),1) -> 1 | ... T92: =IF(JCIMS!T92>=0,JCIMS!T92/INDEX(CIMS!T$4:T$41,MATCH("Generic Fuels"&$E92,CIMS!$W$4:$W$41,0)),1) -> 1 | V92: =C92&D92&E92 -> AlbertaCommercialGasoline
C93: Alberta | D93: Commercial | E93: Fuel Oil | F93: 2005 | G93: CAD | H93: GJ | I93: JCIMS | J93: =IF(JCIMS!J93>=0,JCIMS!J93/INDEX(CIMS!J$4:J$41,MATCH("Generic Fuels"&$E93,CIMS!$W$4:$W$41,0)),1) -> 0.41415294 | K93: =IF(JCIMS!K93>=0,JCIMS!K93/INDEX(CIMS!K$4:K$41,MATCH("Generic Fuels"&$E93,CIMS!$W$4:$W$41,0)),1) -> 0.6128674 | L93: =IF(JCIMS!L93>=0,JCIMS!L93/INDEX(CIMS!L$4:L$41,MATCH("Generic Fuels"&$E93,CIMS!$W$4:$W$41,0)),1) -> 0.99617904 | M93: =IF(JCIMS!M93>=0,JCIMS!M93/INDEX(CIMS!M$4:M$41,MATCH("Generic Fuels"&$E93,CIMS!$W$4:$W$41,0)),1) -> 1.1185663 | N93: =IF(JCIMS!N93>=0,JCIMS!N93/INDEX(CIMS!N$4:N$41,MATCH("Generic Fuels"&$E93,CIMS!$W$4:$W$41,0)),1) -> 1.207368 | O93: =IF(JCIMS!O93>=0,JCIMS!O93/INDEX(CIMS!O$4:O$41,MATCH("Generic Fuels"&$E93,CIMS!$W$4:$W$41,0)),1) -> 1.287413 | P93: =IF(JCIMS!P93>=0,JCIMS!P93/INDEX(CIMS!P$4:P$41,MATCH("Generic Fuels"&$E93,CIMS!$W$4:$W$41,0)),1) -> 1.3480312 | Q93: =IF(JCIMS!Q93>=0,JCIMS!Q93/INDEX(CIMS!Q$4:Q$41,MATCH("Generic Fuels"&$E93,CIMS!$W$4:$W$41,0)),1) -> 1.4305077 | ... T93: =IF(JCIMS!T93>=0,JCIMS!T93/INDEX(CIMS!T$4:T$41,MATCH("Generic Fuels"&$E93,CIMS!$W$4:$W$41,0)),1) -> 1.5119658 | V93: =C93&D93&E93 -> AlbertaCommercialFuel Oil
C94: Alberta | D94: Commercial | E94: Hydrogen | F94: 2005 | G94: CAD | H94: GJ | I94: JCIMS | J94: =IF(JCIMS!J94>=0,JCIMS!J94/INDEX(CIMS!J$4:J$41,MATCH("Generic Fuels"&$E94,CIMS!$W$4:$W$41,0)),1) -> 1 | K94: =IF(JCIMS!K94>=0,JCIMS!K94/INDEX(CIMS!K$4:K$41,MATCH("Generic Fuels"&$E94,CIMS!$W$4:$W$41,0)),1) -> 1 | L94: =IF(JCIMS!L94>=0,JCIMS!L94/INDEX(CIMS!L$4:L$41,MATCH("Generic Fuels"&$E94,CIMS!$W$4:$W$41,0)),1) -> 1 | M94: =IF(JCIMS!M94>=0,JCIMS!M94/INDEX(CIMS!M$4:M$41,MATCH("Generic Fuels"&$E94,CIMS!$W$4:$W$41,0)),1) -> 1 | N94: =IF(JCIMS!N94>=0,JCIMS!N94/INDEX(CIMS!N$4:N$41,MATCH("Generic Fuels"&$E94,CIMS!$W$4:$W$41,0)),1) -> 1 | O94: =IF(JCIMS!O94>=0,JCIMS!O94/INDEX(CIMS!O$4:O$41,MATCH("Generic Fuels"&$E94,CIMS!$W$4:$W$41,0)),1) -> 1 | P94: =IF(JCIMS!P94>=0,JCIMS!P94/INDEX(CIMS!P$4:P$41,MATCH("Generic Fuels"&$E94,CIMS!$W$4:$W$41,0)),1) -> 1 | Q94: =IF(JCIMS!Q94>=0,JCIMS!Q94/INDEX(CIMS!Q$4:Q$41,MATCH("Generic Fuels"&$E94,CIMS!$W$4:$W$41,0)),1) -> 1 | ... T94: =IF(JCIMS!T94>=0,JCIMS!T94/INDEX(CIMS!T$4:T$41,MATCH("Generic Fuels"&$E94,CIMS!$W$4:$W$41,0)),1) -> 1 | V94: =C94&D94&E94 -> AlbertaCommercialHydrogen
C95: Alberta | D95: Commercial | E95: Biogas | F95: 2005 | G95: CAD | H95: GJ | I95: JCIMS | J95: =IF(JCIMS!J95>=0,JCIMS!J95/INDEX(CIMS!J$4:J$41,MATCH("Generic Fuels"&$E95,CIMS!$W$4:$W$41,0)),1) -> 1 | K95: =IF(JCIMS!K95>=0,JCIMS!K95/INDEX(CIMS!K$4:K$41,MATCH("Generic Fuels"&$E95,CIMS!$W$4:$W$41,0)),1) -> 1 | L95: =IF(JCIMS!L95>=0,JCIMS!L95/INDEX(CIMS!L$4:L$41,MATCH("Generic Fuels"&$E95,CIMS!$W$4:$W$41,0)),1) -> 1 | M95: =IF(JCIMS!M95>=0,JCIMS!M95/INDEX(CIMS!M$4:M$41,MATCH("Generic Fuels"&$E95,CIMS!$W$4:$W$41,0)),1) -> 1 | N95: =IF(JCIMS!N95>=0,JCIMS!N95/INDEX(CIMS!N$4:N$41,MATCH("Generic Fuels"&$E95,CIMS!$W$4:$W$41,0)),1) -> 1 | O95: =IF(JCIMS!O95>=0,JCIMS!O95/INDEX(CIMS!O$4:O$41,MATCH("Generic Fuels"&$E95,CIMS!$W$4:$W$41,0)),1) -> 1 | P95: =IF(JCIMS!P95>=0,JCIMS!P95/INDEX(CIMS!P$4:P$41,MATCH("Generic Fuels"&$E95,CIMS!$W$4:$W$41,0)),1) -> 1 | Q95: =IF(JCIMS!Q95>=0,JCIMS!Q95/INDEX(CIMS!Q$4:Q$41,MATCH("Generic Fuels"&$E95,CIMS!$W$4:$W$41,0)),1) -> 1 | ... T95: =IF(JCIMS!T95>=0,JCIMS!T95/INDEX(CIMS!T$4:T$41,MATCH("Generic Fuels"&$E95,CIMS!$W$4:$W$41,0)),1) -> 1 | V95: =C95&D95&E95 -> AlbertaCommercialBiogas
C96: Alberta | D96: Commercial | E96: LPG | F96: 2005 | G96: CAD | H96: GJ | I96: JCIMS | J96: =IF(JCIMS!J96>=0,JCIMS!J96/INDEX(CIMS!J$4:J$41,MATCH("Generic Fuels"&$E96,CIMS!$W$4:$W$41,0)),1) -> 1 | K96: =IF(JCIMS!K96>=0,JCIMS!K96/INDEX(CIMS!K$4:K$41,MATCH("Generic Fuels"&$E96,CIMS!$W$4:$W$41,0)),1) -> 1 | L96: =IF(JCIMS!L96>=0,JCIMS!L96/INDEX(CIMS!L$4:L$41,MATCH("Generic Fuels"&$E96,CIMS!$W$4:$W$41,0)),1) -> 1 | M96: =IF(JCIMS!M96>=0,JCIMS!M96/INDEX(CIMS!M$4:M$41,MATCH("Generic Fuels"&$E96,CIMS!$W$4:$W$41,0)),1) -> 1 | N96: =IF(JCIMS!N96>=0,JCIMS!N96/INDEX(CIMS!N$4:N$41,MATCH("Generic Fuels"&$E96,CIMS!$W$4:$W$41,0)),1) -> 1 | O96: =IF(JCIMS!O96>=0,JCIMS!O96/INDEX(CIMS!O$4:O$41,MATCH("Generic Fuels"&$E96,CIMS!$W$4:$W$41,0)),1) -> 1 | P96: =IF(JCIMS!P96>=0,JCIMS!P96/INDEX(CIMS!P$4:P$41,MATCH("Generic Fuels"&$E96,CIMS!$W$4:$W$41,0)),1) -> 1 | Q96: =IF(JCIMS!Q96>=0,JCIMS!Q96/INDEX(CIMS!Q$4:Q$41,MATCH("Generic Fuels"&$E96,CIMS!$W$4:$W$41,0)),1) -> 1 | ... T96: =IF(JCIMS!T96>=0,JCIMS!T96/INDEX(CIMS!T$4:T$41,MATCH("Generic Fuels"&$E96,CIMS!$W$4:$W$41,0)),1) -> 1 | V96: =C96&D96&E96 -> AlbertaCommercialLPG
C97: Alberta | D97: Commercial | E97: Natural Gas | F97: 2005 | G97: CAD | H97: GJ | I97: JCIMS | J97: =IF(JCIMS!J97>=0,JCIMS!J97/INDEX(CIMS!J$4:J$41,MATCH("Generic Fuels"&$E97,CIMS!$W$4:$W$41,0)),1) -> 1.3915661 | K97: =IF(JCIMS!K97>=0,JCIMS!K97/INDEX(CIMS!K$4:K$41,MATCH("Generic Fuels"&$E97,CIMS!$W$4:$W$41,0)),1) -> 1.0388541 | L97: =IF(JCIMS!L97>=0,JCIMS!L97/INDEX(CIMS!L$4:L$41,MATCH("Generic Fuels"&$E97,CIMS!$W$4:$W$41,0)),1) -> 0.99331532 | M97: =IF(JCIMS!M97>=0,JCIMS!M97/INDEX(CIMS!M$4:M$41,MATCH("Generic Fuels"&$E97,CIMS!$W$4:$W$41,0)),1) -> 0.64504692 | N97: =IF(JCIMS!N97>=0,JCIMS!N97/INDEX(CIMS!N$4:N$41,MATCH("Generic Fuels"&$E97,CIMS!$W$4:$W$41,0)),1) -> 2.4133554 | O97: =IF(JCIMS!O97>=0,JCIMS!O97/INDEX(CIMS!O$4:O$41,MATCH("Generic Fuels"&$E97,CIMS!$W$4:$W$41,0)),1) -> 2.4437196 | P97: =IF(JCIMS!P97>=0,JCIMS!P97/INDEX(CIMS!P$4:P$41,MATCH("Generic Fuels"&$E97,CIMS!$W$4:$W$41,0)),1) -> 2.6232283 | Q97: =IF(JCIMS!Q97>=0,JCIMS!Q97/INDEX(CIMS!Q$4:Q$41,MATCH("Generic Fuels"&$E97,CIMS!$W$4:$W$41,0)),1) -> 2.4386572 | ... T97: =IF(JCIMS!T97>=0,JCIMS!T97/INDEX(CIMS!T$4:T$41,MATCH("Generic Fuels"&$E97,CIMS!$W$4:$W$41,0)),1) -> 1.6116181 | V97: =C97&D97&E97 -> AlbertaCommercialNatural Gas
C98: Alberta | D98: Commercial | E98: Petroleum Coke | F98: 2005 | G98: CAD | H98: GJ | I98: JCIMS | J98: =IF(JCIMS!J98>=0,JCIMS!J98/INDEX(CIMS!J$4:J$41,MATCH("Generic Fuels"&$E98,CIMS!$W$4:$W$41,0)),1) -> 1 | K98: =IF(JCIMS!K98>=0,JCIMS!K98/INDEX(CIMS!K$4:K$41,MATCH("Generic Fuels"&$E98,CIMS!$W$4:$W$41,0)),1) -> 1 | L98: =IF(JCIMS!L98>=0,JCIMS!L98/INDEX(CIMS!L$4:L$41,MATCH("Generic Fuels"&$E98,CIMS!$W$4:$W$41,0)),1) -> 1 | M98: =IF(JCIMS!M98>=0,JCIMS!M98/INDEX(CIMS!M$4:M$41,MATCH("Generic Fuels"&$E98,CIMS!$W$4:$W$41,0)),1) -> 1 | N98: =IF(JCIMS!N98>=0,JCIMS!N98/INDEX(CIMS!N$4:N$41,MATCH("Generic Fuels"&$E98,CIMS!$W$4:$W$41,0)),1) -> 1 | O98: =IF(JCIMS!O98>=0,JCIMS!O98/INDEX(CIMS!O$4:O$41,MATCH("Generic Fuels"&$E98,CIMS!$W$4:$W$41,0)),1) -> 1 | P98: =IF(JCIMS!P98>=0,JCIMS!P98/INDEX(CIMS!P$4:P$41,MATCH("Generic Fuels"&$E98,CIMS!$W$4:$W$41,0)),1) -> 1 | Q98: =IF(JCIMS!Q98>=0,JCIMS!Q98/INDEX(CIMS!Q$4:Q$41,MATCH("Generic Fuels"&$E98,CIMS!$W$4:$W$41,0)),1) -> 1 | ... T98: =IF(JCIMS!T98>=0,JCIMS!T98/INDEX(CIMS!T$4:T$41,MATCH("Generic Fuels"&$E98,CIMS!$W$4:$W$41,0)),1) -> 1 | V98: =C98&D98&E98 -> AlbertaCommercialPetroleum Coke
... C102: Alberta | D102: Commercial | E102: Waste Fuel | F102: 2005 | G102: CAD | H102: GJ | I102: JCIMS | J102: =IF(JCIMS!J102>=0,JCIMS!J102/INDEX(CIMS!J$4:J$41,MATCH("Generic Fuels"&$E102,CIMS!$W$4:$W$41,0)),1) -> 1 | K102: =IF(JCIMS!K102>=0,JCIMS!K102/INDEX(CIMS!K$4:K$41,MATCH("Generic Fuels"&$E102,CIMS!$W$4:$W$41,0)),1) -> 1 | L102: =IF(JCIMS!L102>=0,JCIMS!L102/INDEX(CIMS!L$4:L$41,MATCH("Generic Fuels"&$E102,CIMS!$W$4:$W$41,0)),1) -> 1 | M102: =IF(JCIMS!M102>=0,JCIMS!M102/INDEX(CIMS!M$4:M$41,MATCH("Generic Fuels"&$E102,CIMS!$W$4:$W$41,0)),1) -> 1 | N102: =IF(JCIMS!N102>=0,JCIMS!N102/INDEX(CIMS!N$4:N$41,MATCH("Generic Fuels"&$E102,CIMS!$W$4:$W$41,0)),1) -> 1 | O102: =IF(JCIMS!O102>=0,JCIMS!O102/INDEX(CIMS!O$4:O$41,MATCH("Generic Fuels"&$E102,CIMS!$W$4:$W$41,0)),1) -> 1 | P102: =IF(JCIMS!P102>=0,JCIMS!P102/INDEX(CIMS!P$4:P$41,MATCH("Generic Fuels"&$E102,CIMS!$W$4:$W$41,0)),1) -> 1 | Q102: =IF(JCIMS!Q102>=0,JCIMS!Q102/INDEX(CIMS!Q$4:Q$41,MATCH("Generic Fuels"&$E102,CIMS!$W$4:$W$41,0)),1) -> 1 | ... T102: =IF(JCIMS!T102>=0,JCIMS!T102/INDEX(CIMS!T$4:T$41,MATCH("Generic Fuels"&$E102,CIMS!$W$4:$W$41,0)),1) -> 1 | V102: =C102&D102&E102 -> AlbertaCommercialWaste Fuel
C103: Alberta | D103: Commercial | E103: Solid Biomass | F103: 2005 | G103: CAD | H103: GJ | I103: JCIMS | J103: =J263 -> 1.6230533 | K103: =K263 -> 2 | L103: =L263 -> 6.594918 | M103: =M263 -> 6.594918 | N103: =N263 -> 6.594918 | O103: =O263 -> 6.594918 | P103: =P263 -> 6.594918 | Q103: =Q263 -> 6.594918 | ... T103: =T263 -> 6.594918 | V103: =C103&D103&E103 -> AlbertaCommercialSolid Biomass
C104: Alberta | D104: Electricity | E104: Biodiesel | F104: 2005 | G104: CAD | H104: GJ | I104: JCIMS | J104: =IF(JCIMS!J104>=0,JCIMS!J104/INDEX(CIMS!J$4:J$41,MATCH($C104&$E104,CIMS!$W$4:$W$41,0)),1) -> 1 | K104: =IF(JCIMS!K104>=0,JCIMS!K104/INDEX(CIMS!K$4:K$41,MATCH($C104&$E104,CIMS!$W$4:$W$41,0)),1) -> 1 | L104: =IF(JCIMS!L104>=0,JCIMS!L104/INDEX(CIMS!L$4:L$41,MATCH($C104&$E104,CIMS!$W$4:$W$41,0)),1) -> 1 | M104: =IF(JCIMS!M104>=0,JCIMS!M104/INDEX(CIMS!M$4:M$41,MATCH($C104&$E104,CIMS!$W$4:$W$41,0)),1) -> 1 | N104: =IF(JCIMS!N104>=0,JCIMS!N104/INDEX(CIMS!N$4:N$41,MATCH($C104&$E104,CIMS!$W$4:$W$41,0)),1) -> 1 | O104: =IF(JCIMS!O104>=0,JCIMS!O104/INDEX(CIMS!O$4:O$41,MATCH($C104&$E104,CIMS!$W$4:$W$41,0)),1) -> 1 | P104: =IF(JCIMS!P104>=0,JCIMS!P104/INDEX(CIMS!P$4:P$41,MATCH($C104&$E104,CIMS!$W$4:$W$41,0)),1) -> 1 | Q104: =IF(JCIMS!Q104>=0,JCIMS!Q104/INDEX(CIMS!Q$4:Q$41,MATCH($C104&$E104,CIMS!$W$4:$W$41,0)),1) -> 1 | ... T104: =IF(JCIMS!T104>=0,JCIMS!T104/INDEX(CIMS!T$4:T$41,MATCH($C104&$E104,CIMS!$W$4:$W$41,0)),1) -> 1 | V104: =C104&D104&E104 -> AlbertaElectricityBiodiesel
C105: Alberta | D105: Electricity | E105: Electricity | F105: 2005 | G105: CAD | H105: GJ | I105: JCIMS | J105: =IF(JCIMS!J105>=0,JCIMS!J105/INDEX(CIMS!J$4:J$41,MATCH($C105&$E105,CIMS!$W$4:$W$41,0)),1) -> 1 | K105: =IF(JCIMS!K105>=0,JCIMS!K105/INDEX(CIMS!K$4:K$41,MATCH($C105&$E105,CIMS!$W$4:$W$41,0)),1) -> 1 | L105: =IF(JCIMS!L105>=0,JCIMS!L105/INDEX(CIMS!L$4:L$41,MATCH($C105&$E105,CIMS!$W$4:$W$41,0)),1) -> 1 | M105: =IF(JCIMS!M105>=0,JCIMS!M105/INDEX(CIMS!M$4:M$41,MATCH($C105&$E105,CIMS!$W$4:$W$41,0)),1) -> 1 | N105: =IF(JCIMS!N105>=0,JCIMS!N105/INDEX(CIMS!N$4:N$41,MATCH($C105&$E105,CIMS!$W$4:$W$41,0)),1) -> 1 | O105: =IF(JCIMS!O105>=0,JCIMS!O105/INDEX(CIMS!O$4:O$41,MATCH($C105&$E105,CIMS!$W$4:$W$41,0)),1) -> 1 | P105: =IF(JCIMS!P105>=0,JCIMS!P105/INDEX(CIMS!P$4:P$41,MATCH($C105&$E105,CIMS!$W$4:$W$41,0)),1) -> 1 | Q105: =IF(JCIMS!Q105>=0,JCIMS!Q105/INDEX(CIMS!Q$4:Q$41,MATCH($C105&$E105,CIMS!$W$4:$W$41,0)),1) -> 1 | ... T105: =IF(JCIMS!T105>=0,JCIMS!T105/INDEX(CIMS!T$4:T$41,MATCH($C105&$E105,CIMS!$W$4:$W$41,0)),1) -> 1 | V105: =C105&D105&E105 -> AlbertaElectricityElectricity
C106: Alberta | D106: Electricity | E106: Ethanol | F106: 2005 | G106: CAD | H106: GJ | I106: JCIMS | J106: =IF(JCIMS!J106>=0,JCIMS!J106/INDEX(CIMS!J$4:J$41,MATCH($C106&$E106,CIMS!$W$4:$W$41,0)),1) -> 1 | K106: =IF(JCIMS!K106>=0,JCIMS!K106/INDEX(CIMS!K$4:K$41,MATCH($C106&$E106,CIMS!$W$4:$W$41,0)),1) -> 1 | L106: =IF(JCIMS!L106>=0,JCIMS!L106/INDEX(CIMS!L$4:L$41,MATCH($C106&$E106,CIMS!$W$4:$W$41,0)),1) -> 1 | M106: =IF(JCIMS!M106>=0,JCIMS!M106/INDEX(CIMS!M$4:M$41,MATCH($C106&$E106,CIMS!$W$4:$W$41,0)),1) -> 1 | N106: =IF(JCIMS!N106>=0,JCIMS!N106/INDEX(CIMS!N$4:N$41,MATCH($C106&$E106,CIMS!$W$4:$W$41,0)),1) -> 1 | O106: =IF(JCIMS!O106>=0,JCIMS!O106/INDEX(CIMS!O$4:O$41,MATCH($C106&$E106,CIMS!$W$4:$W$41,0)),1) -> 1 | P106: =IF(JCIMS!P106>=0,JCIMS!P106/INDEX(CIMS!P$4:P$41,MATCH($C106&$E106,CIMS!$W$4:$W$41,0)),1) -> 1 | Q106: =IF(JCIMS!Q106>=0,JCIMS!Q106/INDEX(CIMS!Q$4:Q$41,MATCH($C106&$E106,CIMS!$W$4:$W$41,0)),1) -> 1 | ... T106: =IF(JCIMS!T106>=0,JCIMS!T106/INDEX(CIMS!T$4:T$41,MATCH($C106&$E106,CIMS!$W$4:$W$41,0)),1) -> 1 | V106: =C106&D106&E106 -> AlbertaElectricityEthanol
C107: Alberta | D107: Electricity | E107: Jet Fuel | F107: 2005 | G107: CAD | H107: GJ | I107: JCIMS | J107: =IF(JCIMS!J107>=0,JCIMS!J107/INDEX(CIMS!J$4:J$41,MATCH("Generic Fuels"&$E107,CIMS!$W$4:$W$41,0)),1) -> 1 | K107: =IF(JCIMS!K107>=0,JCIMS!K107/INDEX(CIMS!K$4:K$41,MATCH("Generic Fuels"&$E107,CIMS!$W$4:$W$41,0)),1) -> 1 | L107: =IF(JCIMS!L107>=0,JCIMS!L107/INDEX(CIMS!L$4:L$41,MATCH("Generic Fuels"&$E107,CIMS!$W$4:$W$41,0)),1) -> 1 | M107: =IF(JCIMS!M107>=0,JCIMS!M107/INDEX(CIMS!M$4:M$41,MATCH("Generic Fuels"&$E107,CIMS!$W$4:$W$41,0)),1) -> 1 | N107: =IF(JCIMS!N107>=0,JCIMS!N107/INDEX(CIMS!N$4:N$41,MATCH("Generic Fuels"&$E107,CIMS!$W$4:$W$41,0)),1) -> 1 | O107: =IF(JCIMS!O107>=0,JCIMS!O107/INDEX(CIMS!O$4:O$41,MATCH("Generic Fuels"&$E107,CIMS!$W$4:$W$41,0)),1) -> 1 | P107: =IF(JCIMS!P107>=0,JCIMS!P107/INDEX(CIMS!P$4:P$41,MATCH("Generic Fuels"&$E107,CIMS!$W$4:$W$41,0)),1) -> 1 | Q107: =IF(JCIMS!Q107>=0,JCIMS!Q107/INDEX(CIMS!Q$4:Q$41,MATCH("Generic Fuels"&$E107,CIMS!$W$4:$W$41,0)),1) -> 1 | ... T107: =IF(JCIMS!T107>=0,JCIMS!T107/INDEX(CIMS!T$4:T$41,MATCH("Generic Fuels"&$E107,CIMS!$W$4:$W$41,0)),1) -> 1 | V107: =C107&D107&E107 -> AlbertaElectricityJet Fuel
C108: Alberta | D108: Electricity | E108: Black Liquor | F108: 2005 | G108: CAD | H108: GJ | I108: JCIMS | J108: =IF(JCIMS!J108>=0,JCIMS!J108/INDEX(CIMS!J$4:J$41,MATCH("Generic Fuels"&$E108,CIMS!$W$4:$W$41,0)),1) -> 1 | K108: =IF(JCIMS!K108>=0,JCIMS!K108/INDEX(CIMS!K$4:K$41,MATCH("Generic Fuels"&$E108,CIMS!$W$4:$W$41,0)),1) -> 1 | L108: =IF(JCIMS!L108>=0,JCIMS!L108/INDEX(CIMS!L$4:L$41,MATCH("Generic Fuels"&$E108,CIMS!$W$4:$W$41,0)),1) -> 1 | M108: =IF(JCIMS!M108>=0,JCIMS!M108/INDEX(CIMS!M$4:M$41,MATCH("Generic Fuels"&$E108,CIMS!$W$4:$W$41,0)),1) -> 1 | N108: =IF(JCIMS!N108>=0,JCIMS!N108/INDEX(CIMS!N$4:N$41,MATCH("Generic Fuels"&$E108,CIMS!$W$4:$W$41,0)),1) -> 1 | O108: =IF(JCIMS!O108>=0,JCIMS!O108/INDEX(CIMS!O$4:O$41,MATCH("Generic Fuels"&$E108,CIMS!$W$4:$W$41,0)),1) -> 1 | P108: =IF(JCIMS!P108>=0,JCIMS!P108/INDEX(CIMS!P$4:P$41,MATCH("Generic Fuels"&$E108,CIMS!$W$4:$W$41,0)),1) -> 1 | Q108: =IF(JCIMS!Q108>=0,JCIMS!Q108/INDEX(CIMS!Q$4:Q$41,MATCH("Generic Fuels"&$E108,CIMS!$W$4:$W$41,0)),1) -> 1 | ... T108: =IF(JCIMS!T108>=0,JCIMS!T108/INDEX(CIMS!T$4:T$41,MATCH("Generic Fuels"&$E108,CIMS!$W$4:$W$41,0)),1) -> 1 | V108: =C108&D108&E108 -> AlbertaElectricityBlack Liquor
C109: Alberta | D109: Electricity | E109: Coal | F109: 2005 | G109: CAD | H109: GJ | I109: JCIMS | J109: =IF(JCIMS!J109>=0,JCIMS!J109/INDEX(CIMS!J$4:J$41,MATCH("Generic Fuels"&$E109,CIMS!$W$4:$W$41,0)),1) -> 0.20766009 | K109: =IF(JCIMS!K109>=0,JCIMS!K109/INDEX(CIMS!K$4:K$41,MATCH("Generic Fuels"&$E109,CIMS!$W$4:$W$41,0)),1) -> 0.26405926 | L109: =IF(JCIMS!L109>=0,JCIMS!L109/INDEX(CIMS!L$4:L$41,MATCH("Generic Fuels"&$E109,CIMS!$W$4:$W$41,0)),1) -> 0.47519369 | M109: =IF(JCIMS!M109>=0,JCIMS!M109/INDEX(CIMS!M$4:M$41,MATCH("Generic Fuels"&$E109,CIMS!$W$4:$W$41,0)),1) -> 0.46547871 | N109: =IF(JCIMS!N109>=0,JCIMS!N109/INDEX(CIMS!N$4:N$41,MATCH("Generic Fuels"&$E109,CIMS!$W$4:$W$41,0)),1) -> 0.47998816 | O109: =IF(JCIMS!O109>=0,JCIMS!O109/INDEX(CIMS!O$4:O$41,MATCH("Generic Fuels"&$E109,CIMS!$W$4:$W$41,0)),1) -> 0.44865116 | P109: =IF(JCIMS!P109>=0,JCIMS!P109/INDEX(CIMS!P$4:P$41,MATCH("Generic Fuels"&$E109,CIMS!$W$4:$W$41,0)),1) -> 0.41876213 | Q109: =IF(JCIMS!Q109>=0,JCIMS!Q109/INDEX(CIMS!Q$4:Q$41,MATCH("Generic Fuels"&$E109,CIMS!$W$4:$W$41,0)),1) -> 0.39114325 | ... T109: =IF(JCIMS!T109>=0,JCIMS!T109/INDEX(CIMS!T$4:T$41,MATCH("Generic Fuels"&$E109,CIMS!$W$4:$W$41,0)),1) -> 0.36534593 | V109: =C109&D109&E109 -> AlbertaElectricityCoal
C110: Alberta | D110: Electricity | E110: Coke | F110: 2005 | G110: CAD | H110: GJ | I110: JCIMS | J110: =IF(JCIMS!J110>=0,JCIMS!J110/INDEX(CIMS!J$4:J$41,MATCH("Generic Fuels"&$E110,CIMS!$W$4:$W$41,0)),1) -> 1 | K110: =IF(JCIMS!K110>=0,JCIMS!K110/INDEX(CIMS!K$4:K$41,MATCH("Generic Fuels"&$E110,CIMS!$W$4:$W$41,0)),1) -> 1 | L110: =IF(JCIMS!L110>=0,JCIMS!L110/INDEX(CIMS!L$4:L$41,MATCH("Generic Fuels"&$E110,CIMS!$W$4:$W$41,0)),1) -> 1 | M110: =IF(JCIMS!M110>=0,JCIMS!M110/INDEX(CIMS!M$4:M$41,MATCH("Generic Fuels"&$E110,CIMS!$W$4:$W$41,0)),1) -> 1 | N110: =IF(JCIMS!N110>=0,JCIMS!N110/INDEX(CIMS!N$4:N$41,MATCH("Generic Fuels"&$E110,CIMS!$W$4:$W$41,0)),1) -> 1 | O110: =IF(JCIMS!O110>=0,JCIMS!O110/INDEX(CIMS!O$4:O$41,MATCH("Generic Fuels"&$E110,CIMS!$W$4:$W$41,0)),1) -> 1 | P110: =IF(JCIMS!P110>=0,JCIMS!P110/INDEX(CIMS!P$4:P$41,MATCH("Generic Fuels"&$E110,CIMS!$W$4:$W$41,0)),1) -> 1 | Q110: =IF(JCIMS!Q110>=0,JCIMS!Q110/INDEX(CIMS!Q$4:Q$41,MATCH("Generic Fuels"&$E110,CIMS!$W$4:$W$41,0)),1) -> 1 | ... T110: =IF(JCIMS!T110>=0,JCIMS!T110/INDEX(CIMS!T$4:T$41,MATCH("Generic Fuels"&$E110,CIMS!$W$4:$W$41,0)),1) -> 1 | V110: =C110&D110&E110 -> AlbertaElectricityCoke
C111: Alberta | D111: Electricity | E111: Diesel | F111: 2005 | G111: CAD | H111: GJ | I111: JCIMS | J111: =IF(JCIMS!J111>=0,JCIMS!J111/INDEX(CIMS!J$4:J$41,MATCH("Generic Fuels"&$E111,CIMS!$W$4:$W$41,0)),1) -> 0.41480438 | K111: =IF(JCIMS!K111>=0,JCIMS!K111/INDEX(CIMS!K$4:K$41,MATCH("Generic Fuels"&$E111,CIMS!$W$4:$W$41,0)),1) -> 0.51356418 | L111: =IF(JCIMS!L111>=0,JCIMS!L111/INDEX(CIMS!L$4:L$41,MATCH("Generic Fuels"&$E111,CIMS!$W$4:$W$41,0)),1) -> 0.76237285 | M111: =IF(JCIMS!M111>=0,JCIMS!M111/INDEX(CIMS!M$4:M$41,MATCH("Generic Fuels"&$E111,CIMS!$W$4:$W$41,0)),1) -> 0.78591359 | N111: =IF(JCIMS!N111>=0,JCIMS!N111/INDEX(CIMS!N$4:N$41,MATCH("Generic Fuels"&$E111,CIMS!$W$4:$W$41,0)),1) -> 0.92071678 | O111: =IF(JCIMS!O111>=0,JCIMS!O111/INDEX(CIMS!O$4:O$41,MATCH("Generic Fuels"&$E111,CIMS!$W$4:$W$41,0)),1) -> 1.0214588 | P111: =IF(JCIMS!P111>=0,JCIMS!P111/INDEX(CIMS!P$4:P$41,MATCH("Generic Fuels"&$E111,CIMS!$W$4:$W$41,0)),1) -> 1.1090905 | Q111: =IF(JCIMS!Q111>=0,JCIMS!Q111/INDEX(CIMS!Q$4:Q$41,MATCH("Generic Fuels"&$E111,CIMS!$W$4:$W$41,0)),1) -> 1.1820602 | ... T111: =IF(JCIMS!T111>=0,JCIMS!T111/INDEX(CIMS!T$4:T$41,MATCH("Generic Fuels"&$E111,CIMS!$W$4:$W$41,0)),1) -> 1.2564139 | V111: =C111&D111&E111 -> AlbertaElectricityDiesel
C112: Alberta | D112: Electricity | E112: Gasoline | F112: 2005 | G112: CAD | H112: GJ | I112: JCIMS | J112: =IF(JCIMS!J112>=0,JCIMS!J112/INDEX(CIMS!J$4:J$41,MATCH("Generic Fuels"&$E112,CIMS!$W$4:$W$41,0)),1) -> 1 | K112: =IF(JCIMS!K112>=0,JCIMS!K112/INDEX(CIMS!K$4:K$41,MATCH("Generic Fuels"&$E112,CIMS!$W$4:$W$41,0)),1) -> 1 | L112: =IF(JCIMS!L112>=0,JCIMS!L112/INDEX(CIMS!L$4:L$41,MATCH("Generic Fuels"&$E112,CIMS!$W$4:$W$41,0)),1) -> 1 | M112: =IF(JCIMS!M112>=0,JCIMS!M112/INDEX(CIMS!M$4:M$41,MATCH("Generic Fuels"&$E112,CIMS!$W$4:$W$41,0)),1) -> 1 | N112: =IF(JCIMS!N112>=0,JCIMS!N112/INDEX(CIMS!N$4:N$41,MATCH("Generic Fuels"&$E112,CIMS!$W$4:$W$41,0)),1) -> 1 | O112: =IF(JCIMS!O112>=0,JCIMS!O112/INDEX(CIMS!O$4:O$41,MATCH("Generic Fuels"&$E112,CIMS!$W$4:$W$41,0)),1) -> 1 | P112: =IF(JCIMS!P112>=0,JCIMS!P112/INDEX(CIMS!P$4:P$41,MATCH("Generic Fuels"&$E112,CIMS!$W$4:$W$41,0)),1) -> 1 | Q112: =IF(JCIMS!Q112>=0,JCIMS!Q112/INDEX(CIMS!Q$4:Q$41,MATCH("Generic Fuels"&$E112,CIMS!$W$4:$W$41,0)),1) -> 1 | ... T112: =IF(JCIMS!T112>=0,JCIMS!T112/INDEX(CIMS!T$4:T$41,MATCH("Generic Fuels"&$E112,CIMS!$W$4:$W$41,0)),1) -> 1 | V112: =C112&D112&E112 -> AlbertaElectricityGasoline
C113: Alberta | D113: Electricity | E113: Fuel Oil | F113: 2005 | G113: CAD | H113: GJ | I113: JCIMS | J113: =IF(JCIMS!J113>=0,JCIMS!J113/INDEX(CIMS!J$4:J$41,MATCH("Generic Fuels"&$E113,CIMS!$W$4:$W$41,0)),1) -> 1 | K113: =IF(JCIMS!K113>=0,JCIMS!K113/INDEX(CIMS!K$4:K$41,MATCH("Generic Fuels"&$E113,CIMS!$W$4:$W$41,0)),1) -> 1 | L113: =IF(JCIMS!L113>=0,JCIMS!L113/INDEX(CIMS!L$4:L$41,MATCH("Generic Fuels"&$E113,CIMS!$W$4:$W$41,0)),1) -> 1 | M113: =IF(JCIMS!M113>=0,JCIMS!M113/INDEX(CIMS!M$4:M$41,MATCH("Generic Fuels"&$E113,CIMS!$W$4:$W$41,0)),1) -> 1 | N113: =IF(JCIMS!N113>=0,JCIMS!N113/INDEX(CIMS!N$4:N$41,MATCH("Generic Fuels"&$E113,CIMS!$W$4:$W$41,0)),1) -> 1 | O113: =IF(JCIMS!O113>=0,JCIMS!O113/INDEX(CIMS!O$4:O$41,MATCH("Generic Fuels"&$E113,CIMS!$W$4:$W$41,0)),1) -> 1 | P113: =IF(JCIMS!P113>=0,JCIMS!P113/INDEX(CIMS!P$4:P$41,MATCH("Generic Fuels"&$E113,CIMS!$W$4:$W$41,0)),1) -> 1 | Q113: =IF(JCIMS!Q113>=0,JCIMS!Q113/INDEX(CIMS!Q$4:Q$41,MATCH("Generic Fuels"&$E113,CIMS!$W$4:$W$41,0)),1) -> 1 | ... T113: =IF(JCIMS!T113>=0,JCIMS!T113/INDEX(CIMS!T$4:T$41,MATCH("Generic Fuels"&$E113,CIMS!$W$4:$W$41,0)),1) -> 1 | V113: =C113&D113&E113 -> AlbertaElectricityFuel Oil
C114: Alberta | D114: Electricity | E114: Hydrogen | F114: 2005 | G114: CAD | H114: GJ | I114: JCIMS | J114: =IF(JCIMS!J114>=0,JCIMS!J114/INDEX(CIMS!J$4:J$41,MATCH("Generic Fuels"&$E114,CIMS!$W$4:$W$41,0)),1) -> 1 | K114: =IF(JCIMS!K114>=0,JCIMS!K114/INDEX(CIMS!K$4:K$41,MATCH("Generic Fuels"&$E114,CIMS!$W$4:$W$41,0)),1) -> 1 | L114: =IF(JCIMS!L114>=0,JCIMS!L114/INDEX(CIMS!L$4:L$41,MATCH("Generic Fuels"&$E114,CIMS!$W$4:$W$41,0)),1) -> 1 | M114: =IF(JCIMS!M114>=0,JCIMS!M114/INDEX(CIMS!M$4:M$41,MATCH("Generic Fuels"&$E114,CIMS!$W$4:$W$41,0)),1) -> 1 | N114: =IF(JCIMS!N114>=0,JCIMS!N114/INDEX(CIMS!N$4:N$41,MATCH("Generic Fuels"&$E114,CIMS!$W$4:$W$41,0)),1) -> 1 | O114: =IF(JCIMS!O114>=0,JCIMS!O114/INDEX(CIMS!O$4:O$41,MATCH("Generic Fuels"&$E114,CIMS!$W$4:$W$41,0)),1) -> 1 | P114: =IF(JCIMS!P114>=0,JCIMS!P114/INDEX(CIMS!P$4:P$41,MATCH("Generic Fuels"&$E114,CIMS!$W$4:$W$41,0)),1) -> 1 | Q114: =IF(JCIMS!Q114>=0,JCIMS!Q114/INDEX(CIMS!Q$4:Q$41,MATCH("Generic Fuels"&$E114,CIMS!$W$4:$W$41,0)),1) -> 1 | ... T114: =IF(JCIMS!T114>=0,JCIMS!T114/INDEX(CIMS!T$4:T$41,MATCH("Generic Fuels"&$E114,CIMS!$W$4:$W$41,0)),1) -> 1 | V114: =C114&D114&E114 -> AlbertaElectricityHydrogen
C115: Alberta | D115: Electricity | E115: Biogas | F115: 2005 | G115: CAD | H115: GJ | I115: JCIMS | J115: =IF(JCIMS!J115>=0,JCIMS!J115/INDEX(CIMS!J$4:J$41,MATCH("Generic Fuels"&$E115,CIMS!$W$4:$W$41,0)),1) -> 1 | K115: =IF(JCIMS!K115>=0,JCIMS!K115/INDEX(CIMS!K$4:K$41,MATCH("Generic Fuels"&$E115,CIMS!$W$4:$W$41,0)),1) -> 1 | L115: =IF(JCIMS!L115>=0,JCIMS!L115/INDEX(CIMS!L$4:L$41,MATCH("Generic Fuels"&$E115,CIMS!$W$4:$W$41,0)),1) -> 1 | M115: =IF(JCIMS!M115>=0,JCIMS!M115/INDEX(CIMS!M$4:M$41,MATCH("Generic Fuels"&$E115,CIMS!$W$4:$W$41,0)),1) -> 1 | N115: =IF(JCIMS!N115>=0,JCIMS!N115/INDEX(CIMS!N$4:N$41,MATCH("Generic Fuels"&$E115,CIMS!$W$4:$W$41,0)),1) -> 1 | O115: =IF(JCIMS!O115>=0,JCIMS!O115/INDEX(CIMS!O$4:O$41,MATCH("Generic Fuels"&$E115,CIMS!$W$4:$W$41,0)),1) -> 1 | P115: =IF(JCIMS!P115>=0,JCIMS!P115/INDEX(CIMS!P$4:P$41,MATCH("Generic Fuels"&$E115,CIMS!$W$4:$W$41,0)),1) -> 1 | Q115: =IF(JCIMS!Q115>=0,JCIMS!Q115/INDEX(CIMS!Q$4:Q$41,MATCH("Generic Fuels"&$E115,CIMS!$W$4:$W$41,0)),1) -> 1 | ... T115: =IF(JCIMS!T115>=0,JCIMS!T115/INDEX(CIMS!T$4:T$41,MATCH("Generic Fuels"&$E115,CIMS!$W$4:$W$41,0)),1) -> 1 | V115: =C115&D115&E115 -> AlbertaElectricityBiogas
C116: Alberta | D116: Electricity | E116: LPG | F116: 2005 | G116: CAD | H116: GJ | I116: JCIMS | J116: =IF(JCIMS!J116>=0,JCIMS!J116/INDEX(CIMS!J$4:J$41,MATCH("Generic Fuels"&$E116,CIMS!$W$4:$W$41,0)),1) -> 1 | K116: =IF(JCIMS!K116>=0,JCIMS!K116/INDEX(CIMS!K$4:K$41,MATCH("Generic Fuels"&$E116,CIMS!$W$4:$W$41,0)),1) -> 1 | L116: =IF(JCIMS!L116>=0,JCIMS!L116/INDEX(CIMS!L$4:L$41,MATCH("Generic Fuels"&$E116,CIMS!$W$4:$W$41,0)),1) -> 1 | M116: =IF(JCIMS!M116>=0,JCIMS!M116/INDEX(CIMS!M$4:M$41,MATCH("Generic Fuels"&$E116,CIMS!$W$4:$W$41,0)),1) -> 1 | N116: =IF(JCIMS!N116>=0,JCIMS!N116/INDEX(CIMS!N$4:N$41,MATCH("Generic Fuels"&$E116,CIMS!$W$4:$W$41,0)),1) -> 1 | O116: =IF(JCIMS!O116>=0,JCIMS!O116/INDEX(CIMS!O$4:O$41,MATCH("Generic Fuels"&$E116,CIMS!$W$4:$W$41,0)),1) -> 1 | P116: =IF(JCIMS!P116>=0,JCIMS!P116/INDEX(CIMS!P$4:P$41,MATCH("Generic Fuels"&$E116,CIMS!$W$4:$W$41,0)),1) -> 1 | Q116: =IF(JCIMS!Q116>=0,JCIMS!Q116/INDEX(CIMS!Q$4:Q$41,MATCH("Generic Fuels"&$E116,CIMS!$W$4:$W$41,0)),1) -> 1 | ... T116: =IF(JCIMS!T116>=0,JCIMS!T116/INDEX(CIMS!T$4:T$41,MATCH("Generic Fuels"&$E116,CIMS!$W$4:$W$41,0)),1) -> 1 | V116: =C116&D116&E116 -> AlbertaElectricityLPG
C117: Alberta | D117: Electricity | E117: Natural Gas | F117: 2005 | G117: CAD | H117: GJ | I117: JCIMS | J117: =IF(JCIMS!J117>=0,JCIMS!J117/INDEX(CIMS!J$4:J$41,MATCH("Generic Fuels"&$E117,CIMS!$W$4:$W$41,0)),1) -> 0.89257052 | K117: =IF(JCIMS!K117>=0,JCIMS!K117/INDEX(CIMS!K$4:K$41,MATCH("Generic Fuels"&$E117,CIMS!$W$4:$W$41,0)),1) -> 0.66354669 | L117: =IF(JCIMS!L117>=0,JCIMS!L117/INDEX(CIMS!L$4:L$41,MATCH("Generic Fuels"&$E117,CIMS!$W$4:$W$41,0)),1) -> 1.2118735 | M117: =IF(JCIMS!M117>=0,JCIMS!M117/INDEX(CIMS!M$4:M$41,MATCH("Generic Fuels"&$E117,CIMS!$W$4:$W$41,0)),1) -> 0.78697598 | N117: =IF(JCIMS!N117>=0,JCIMS!N117/INDEX(CIMS!N$4:N$41,MATCH("Generic Fuels"&$E117,CIMS!$W$4:$W$41,0)),1) -> 2.9443638 | O117: =IF(JCIMS!O117>=0,JCIMS!O117/INDEX(CIMS!O$4:O$41,MATCH("Generic Fuels"&$E117,CIMS!$W$4:$W$41,0)),1) -> 2.9814089 | P117: =IF(JCIMS!P117>=0,JCIMS!P117/INDEX(CIMS!P$4:P$41,MATCH("Generic Fuels"&$E117,CIMS!$W$4:$W$41,0)),1) -> 3.2004148 | Q117: =IF(JCIMS!Q117>=0,JCIMS!Q117/INDEX(CIMS!Q$4:Q$41,MATCH("Generic Fuels"&$E117,CIMS!$W$4:$W$41,0)),1) -> 2.9752326 | ... T117: =IF(JCIMS!T117>=0,JCIMS!T117/INDEX(CIMS!T$4:T$41,MATCH("Generic Fuels"&$E117,CIMS!$W$4:$W$41,0)),1) -> 1.9662209 | V117: =C117&D117&E117 -> AlbertaElectricityNatural Gas
C118: Alberta | D118: Electricity | E118: Petroleum Coke | F118: 2005 | G118: CAD | H118: GJ | I118: JCIMS | J118: =IF(JCIMS!J118>=0,JCIMS!J118/INDEX(CIMS!J$4:J$41,MATCH("Generic Fuels"&$E118,CIMS!$W$4:$W$41,0)),1) -> 1 | K118: =IF(JCIMS!K118>=0,JCIMS!K118/INDEX(CIMS!K$4:K$41,MATCH("Generic Fuels"&$E118,CIMS!$W$4:$W$41,0)),1) -> 1 | L118: =IF(JCIMS!L118>=0,JCIMS!L118/INDEX(CIMS!L$4:L$41,MATCH("Generic Fuels"&$E118,CIMS!$W$4:$W$41,0)),1) -> 1 | M118: =IF(JCIMS!M118>=0,JCIMS!M118/INDEX(CIMS!M$4:M$41,MATCH("Generic Fuels"&$E118,CIMS!$W$4:$W$41,0)),1) -> 1 | N118: =IF(JCIMS!N118>=0,JCIMS!N118/INDEX(CIMS!N$4:N$41,MATCH("Generic Fuels"&$E118,CIMS!$W$4:$W$41,0)),1) -> 1 | O118: =IF(JCIMS!O118>=0,JCIMS!O118/INDEX(CIMS!O$4:O$41,MATCH("Generic Fuels"&$E118,CIMS!$W$4:$W$41,0)),1) -> 1 | P118: =IF(JCIMS!P118>=0,JCIMS!P118/INDEX(CIMS!P$4:P$41,MATCH("Generic Fuels"&$E118,CIMS!$W$4:$W$41,0)),1) -> 1 | Q118: =IF(JCIMS!Q118>=0,JCIMS!Q118/INDEX(CIMS!Q$4:Q$41,MATCH("Generic Fuels"&$E118,CIMS!$W$4:$W$41,0)),1) -> 1 | ... T118: =IF(JCIMS!T118>=0,JCIMS!T118/INDEX(CIMS!T$4:T$41,MATCH("Generic Fuels"&$E118,CIMS!$W$4:$W$41,0)),1) -> 1 | V118: =C118&D118&E118 -> AlbertaElectricityPetroleum Coke
... C123: Alberta | D123: Electricity | E123: Solid Biomass | F123: 2005 | G123: CAD | H123: GJ | I123: JCIMS | J123: =IF(JCIMS!J123>=0,JCIMS!J123/INDEX(CIMS!J$4:J$41,MATCH("Generic Fuels"&$E123,CIMS!$W$4:$W$41,0)),1) -> 1.0307644 | K123: =IF(JCIMS!K123>=0,JCIMS!K123/INDEX(CIMS!K$4:K$41,MATCH("Generic Fuels"&$E123,CIMS!$W$4:$W$41,0)),1) -> 1 | L123: =IF(JCIMS!L123>=0,JCIMS!L123/INDEX(CIMS!L$4:L$41,MATCH("Generic Fuels"&$E123,CIMS!$W$4:$W$41,0)),1) -> 0.62498649 | M123: =IF(JCIMS!M123>=0,JCIMS!M123/INDEX(CIMS!M$4:M$41,MATCH("Generic Fuels"&$E123,CIMS!$W$4:$W$41,0)),1) -> 0.62498649 | N123: =IF(JCIMS!N123>=0,JCIMS!N123/INDEX(CIMS!N$4:N$41,MATCH("Generic Fuels"&$E123,CIMS!$W$4:$W$41,0)),1) -> 0.62498649 | O123: =IF(JCIMS!O123>=0,JCIMS!O123/INDEX(CIMS!O$4:O$41,MATCH("Generic Fuels"&$E123,CIMS!$W$4:$W$41,0)),1) -> 0.62498649 | P123: =IF(JCIMS!P123>=0,JCIMS!P123/INDEX(CIMS!P$4:P$41,MATCH("Generic Fuels"&$E123,CIMS!$W$4:$W$41,0)),1) -> 0.62498649 | Q123: =IF(JCIMS!Q123>=0,JCIMS!Q123/INDEX(CIMS!Q$4:Q$41,MATCH("Generic Fuels"&$E123,CIMS!$W$4:$W$41,0)),1) -> 0.62498649 | ... T123: =IF(JCIMS!T123>=0,JCIMS!T123/INDEX(CIMS!T$4:T$41,MATCH("Generic Fuels"&$E123,CIMS!$W$4:$W$41,0)),1) -> 0.62498649 | V123: =C123&D123&E123 -> AlbertaElectricitySolid Biomass
...

Sheet JCIMS
B1: Category | C1: Region | D1: Sector | E1: Fuel | F1: Unit | I1: Source | J1: 2000 | K1: 2005 | L1: 2010 | M1: 2015 | N1: 2020 | O1: 2025 | P1: 2030 | Q1: 2035 | R1: 2040 | S1: 2045 | T1: 2050 | AE1: 2000 | AF1: 2005 | AG1: 2010 | AH1: 2015 | AI1: 2020 | AJ1: 2025 | AK1: 2030 | AL1: 2035 | AM1: 2040 | AN1: 2045 | AO1: 2050
F2: Year | G2: Currency | H2: Commodity | J2: JCIMS final user price | AD2: Data collected from JCIMS
B3: JCIMS final user price
C4: AB | D4: Agriculture | E4: Biodiesel | F4: 2005 | G4: CAD | H4: GJ | J4: {=IFERROR(_xlfn._xlws.FILTER(AE$4:AE$6723,(AE$4:AE$6723>=0)*($AB$4:$AB$6723=$C4)*($AC$4:$AC$6723=$D4)*(ISNUMBER(_xlfn.XMATCH($AD$4:$AD$6723,$V4:$Z4,0)))),-1)} -> 25.894454 | K4: {=IFERROR(_xlfn._xlws.FILTER(AF$4:AF$6723,(AF$4:AF$6723>=0)*($AB$4:$AB$6723=$C4)*($AC$4:$AC$6723=$D4)*(ISNUMBER(_xlfn.XMATCH($AD$4:$AD$6723,$V4:$Z4,0)))),-1)} -> 31.806651 | L4: {=IFERROR(_xlfn._xlws.FILTER(AG$4:AG$6723,(AG$4:AG$6723>=0)*($AB$4:$AB$6723=$C4)*($AC$4:$AC$6723=$D4)*(ISNUMBER(_xlfn.XMATCH($AD$4:$AD$6723,$V4:$Z4,0)))),-1)} -> 42.233208 | M4: {=IFERROR(_xlfn._xlws.FILTER(AH$4:AH$6723,(AH$4:AH$6723>=0)*($AB$4:$AB$6723=$C4)*($AC$4:$AC$6723=$D4)*(ISNUMBER(_xlfn.XMATCH($AD$4:$AD$6723,$V4:$Z4,0)))),-1)} -> 45.888225 | N4: {=IFERROR(_xlfn._xlws.FILTER(AI$4:AI$6723,(AI$4:AI$6723>=0)*($AB$4:$AB$6723=$C4)*($AC$4:$AC$6723=$D4)*(ISNUMBER(_xlfn.XMATCH($AD$4:$AD$6723,$V4:$Z4,0)))),-1)} -> 49.439287 | O4: {=IFERROR(_xlfn._xlws.FILTER(AJ$4:AJ$6723,(AJ$4:AJ$6723>=0)*($AB$4:$AB$6723=$C4)*($AC$4:$AC$6723=$D4)*(ISNUMBER(_xlfn.XMATCH($AD$4:$AD$6723,$V4:$Z4,0)))),-1)} -> 65.487499 | P4: {=IFERROR(_xlfn._xlws.FILTER(AK$4:AK$6723,(AK$4:AK$6723>=0)*($AB$4:$AB$6723=$C4)*($AC$4:$AC$6723=$D4)*(ISNUMBER(_xlfn.XMATCH($AD$4:$AD$6723,$V4:$Z4,0)))),-1)} -> 63.017398 | Q4: {=IFERROR(_xlfn._xlws.FILTER(AL$4:AL$6723,(AL$4:AL$6723>=0)*($AB$4:$AB$6723=$C4)*($AC$4:$AC$6723=$D4)*(ISNUMBER(_xlfn.XMATCH($AD$4:$AD$6723,$V4:$Z4,0)))),-1)} -> 60.668356 | ... T4: {=IFERROR(_xlfn._xlws.FILTER(AO$4:AO$6723,(AO$4:AO$6723>=0)*($AB$4:$AB$6723=$C4)*($AC$4:$AC$6723=$D4)*(ISNUMBER(_xlfn.XMATCH($AD$4:$AD$6723,$V4:$Z4,0)))),-1)} -> 58.43444 | V4: Biodiesel | AB4: AB | AC4: Agriculture | AD4: Aviation Turbo Fuel | AE4: -1 | AF4: -1 | AG4: -1 | AH4: -1 | AI4: -1 | AJ4: -1 | AK4: -1 | AL4: -1 | AM4: -1 | AN4: -1 | AO4: -1
C5: AB | D5: Agriculture | E5: Electricity | F5: 2005 | G5: CAD | H5: GJ | J5: {=IFERROR(_xlfn._xlws.FILTER(AE$4:AE$6723,(AE$4:AE$6723>=0)*($AB$4:$AB$6723=$C5)*($AC$4:$AC$6723=$D5)*(ISNUMBER(_xlfn.XMATCH($AD$4:$AD$6723,$V5:$Z5,0)))),-1)} -> 23.459667 | K5: {=IFERROR(_xlfn._xlws.FILTER(AF$4:AF$6723,(AF$4:AF$6723>=0)*($AB$4:$AB$6723=$C5)*($AC$4:$AC$6723=$D5)*(ISNUMBER(_xlfn.XMATCH($AD$4:$AD$6723,$V5:$Z5,0)))),-1)} -> 26.178836 | L5: {=IFERROR(_xlfn._xlws.FILTER(AG$4:AG$6723,(AG$4:AG$6723>=0)*($AB$4:$AB$6723=$C5)*($AC$4:$AC$6723=$D5)*(ISNUMBER(_xlfn.XMATCH($AD$4:$AD$6723,$V5:$Z5,0)))),-1)} -> 18.528762 | M5: {=IFERROR(_xlfn._xlws.FILTER(AH$4:AH$6723,(AH$4:AH$6723>=0)*($AB$4:$AB$6723=$C5)*($AC$4:$AC$6723=$D5)*(ISNUMBER(_xlfn.XMATCH($AD$4:$AD$6723,$V5:$Z5,0)))),-1)} -> 26.432553 | N5: {=IFERROR(_xlfn._xlws.FILTER(AI$4:AI$6723,(AI$4:AI$6723>=0)*($AB$4:$AB$6723=$C5)*($AC$4:$AC$6723=$D5)*(ISNUMBER(_xlfn.XMATCH($AD$4:$AD$6723,$V5:$Z5,0)))),-1)} -> 26.34597 | O5: {=IFERROR(_xlfn._xlws.FILTER(AJ$4:AJ$6723,(AJ$4:AJ$6723>=0)*($AB$4:$AB$6723=$C5)*($AC$4:$AC$6723=$D5)*(ISNUMBER(_xlfn.XMATCH($AD$4:$AD$6723,$V5:$Z5,0)))),-1)} -> 30.16269 | P5: {=IFERROR(_xlfn._xlws.FILTER(AK$4:AK$6723,(AK$4:AK$6723>=0)*($AB$4:$AB$6723=$C5)*($AC$4:$AC$6723=$D5)*(ISNUMBER(_xlfn.XMATCH($AD$4:$AD$6723,$V5:$Z5,0)))),-1)} -> 35.681031 | Q5: {=IFERROR(_xlfn._xlws.FILTER(AL$4:AL$6723,(AL$4:AL$6723>=0)*($AB$4:$AB$6723=$C5)*($AC$4:$AC$6723=$D5)*(ISNUMBER(_xlfn.XMATCH($AD$4:$AD$6723,$V5:$Z5,0)))),-1)} -> 35.695167 | ... T5: {=IFERROR(_xlfn._xlws.FILTER(AO$4:AO$6723,(AO$4:AO$6723>=0)*($AB$4:$AB$6723=$C5)*($AC$4:$AC$6723=$D5)*(ISNUMBER(_xlfn.XMATCH($AD$4:$AD$6723,$V5:$Z5,0)))),-1)} -> 35.695167 | V5: Electricity | AB5: AB | AC5: Agriculture | AD5: Biodiesel | AE5: 25.894454 | AF5: 31.806651 | AG5: 42.233208 | AH5: 45.888225 | AI5: 49.439287 | AJ5: 65.487499 | AK5: 63.017398 | AL5: 60.668356 | AM5: 58.43444 | AN5: 58.43444 | AO5: 58.43444
C6: AB | D6: Agriculture | E6: Ethanol | F6: 2005 | G6: CAD | H6: GJ | J6: {=IFERROR(_xlfn._xlws.FILTER(AE$4:AE$6723,(AE$4:AE$6723>=0)*($AB$4:$AB$6723=$C6)*($AC$4:$AC$6723=$D6)*(ISNUMBER(_xlfn.XMATCH($AD$4:$AD$6723,$V6:$Z6,0)))),-1)} -> -1 | K6: {=IFERROR(_xlfn._xlws.FILTER(AF$4:AF$6723,(AF$4:AF$6723>=0)*($AB$4:$AB$6723=$C6)*($AC$4:$AC$6723=$D6)*(ISNUMBER(_xlfn.XMATCH($AD$4:$AD$6723,$V6:$Z6,0)))),-1)} -> -1 | L6: {=IFERROR(_xlfn._xlws.FILTER(AG$4:AG$6723,(AG$4:AG$6723>=0)*($AB$4:$AB$6723=$C6)*($AC$4:$AC$6723=$D6)*(ISNUMBER(_xlfn.XMATCH($AD$4:$AD$6723,$V6:$Z6,0)))),-1)} -> -1 | M6: {=IFERROR(_xlfn._xlws.FILTER(AH$4:AH$6723,(AH$4:AH$6723>=0)*($AB$4:$AB$6723=$C6)*($AC$4:$AC$6723=$D6)*(ISNUMBER(_xlfn.XMATCH($AD$4:$AD$6723,$V6:$Z6,0)))),-1)} -> -1 | N6: {=IFERROR(_xlfn._xlws.FILTER(AI$4:AI$6723,(AI$4:AI$6723>=0)*($AB$4:$AB$6723=$C6)*($AC$4:$AC$6723=$D6)*(ISNUMBER(_xlfn.XMATCH($AD$4:$AD$6723,$V6:$Z6,0)))),-1)} -> -1 | O6: {=IFERROR(_xlfn._xlws.FILTER(AJ$4:AJ$6723,(AJ$4:AJ$6723>=0)*($AB$4:$AB$6723=$C6)*($AC$4:$AC$6723=$D6)*(ISNUMBER(_xlfn.XMATCH($AD$4:$AD$6723,$V6:$Z6,0)))),-1)} -> -1 | P6: {=IFERROR(_xlfn._xlws.FILTER(AK$4:AK$6723,(AK$4:AK$6723>=0)*($AB$4:$AB$6723=$C6)*($AC$4:$AC$6723=$D6)*(ISNUMBER(_xlfn.XMATCH($AD$4:$AD$6723,$V6:$Z6,0)))),-1)} -> -1 | Q6: {=IFERROR(_xlfn._xlws.FILTER(AL$4:AL$6723,(AL$4:AL$6723>=0)*($AB$4:$AB$6723=$C6)*($AC$4:$AC$6723=$D6)*(ISNUMBER(_xlfn.XMATCH($AD$4:$AD$6723,$V6:$Z6,0)))),-1)} -> -1 | ... T6: {=IFERROR(_xlfn._xlws.FILTER(AO$4:AO$6723,(AO$4:AO$6723>=0)*($AB$4:$AB$6723=$C6)*($AC$4:$AC$6723=$D6)*(ISNUMBER(_xlfn.XMATCH($AD$4:$AD$6723,$V6:$Z6,0)))),-1)} -> -1 | V6: Ethanol | AB6: AB | AC6: Agriculture | AD6: Biomethane | AE6: -1 | AF6: -1 | AG6: -1 | AH6: -1 | AI6: -1 | AJ6: -1 | AK6: -1 | AL6: -1 | AM6: -1 | AN6: -1 | AO6: -1
C7: AB | D7: Agriculture | E7: Aviation Turbo Fuel | F7: 2005 | G7: CAD | H7: GJ | J7: {=IFERROR(_xlfn._xlws.FILTER(AE$4:AE$6723,(AE$4:AE$6723>=0)*($AB$4:$AB$6723=$C7)*($AC$4:$AC$6723=$D7)*(ISNUMBER(_xlfn.XMATCH($AD$4:$AD$6723,$V7:$Z7,0)))),-1)} -> -1 | K7: {=IFERROR(_xlfn._xlws.FILTER(AF$4:AF$6723,(AF$4:AF$6723>=0)*($AB$4:$AB$6723=$C7)*($AC$4:$AC$6723=$D7)*(ISNUMBER(_xlfn.XMATCH($AD$4:$AD$6723,$V7:$Z7,0)))),-1)} -> -1 | L7: {=IFERROR(_xlfn._xlws.FILTER(AG$4:AG$6723,(AG$4:AG$6723>=0)*($AB$4:$AB$6723=$C7)*($AC$4:$AC$6723=$D7)*(ISNUMBER(_xlfn.XMATCH($AD$4:$AD$6723,$V7:$Z7,0)))),-1)} -> -1 | M7: {=IFERROR(_xlfn._xlws.FILTER(AH$4:AH$6723,(AH$4:AH$6723>=0)*($AB$4:$AB$6723=$C7)*($AC$4:$AC$6723=$D7)*(ISNUMBER(_xlfn.XMATCH($AD$4:$AD$6723,$V7:$Z7,0)))),-1)} -> -1 | N7: {=IFERROR(_xlfn._xlws.FILTER(AI$4:AI$6723,(AI$4:AI$6723>=0)*($AB$4:$AB$6723=$C7)*($AC$4:$AC$6723=$D7)*(ISNUMBER(_xlfn.XMATCH($AD$4:$AD$6723,$V7:$Z7,0)))),-1)} -> -1 | O7: {=IFERROR(_xlfn._xlws.FILTER(AJ$4:AJ$6723,(AJ$4:AJ$6723>=0)*($AB$4:$AB$6723=$C7)*($AC$4:$AC$6723=$D7)*(ISNUMBER(_xlfn.XMATCH($AD$4:$AD$6723,$V7:$Z7,0)))),-1)} -> -1 | P7: {=IFERROR(_xlfn._xlws.FILTER(AK$4:AK$6723,(AK$4:AK$6723>=0)*($AB$4:$AB$6723=$C7)*($AC$4:$AC$6723=$D7)*(ISNUMBER(_xlfn.XMATCH($AD$4:$AD$6723,$V7:$Z7,0)))),-1)} -> -1 | Q7: {=IFERROR(_xlfn._xlws.FILTER(AL$4:AL$6723,(AL$4:AL$6723>=0)*($AB$4:$AB$6723=$C7)*($AC$4:$AC$6723=$D7)*(ISNUMBER(_xlfn.XMATCH($AD$4:$AD$6723,$V7:$Z7,0)))),-1)} -> -1 | ... T7: {=IFERROR(_xlfn._xlws.FILTER(AO$4:AO$6723,(AO$4:AO$6723>=0)*($AB$4:$AB$6723=$C7)*($AC$4:$AC$6723=$D7)*(ISNUMBER(_xlfn.XMATCH($AD$4:$AD$6723,$V7:$Z7,0)))),-1)} -> -1 | V7: Aviation Turbo Fuel | AB7: AB | AC7: Agriculture | AD7: Bitumen | AE7: -1 | AF7: -1 | AG7: -1 | AH7: -1 | AI7: -1 | AJ7: -1 | AK7: -1 | AL7: -1 | AM7: -1 | AN7: -1 | AO7: -1
C8: AB | D8: Agriculture | E8: Black Liquor | F8: 2005 | G8: CAD | H8: GJ | J8: {=IFERROR(_xlfn._xlws.FILTER(AE$4:AE$6723,(AE$4:AE$6723>=0)*($AB$4:$AB$6723=$C8)*($AC$4:$AC$6723=$D8)*(ISNUMBER(_xlfn.XMATCH($AD$4:$AD$6723,$V8:$Z8,0)))),-1)} -> -1 | K8: {=IFERROR(_xlfn._xlws.FILTER(AF$4:AF$6723,(AF$4:AF$6723>=0)*($AB$4:$AB$6723=$C8)*($AC$4:$AC$6723=$D8)*(ISNUMBER(_xlfn.XMATCH($AD$4:$AD$6723,$V8:$Z8,0)))),-1)} -> -1 | L8: {=IFERROR(_xlfn._xlws.FILTER(AG$4:AG$6723,(AG$4:AG$6723>=0)*($AB$4:$AB$6723=$C8)*($AC$4:$AC$6723=$D8)*(ISNUMBER(_xlfn.XMATCH($AD$4:$AD$6723,$V8:$Z8,0)))),-1)} -> -1 | M8: {=IFERROR(_xlfn._xlws.FILTER(AH$4:AH$6723,(AH$4:AH$6723>=0)*($AB$4:$AB$6723=$C8)*($AC$4:$AC$6723=$D8)*(ISNUMBER(_xlfn.XMATCH($AD$4:$AD$6723,$V8:$Z8,0)))),-1)} -> -1 | N8: {=IFERROR(_xlfn._xlws.FILTER(AI$4:AI$6723,(AI$4:AI$6723>=0)*($AB$4:$AB$6723=$C8)*($AC$4:$AC$6723=$D8)*(ISNUMBER(_xlfn.XMATCH($AD$4:$AD$6723,$V8:$Z8,0)))),-1)} -> -1 | O8: {=IFERROR(_xlfn._xlws.FILTER(AJ$4:AJ$6723,(AJ$4:AJ$6723>=0)*($AB$4:$AB$6723=$C8)*($AC$4:$AC$6723=$D8)*(ISNUMBER(_xlfn.XMATCH($AD$4:$AD$6723,$V8:$Z8,0)))),-1)} -> -1 | P8: {=IFERROR(_xlfn._xlws.FILTER(AK$4:AK$6723,(AK$4:AK$6723>=0)*($AB$4:$AB$6723=$C8)*($AC$4:$AC$6723=$D8)*(ISNUMBER(_xlfn.XMATCH($AD$4:$AD$6723,$V8:$Z8,0)))),-1)} -> -1 | Q8: {=IFERROR(_xlfn._xlws.FILTER(AL$4:AL$6723,(AL$4:AL$6723>=0)*($AB$4:$AB$6723=$C8)*($AC$4:$AC$6723=$D8)*(ISNUMBER(_xlfn.XMATCH($AD$4:$AD$6723,$V8:$Z8,0)))),-1)} -> -1 | ... T8: {=IFERROR(_xlfn._xlws.FILTER(AO$4:AO$6723,(AO$4:AO$6723>=0)*($AB$4:$AB$6723=$C8)*($AC$4:$AC$6723=$D8)*(ISNUMBER(_xlfn.XMATCH($AD$4:$AD$6723,$V8:$Z8,0)))),-1)} -> -1 | V8: Black Liquor | AB8: AB | AC8: Agriculture | AD8: Black Liquor | AE8: -1 | AF8: -1 | AG8: -1 | AH8: -1 | AI8: -1 | AJ8: -1 | AK8: -1 | AL8: -1 | AM8: -1 | AN8: -1 | AO8: -1
C9: AB | D9: Agriculture | E9: Coal | F9: 2005 | G9: CAD | H9: GJ | J9: {=IFERROR(_xlfn._xlws.FILTER(AE$4:AE$6723,(AE$4:AE$6723>=0)*($AB$4:$AB$6723=$C9)*($AC$4:$AC$6723=$D9)*(ISNUMBER(_xlfn.XMATCH($AD$4:$AD$6723,$V9:$Z9,0)))),-1)} -> -1 | K9: {=IFERROR(_xlfn._xlws.FILTER(AF$4:AF$6723,(AF$4:AF$6723>=0)*($AB$4:$AB$6723=$C9)*($AC$4:$AC$6723=$D9)*(ISNUMBER(_xlfn.XMATCH($AD$4:$AD$6723,$V9:$Z9,0)))),-1)} -> -1 | L9: {=IFERROR(_xlfn._xlws.FILTER(AG$4:AG$6723,(AG$4:AG$6723>=0)*($AB$4:$AB$6723=$C9)*($AC$4:$AC$6723=$D9)*(ISNUMBER(_xlfn.XMATCH($AD$4:$AD$6723,$V9:$Z9,0)))),-1)} -> -1 | M9: {=IFERROR(_xlfn._xlws.FILTER(AH$4:AH$6723,(AH$4:AH$6723>=0)*($AB$4:$AB$6723=$C9)*($AC$4:$AC$6723=$D9)*(ISNUMBER(_xlfn.XMATCH($AD$4:$AD$6723,$V9:$Z9,0)))),-1)} -> -1 | N9: {=IFERROR(_xlfn._xlws.FILTER(AI$4:AI$6723,(AI$4:AI$6723>=0)*($AB$4:$AB$6723=$C9)*($AC$4:$AC$6723=$D9)*(ISNUMBER(_xlfn.XMATCH($AD$4:$AD$6723,$V9:$Z9,0)))),-1)} -> -1 | O9: {=IFERROR(_xlfn._xlws.FILTER(AJ$4:AJ$6723,(AJ$4:AJ$6723>=0)*($AB$4:$AB$6723=$C9)*($AC$4:$AC$6723=$D9)*(ISNUMBER(_xlfn.XMATCH($AD$4:$AD$6723,$V9:$Z9,0)))),-1)} -> -1 | P9: {=IFERROR(_xlfn._xlws.FILTER(AK$4:AK$6723,(AK$4:AK$6723>=0)*($AB$4:$AB$6723=$C9)*($AC$4:$AC$6723=$D9)*(ISNUMBER(_xlfn.XMATCH($AD$4:$AD$6723,$V9:$Z9,0)))),-1)} -> -1 | Q9: {=IFERROR(_xlfn._xlws.FILTER(AL$4:AL$6723,(AL$4:AL$6723>=0)*($AB$4:$AB$6723=$C9)*($AC$4:$AC$6723=$D9)*(ISNUMBER(_xlfn.XMATCH($AD$4:$AD$6723,$V9:$Z9,0)))),-1)} -> -1 | ... T9: {=IFERROR(_xlfn._xlws.FILTER(AO$4:AO$6723,(AO$4:AO$6723>=0)*($AB$4:$AB$6723=$C9)*($AC$4:$AC$6723=$D9)*(ISNUMBER(_xlfn.XMATCH($AD$4:$AD$6723,$V9:$Z9,0)))),-1)} -> -1 | V9: Coal Bituminous Appalachian | W9: Coal Bituminous Eastern | X9: Coal Lignite Western | Y9: Coal Sub Bituminous Western | Z9: Metallurgical Coal | AB9: AB | AC9: Agriculture | AD9: Byproduct gas | AE9: -1 | AF9: -1 | AG9: -1 | AH9: -1 | AI9: -1 | AJ9: -1 | AK9: -1 | AL9: -1 | AM9: -1 | AN9: -1 | AO9: -1
C10: AB | D10: Agriculture | E10: Coke | F10: 2005 | G10: CAD | H10: GJ | J10: {=IFERROR(_xlfn._xlws.FILTER(AE$4:AE$6723,(AE$4:AE$6723>=0)*($AB$4:$AB$6723=$C10)*($AC$4:$AC$6723=$D10)*(ISNUMBER(_xlfn.XMATCH($AD$4:$AD$6723,$V10:$Z10,0)))),-1)} -> -1 | K10: {=IFERROR(_xlfn._xlws.FILTER(AF$4:AF$6723,(AF$4:AF$6723>=0)*($AB$4:$AB$6723=$C10)*($AC$4:$AC$6723=$D10)*(ISNUMBER(_xlfn.XMATCH($AD$4:$AD$6723,$V10:$Z10,0)))),-1)} -> -1 | L10: {=IFERROR(_xlfn._xlws.FILTER(AG$4:AG$6723,(AG$4:AG$6723>=0)*($AB$4:$AB$6723=$C10)*($AC$4:$AC$6723=$D10)*(ISNUMBER(_xlfn.XMATCH($AD$4:$AD$6723,$V10:$Z10,0)))),-1)} -> -1 | M10: {=IFERROR(_xlfn._xlws.FILTER(AH$4:AH$6723,(AH$4:AH$6723>=0)*($AB$4:$AB$6723=$C10)*($AC$4:$AC$6723=$D10)*(ISNUMBER(_xlfn.XMATCH($AD$4:$AD$6723,$V10:$Z10,0)))),-1)} -> -1 | N10: {=IFERROR(_xlfn._xlws.FILTER(AI$4:AI$6723,(AI$4:AI$6723>=0)*($AB$4:$AB$6723=$C10)*($AC$4:$AC$6723=$D10)*(ISNUMBER(_xlfn.XMATCH($AD$4:$AD$6723,$V10:$Z10,0)))),-1)} -> -1 | O10: {=IFERROR(_xlfn._xlws.FILTER(AJ$4:AJ$6723,(AJ$4:AJ$6723>=0)*($AB$4:$AB$6723=$C10)*($AC$4:$AC$6723=$D10)*(ISNUMBER(_xlfn.XMATCH($AD$4:$AD$6723,$V10:$Z10,0)))),-1)} -> -1 | P10: {=IFERROR(_xlfn._xlws.FILTER(AK$4:AK$6723,(AK$4:AK$6723>=0)*($AB$4:$AB$6723=$C10)*($AC$4:$AC$6723=$D10)*(ISNUMBER(_xlfn.XMATCH($AD$4:$AD$6723,$V10:$Z10,0)))),-1)} -> -1 | Q10: {=IFERROR(_xlfn._xlws.FILTER(AL$4:AL$6723,(AL$4:AL$6723>=0)*($AB$4:$AB$6723=$C10)*($AC$4:$AC$6723=$D10)*(ISNUMBER(_xlfn.XMATCH($AD$4:$AD$6723,$V10:$Z10,0)))),-1)} -> -1 | ... T10: {=IFERROR(_xlfn._xlws.FILTER(AO$4:AO$6723,(AO$4:AO$6723>=0)*($AB$4:$AB$6723=$C10)*($AC$4:$AC$6723=$D10)*(ISNUMBER(_xlfn.XMATCH($AD$4:$AD$6723,$V10:$Z10,0)))),-1)} -> -1 | V10: Metallurgical Coal | AB10: AB | AC10: Agriculture | AD10: Coal Bituminous Appalachian | AE10: -1 | AF10: -1 | AG10: -1 | AH10: -1 | AI10: -1 | AJ10: -1 | AK10: -1 | AL10: -1 | AM10: -1 | AN10: -1 | AO10: -1
C11: AB | D11: Agriculture | E11: Diesel | F11: 2005 | G11: CAD | H11: GJ | J11: {=IFERROR(_xlfn._xlws.FILTER(AE$4:AE$6723,(AE$4:AE$6723>=0)*($AB$4:$AB$6723=$C11)*($AC$4:$AC$6723=$D11)*(ISNUMBER(_xlfn.XMATCH($AD$4:$AD$6723,$V11:$Z11,0)))),-1)} -> 17.87105 | K11: {=IFERROR(_xlfn._xlws.FILTER(AF$4:AF$6723,(AF$4:AF$6723>=0)*($AB$4:$AB$6723=$C11)*($AC$4:$AC$6723=$D11)*(ISNUMBER(_xlfn.XMATCH($AD$4:$AD$6723,$V11:$Z11,0)))),-1)} -> 22.125927 | L11: {=IFERROR(_xlfn._xlws.FILTER(AG$4:AG$6723,(AG$4:AG$6723>=0)*($AB$4:$AB$6723=$C11)*($AC$4:$AC$6723=$D11)*(ISNUMBER(_xlfn.XMATCH($AD$4:$AD$6723,$V11:$Z11,0)))),-1)} -> 32.128058 | M11: {=IFERROR(_xlfn._xlws.FILTER(AH$4:AH$6723,(AH$4:AH$6723>=0)*($AB$4:$AB$6723=$C11)*($AC$4:$AC$6723=$D11)*(ISNUMBER(_xlfn.XMATCH($AD$4:$AD$6723,$V11:$Z11,0)))),-1)} -> 33.509307 | N11: {=IFERROR(_xlfn._xlws.FILTER(AI$4:AI$6723,(AI$4:AI$6723>=0)*($AB$4:$AB$6723=$C11)*($AC$4:$AC$6723=$D11)*(ISNUMBER(_xlfn.XMATCH($AD$4:$AD$6723,$V11:$Z11,0)))),-1)} -> 39.872491 | O11: {=IFERROR(_xlfn._xlws.FILTER(AJ$4:AJ$6723,(AJ$4:AJ$6723>=0)*($AB$4:$AB$6723=$C11)*($AC$4:$AC$6723=$D11)*(ISNUMBER(_xlfn.XMATCH($AD$4:$AD$6723,$V11:$Z11,0)))),-1)} -> 42.553319 | P11: {=IFERROR(_xlfn._xlws.FILTER(AK$4:AK$6723,(AK$4:AK$6723>=0)*($AB$4:$AB$6723=$C11)*($AC$4:$AC$6723=$D11)*(ISNUMBER(_xlfn.XMATCH($AD$4:$AD$6723,$V11:$Z11,0)))),-1)} -> 44.364077 | Q11: {=IFERROR(_xlfn._xlws.FILTER(AL$4:AL$6723,(AL$4:AL$6723>=0)*($AB$4:$AB$6723=$C11)*($AC$4:$AC$6723=$D11)*(ISNUMBER(_xlfn.XMATCH($AD$4:$AD$6723,$V11:$Z11,0)))),-1)} -> 45.307288 | ... T11: {=IFERROR(_xlfn._xlws.FILTER(AO$4:AO$6723,(AO$4:AO$6723>=0)*($AB$4:$AB$6723=$C11)*($AC$4:$AC$6723=$D11)*(ISNUMBER(_xlfn.XMATCH($AD$4:$AD$6723,$V11:$Z11,0)))),-1)} -> 46.570622 | V11: Diesel Road | W11: Diesel Marine | X11: Diesel Rail | Y11: Diesel Offroad | AB11: AB | AC11: Agriculture | AD11: Coal Bituminous Eastern | AE11: -1 | AF11: -1 | AG11: -1 | AH11: -1 | AI11: -1 | AJ11: -1 | AK11: -1 | AL11: -1 | AM11: -1 | AN11: -1 | AO11: -1
C12: AB | D12: Agriculture | E12: Gasoline | F12: 2005 | G12: CAD | H12: GJ | J12: {=IFERROR(_xlfn._xlws.FILTER(AE$4:AE$6723,(AE$4:AE$6723>=0)*($AB$4:$AB$6723=$C12)*($AC$4:$AC$6723=$D12)*(ISNUMBER(_xlfn.XMATCH($AD$4:$AD$6723,$V12:$Z12,0)))),-1)} -> -1 | K12: {=IFERROR(_xlfn._xlws.FILTER(AF$4:AF$6723,(AF$4:AF$6723>=0)*($AB$4:$AB$6723=$C12)*($AC$4:$AC$6723=$D12)*(ISNUMBER(_xlfn.XMATCH($AD$4:$AD$6723,$V12:$Z12,0)))),-1)} -> -1 | L12: {=IFERROR(_xlfn._xlws.FILTER(AG$4:AG$6723,(AG$4:AG$6723>=0)*($AB$4:$AB$6723=$C12)*($AC$4:$AC$6723=$D12)*(ISNUMBER(_xlfn.XMATCH($AD$4:$AD$6723,$V12:$Z12,0)))),-1)} -> -1 | M12: {=IFERROR(_xlfn._xlws.FILTER(AH$4:AH$6723,(AH$4:AH$6723>=0)*($AB$4:$AB$6723=$C12)*($AC$4:$AC$6723=$D12)*(ISNUMBER(_xlfn.XMATCH($AD$4:$AD$6723,$V12:$Z12,0)))),-1)} -> -1 | N12: {=IFERROR(_xlfn._xlws.FILTER(AI$4:AI$6723,(AI$4:AI$6723>=0)*($AB$4:$AB$6723=$C12)*($AC$4:$AC$6723=$D12)*(ISNUMBER(_xlfn.XMATCH($AD$4:$AD$6723,$V12:$Z12,0)))),-1)} -> -1 | O12: {=IFERROR(_xlfn._xlws.FILTER(AJ$4:AJ$6723,(AJ$4:AJ$6723>=0)*($AB$4:$AB$6723=$C12)*($AC$4:$AC$6723=$D12)*(ISNUMBER(_xlfn.XMATCH($AD$4:$AD$6723,$V12:$Z12,0)))),-1)} -> -1 | P12: {=IFERROR(_xlfn._xlws.FILTER(AK$4:AK$6723,(AK$4:AK$6723>=0)*($AB$4:$AB$6723=$C12)*($AC$4:$AC$6723=$D12)*(ISNUMBER(_xlfn.XMATCH($AD$4:$AD$6723,$V12:$Z12,0)))),-1)} -> -1 | Q12: {=IFERROR(_xlfn._xlws.FILTER(AL$4:AL$6723,(AL$4:AL$6723>=0)*($AB$4:$AB$6723=$C12)*($AC$4:$AC$6723=$D12)*(ISNUMBER(_xlfn.XMATCH($AD$4:$AD$6723,$V12:$Z12,0)))),-1)} -> -1 | ... T12: {=IFERROR(_xlfn._xlws.FILTER(AO$4:AO$6723,(AO$4:AO$6723>=0)*($AB$4:$AB$6723=$C12)*($AC$4:$AC$6723=$D12)*(ISNUMBER(_xlfn.XMATCH($AD$4:$AD$6723,$V12:$Z12,0)))),-1)} -> -1 | V12: Gasoline | AB12: AB | AC12: Agriculture | AD12: Coal Lignite Western | AE12: -1 | AF12: -1 | AG12: -1 | AH12: -1 | AI12: -1 | AJ12: -1 | AK12: -1 | AL12: -1 | AM12: -1 | AN12: -1 | AO12: -1
C13: AB | D13: Agriculture | E13: Fuel Oil | F13: 2005 | G13: CAD | H13: GJ | J13: {=IFERROR(_xlfn._xlws.FILTER(AE$4:AE$6723,(AE$4:AE$6723>=0)*($AB$4:$AB$6723=$C13)*($AC$4:$AC$6723=$D13)*(ISNUMBER(_xlfn.XMATCH($AD$4:$AD$6723,$V13:$Z13,0)))),-1)} -> -1 | K13: {=IFERROR(_xlfn._xlws.FILTER(AF$4:AF$6723,(AF$4:AF$6723>=0)*($AB$4:$AB$6723=$C13)*($AC$4:$AC$6723=$D13)*(ISNUMBER(_xlfn.XMATCH($AD$4:$AD$6723,$V13:$Z13,0)))),-1)} -> -1 | L13: {=IFERROR(_xlfn._xlws.FILTER(AG$4:AG$6723,(AG$4:AG$6723>=0)*($AB$4:$AB$6723=$C13)*($AC$4:$AC$6723=$D13)*(ISNUMBER(_xlfn.XMATCH($AD$4:$AD$6723,$V13:$Z13,0)))),-1)} -> -1 | M13: {=IFERROR(_xlfn._xlws.FILTER(AH$4:AH$6723,(AH$4:AH$6723>=0)*($AB$4:$AB$6723=$C13)*($AC$4:$AC$6723=$D13)*(ISNUMBER(_xlfn.XMATCH($AD$4:$AD$6723,$V13:$Z13,0)))),-1)} -> -1 | N13: {=IFERROR(_xlfn._xlws.FILTER(AI$4:AI$6723,(AI$4:AI$6723>=0)*($AB$4:$AB$6723=$C13)*($AC$4:$AC$6723=$D13)*(ISNUMBER(_xlfn.XMATCH($AD$4:$AD$6723,$V13:$Z13,0)))),-1)} -> -1 | O13: {=IFERROR(_xlfn._xlws.FILTER(AJ$4:AJ$6723,(AJ$4:AJ$6723>=0)*($AB$4:$AB$6723=$C13)*($AC$4:$AC$6723=$D13)*(ISNUMBER(_xlfn.XMATCH($AD$4:$AD$6723,$V13:$Z13,0)))),-1)} -> -1 | P13: {=IFERROR(_xlfn._xlws.FILTER(AK$4:AK$6723,(AK$4:AK$6723>=0)*($AB$4:$AB$6723=$C13)*($AC$4:$AC$6723=$D13)*(ISNUMBER(_xlfn.XMATCH($AD$4:$AD$6723,$V13:$Z13,0)))),-1)} -> -1 | Q13: {=IFERROR(_xlfn._xlws.FILTER(AL$4:AL$6723,(AL$4:AL$6723>=0)*($AB$4:$AB$6723=$C13)*($AC$4:$AC$6723=$D13)*(ISNUMBER(_xlfn.XMATCH($AD$4:$AD$6723,$V13:$Z13,0)))),-1)} -> -1 | ... T13: {=IFERROR(_xlfn._xlws.FILTER(AO$4:AO$6723,(AO$4:AO$6723>=0)*($AB$4:$AB$6723=$C13)*($AC$4:$AC$6723=$D13)*(ISNUMBER(_xlfn.XMATCH($AD$4:$AD$6723,$V13:$Z13,0)))),-1)} -> -1 | V13: Heavy Fuel Oil | W13: Light Fuel Oil | AB13: AB | AC13: Agriculture | AD13: Coal Sub Bituminous Imported | AE13: -1 | AF13: -1 | AG13: -1 | AH13: -1 | AI13: -1 | AJ13: -1 | AK13: -1 | AL13: -1 | AM13: -1 | AN13: -1 | AO13: -1
C14: AB | D14: Agriculture | E14: Hydrogen | F14: 2005 | G14: CAD | H14: GJ | J14: {=IFERROR(_xlfn._xlws.FILTER(AE$4:AE$6723,(AE$4:AE$6723>=0)*($AB$4:$AB$6723=$C14)*($AC$4:$AC$6723=$D14)*(ISNUMBER(_xlfn.XMATCH($AD$4:$AD$6723,$V14:$Z14,0)))),-1)} -> 59.532872 | K14: {=IFERROR(_xlfn._xlws.FILTER(AF$4:AF$6723,(AF$4:AF$6723>=0)*($AB$4:$AB$6723=$C14)*($AC$4:$AC$6723=$D14)*(ISNUMBER(_xlfn.XMATCH($AD$4:$AD$6723,$V14:$Z14,0)))),-1)} -> 55.585909 | L14: {=IFERROR(_xlfn._xlws.FILTER(AG$4:AG$6723,(AG$4:AG$6723>=0)*($AB$4:$AB$6723=$C14)*($AC$4:$AC$6723=$D14)*(ISNUMBER(_xlfn.XMATCH($AD$4:$AD$6723,$V14:$Z14,0)))),-1)} -> 46.639974 | M14: {=IFERROR(_xlfn._xlws.FILTER(AH$4:AH$6723,(AH$4:AH$6723>=0)*($AB$4:$AB$6723=$C14)*($AC$4:$AC$6723=$D14)*(ISNUMBER(_xlfn.XMATCH($AD$4:$AD$6723,$V14:$Z14,0)))),-1)} -> 45.192497 | N14: {=IFERROR(_xlfn._xlws.FILTER(AI$4:AI$6723,(AI$4:AI$6723>=0)*($AB$4:$AB$6723=$C14)*($AC$4:$AC$6723=$D14)*(ISNUMBER(_xlfn.XMATCH($AD$4:$AD$6723,$V14:$Z14,0)))),-1)} -> 42.682241 | O14: {=IFERROR(_xlfn._xlws.FILTER(AJ$4:AJ$6723,(AJ$4:AJ$6723>=0)*($AB$4:$AB$6723=$C14)*($AC$4:$AC$6723=$D14)*(ISNUMBER(_xlfn.XMATCH($AD$4:$AD$6723,$V14:$Z14,0)))),-1)} -> 42.682241 | P14: {=IFERROR(_xlfn._xlws.FILTER(AK$4:AK$6723,(AK$4:AK$6723>=0)*($AB$4:$AB$6723=$C14)*($AC$4:$AC$6723=$D14)*(ISNUMBER(_xlfn.XMATCH($AD$4:$AD$6723,$V14:$Z14,0)))),-1)} -> 42.682241 | Q14: {=IFERROR(_xlfn._xlws.FILTER(AL$4:AL$6723,(AL$4:AL$6723>=0)*($AB$4:$AB$6723=$C14)*($AC$4:$AC$6723=$D14)*(ISNUMBER(_xlfn.XMATCH($AD$4:$AD$6723,$V14:$Z14,0)))),-1)} -> 42.682241 | ... T14: {=IFERROR(_xlfn._xlws.FILTER(AO$4:AO$6723,(AO$4:AO$6723>=0)*($AB$4:$AB$6723=$C14)*($AC$4:$AC$6723=$D14)*(ISNUMBER(_xlfn.XMATCH($AD$4:$AD$6723,$V14:$Z14,0)))),-1)} -> 42.682241 | V14: Hydrogen | AB14: AB | AC14: Agriculture | AD14: Coal Sub Bituminous Western | AE14: -1 | AF14: -1 | AG14: -1 | AH14: -1 | AI14: -1 | AJ14: -1 | AK14: -1 | AL14: -1 | AM14: -1 | AN14: -1 | AO14: -1
C15: AB | D15: Agriculture | E15: Landfill Gas | F15: 2005 | G15: CAD | H15: GJ | J15: {=IFERROR(_xlfn._xlws.FILTER(AE$4:AE$6723,(AE$4:AE$6723>=0)*($AB$4:$AB$6723=$C15)*($AC$4:$AC$6723=$D15)*(ISNUMBER(_xlfn.XMATCH($AD$4:$AD$6723,$V15:$Z15,0)))),-1)} -> -1 | K15: {=IFERROR(_xlfn._xlws.FILTER(AF$4:AF$6723,(AF$4:AF$6723>=0)*($AB$4:$AB$6723=$C15)*($AC$4:$AC$6723=$D15)*(ISNUMBER(_xlfn.XMATCH($AD$4:$AD$6723,$V15:$Z15,0)))),-1)} -> -1 | L15: {=IFERROR(_xlfn._xlws.FILTER(AG$4:AG$6723,(AG$4:AG$6723>=0)*($AB$4:$AB$6723=$C15)*($AC$4:$AC$6723=$D15)*(ISNUMBER(_xlfn.XMATCH($AD$4:$AD$6723,$V15:$Z15,0)))),-1)} -> -1 | M15: {=IFERROR(_xlfn._xlws.FILTER(AH$4:AH$6723,(AH$4:AH$6723>=0)*($AB$4:$AB$6723=$C15)*($AC$4:$AC$6723=$D15)*(ISNUMBER(_xlfn.XMATCH($AD$4:$AD$6723,$V15:$Z15,0)))),-1)} -> -1 | N15: {=IFERROR(_xlfn._xlws.FILTER(AI$4:AI$6723,(AI$4:AI$6723>=0)*($AB$4:$AB$6723=$C15)*($AC$4:$AC$6723=$D15)*(ISNUMBER(_xlfn.XMATCH($AD$4:$AD$6723,$V15:$Z15,0)))),-1)} -> -1 | O15: {=IFERROR(_xlfn._xlws.FILTER(AJ$4:AJ$6723,(AJ$4:AJ$6723>=0)*($AB$4:$AB$6723=$C15)*($AC$4:$AC$6723=$D15)*(ISNUMBER(_xlfn.XMATCH($AD$4:$AD$6723,$V15:$Z15,0)))),-1)} -> -1 | P15: {=IFERROR(_xlfn._xlws.FILTER(AK$4:AK$6723,(AK$4:AK$6723>=0)*($AB$4:$AB$6723=$C15)*($AC$4:$AC$6723=$D15)*(ISNUMBER(_xlfn.XMATCH($AD$4:$AD$6723,$V15:$Z15,0)))),-1)} -> -1 | Q15: {=IFERROR(_xlfn._xlws.FILTER(AL$4:AL$6723,(AL$4:AL$6723>=0)*($AB$4:$AB$6723=$C15)*($AC$4:$AC$6723=$D15)*(ISNUMBER(_xlfn.XMATCH($AD$4:$AD$6723,$V15:$Z15,0)))),-1)} -> -1 | ... T15: {=IFERROR(_xlfn._xlws.FILTER(AO$4:AO$6723,(AO$4:AO$6723>=0)*($AB$4:$AB$6723=$C15)*($AC$4:$AC$6723=$D15)*(ISNUMBER(_xlfn.XMATCH($AD$4:$AD$6723,$V15:$Z15,0)))),-1)} -> -1 | V15: Landfill Gas | AB15: AB | AC15: Agriculture | AD15: Coke | AE15: -1 | AF15: -1 | AG15: -1 | AH15: -1 | AI15: -1 | AJ15: -1 | AK15: -1 | AL15: -1 | AM15: -1 | AN15: -1 | AO15: -1
C16: AB | D16: Agriculture | E16: Liquified Petroleum Gas | F16: 2005 | G16: CAD | H16: GJ | J16: {=IFERROR(_xlfn._xlws.FILTER(AE$4:AE$6723,(AE$4:AE$6723>=0)*($AB$4:$AB$6723=$C16)*($AC$4:$AC$6723=$D16)*(ISNUMBER(_xlfn.XMATCH($AD$4:$AD$6723,$V16:$Z16,0)))),-1)} -> -1 | K16: {=IFERROR(_xlfn._xlws.FILTER(AF$4:AF$6723,(AF$4:AF$6723>=0)*($AB$4:$AB$6723=$C16)*($AC$4:$AC$6723=$D16)*(ISNUMBER(_xlfn.XMATCH($AD$4:$AD$6723,$V16:$Z16,0)))),-1)} -> -1 | L16: {=IFERROR(_xlfn._xlws.FILTER(AG$4:AG$6723,(AG$4:AG$6723>=0)*($AB$4:$AB$6723=$C16)*($AC$4:$AC$6723=$D16)*(ISNUMBER(_xlfn.XMATCH($AD$4:$AD$6723,$V16:$Z16,0)))),-1)} -> -1 | M16: {=IFERROR(_xlfn._xlws.FILTER(AH$4:AH$6723,(AH$4:AH$6723>=0)*($AB$4:$AB$6723=$C16)*($AC$4:$AC$6723=$D16)*(ISNUMBER(_xlfn.XMATCH($AD$4:$AD$6723,$V16:$Z16,0)))),-1)} -> -1 | N16: {=IFERROR(_xlfn._xlws.FILTER(AI$4:AI$6723,(AI$4:AI$6723>=0)*($AB$4:$AB$6723=$C16)*($AC$4:$AC$6723=$D16)*(ISNUMBER(_xlfn.XMATCH($AD$4:$AD$6723,$V16:$Z16,0)))),-1)} -> -1 | O16: {=IFERROR(_xlfn._xlws.FILTER(AJ$4:AJ$6723,(AJ$4:AJ$6723>=0)*($AB$4:$AB$6723=$C16)*($AC$4:$AC$6723=$D16)*(ISNUMBER(_xlfn.XMATCH($AD$4:$AD$6723,$V16:$Z16,0)))),-1)} -> -1 | P16: {=IFERROR(_xlfn._xlws.FILTER(AK$4:AK$6723,(AK$4:AK$6723>=0)*($AB$4:$AB$6723=$C16)*($AC$4:$AC$6723=$D16)*(ISNUMBER(_xlfn.XMATCH($AD$4:$AD$6723,$V16:$Z16,0)))),-1)} -> -1 | Q16: {=IFERROR(_xlfn._xlws.FILTER(AL$4:AL$6723,(AL$4:AL$6723>=0)*($AB$4:$AB$6723=$C16)*($AC$4:$AC$6723=$D16)*(ISNUMBER(_xlfn.XMATCH($AD$4:$AD$6723,$V16:$Z16,0)))),-1)} -> -1 | ... T16: {=IFERROR(_xlfn._xlws.FILTER(AO$4:AO$6723,(AO$4:AO$6723>=0)*($AB$4:$AB$6723=$C16)*($AC$4:$AC$6723=$D16)*(ISNUMBER(_xlfn.XMATCH($AD$4:$AD$6723,$V16:$Z16,0)))),-1)} -> -1 | V16: Liquified Petroleum Gas | AB16: AB | AC16: Agriculture | AD16: Coke Oven Gas | AE16: -1 | AF16: -1 | AG16: -1 | AH16: -1 | AI16: -1 | AJ16: -1 | AK16: -1 | AL16: -1 | AM16: -1 | AN16: -1 | AO16: -1
C17: AB | D17: Agriculture | E17: Natural Gas | F17: 2005 | G17: CAD | H17: GJ | J17: {=IFERROR(_xlfn._xlws.FILTER(AE$4:AE$6723,(AE$4:AE$6723>=0)*($AB$4:$AB$6723=$C17)*($AC$4:$AC$6723=$D17)*(ISNUMBER(_xlfn.XMATCH($AD$4:$AD$6723,$V17:$Z17,0)))),-1)} -> 15.557334 | K17: {=IFERROR(_xlfn._xlws.FILTER(AF$4:AF$6723,(AF$4:AF$6723>=0)*($AB$4:$AB$6723=$C17)*($AC$4:$AC$6723=$D17)*(ISNUMBER(_xlfn.XMATCH($AD$4:$AD$6723,$V17:$Z17,0)))),-1)} -> 11.450235 | L17: {=IFERROR(_xlfn._xlws.FILTER(AG$4:AG$6723,(AG$4:AG$6723>=0)*($AB$4:$AB$6723=$C17)*($AC$4:$AC$6723=$D17)*(ISNUMBER(_xlfn.XMATCH($AD$4:$AD$6723,$V17:$Z17,0)))),-1)} -> 4.608336 | M17: {=IFERROR(_xlfn._xlws.FILTER(AH$4:AH$6723,(AH$4:AH$6723>=0)*($AB$4:$AB$6723=$C17)*($AC$4:$AC$6723=$D17)*(ISNUMBER(_xlfn.XMATCH($AD$4:$AD$6723,$V17:$Z17,0)))),-1)} -> 1.868637 | N17: {=IFERROR(_xlfn._xlws.FILTER(AI$4:AI$6723,(AI$4:AI$6723>=0)*($AB$4:$AB$6723=$C17)*($AC$4:$AC$6723=$D17)*(ISNUMBER(_xlfn.XMATCH($AD$4:$AD$6723,$V17:$Z17,0)))),-1)} -> 3.4275712 | O17: {=IFERROR(_xlfn._xlws.FILTER(AJ$4:AJ$6723,(AJ$4:AJ$6723>=0)*($AB$4:$AB$6723=$C17)*($AC$4:$AC$6723=$D17)*(ISNUMBER(_xlfn.XMATCH($AD$4:$AD$6723,$V17:$Z17,0)))),-1)} -> 3.8484811 | P17: {=IFERROR(_xlfn._xlws.FILTER(AK$4:AK$6723,(AK$4:AK$6723>=0)*($AB$4:$AB$6723=$C17)*($AC$4:$AC$6723=$D17)*(ISNUMBER(_xlfn.XMATCH($AD$4:$AD$6723,$V17:$Z17,0)))),-1)} -> 3.9868697 | Q17: {=IFERROR(_xlfn._xlws.FILTER(AL$4:AL$6723,(AL$4:AL$6723>=0)*($AB$4:$AB$6723=$C17)*($AC$4:$AC$6723=$D17)*(ISNUMBER(_xlfn.XMATCH($AD$4:$AD$6723,$V17:$Z17,0)))),-1)} -> 4.1069122 | ... T17: {=IFERROR(_xlfn._xlws.FILTER(AO$4:AO$6723,(AO$4:AO$6723>=0)*($AB$4:$AB$6723=$C17)*($AC$4:$AC$6723=$D17)*(ISNUMBER(_xlfn.XMATCH($AD$4:$AD$6723,$V17:$Z17,0)))),-1)} -> 4.2487268 | V17: Natural Gas | AB17: AB | AC17: Agriculture | AD17: Diesel Marine | AE17: -1 | AF17: -1 | AG17: -1 | AH17: -1 | AI17: -1 | AJ17: -1 | AK17: -1 | AL17: -1 | AM17: -1 | AN17: -1 | AO17: -1
C18: AB | D18: Agriculture | E18: Petroleum Coke | F18: 2005 | G18: CAD | H18: GJ | J18: {=IFERROR(_xlfn._xlws.FILTER(AE$4:AE$6723,(AE$4:AE$6723>=0)*($AB$4:$AB$6723=$C18)*($AC$4:$AC$6723=$D18)*(ISNUMBER(_xlfn.XMATCH($AD$4:$AD$6723,$V18:$Z18,0)))),-1)} -> -1 | K18: {=IFERROR(_xlfn._xlws.FILTER(AF$4:AF$6723,(AF$4:AF$6723>=0)*($AB$4:$AB$6723=$C18)*($AC$4:$AC$6723=$D18)*(ISNUMBER(_xlfn.XMATCH($AD$4:$AD$6723,$V18:$Z18,0)))),-1)} -> -1 | L18: {=IFERROR(_xlfn._xlws.FILTER(AG$4:AG$6723,(AG$4:AG$6723>=0)*($AB$4:$AB$6723=$C18)*($AC$4:$AC$6723=$D18)*(ISNUMBER(_xlfn.XMATCH($AD$4:$AD$6723,$V18:$Z18,0)))),-1)} -> -1 | M18: {=IFERROR(_xlfn._xlws.FILTER(AH$4:AH$6723,(AH$4:AH$6723>=0)*($AB$4:$AB$6723=$C18)*($AC$4:$AC$6723=$D18)*(ISNUMBER(_xlfn.XMATCH($AD$4:$AD$6723,$V18:$Z18,0)))),-1)} -> -1 | N18: {=IFERROR(_xlfn._xlws.FILTER(AI$4:AI$6723,(AI$4:AI$6723>=0)*($AB$4:$AB$6723=$C18)*($AC$4:$AC$6723=$D18)*(ISNUMBER(_xlfn.XMATCH($AD$4:$AD$6723,$V18:$Z18,0)))),-1)} -> -1 | O18: {=IFERROR(_xlfn._xlws.FILTER(AJ$4:AJ$6723,(AJ$4:AJ$6723>=0)*($AB$4:$AB$6723=$C18)*($AC$4:$AC$6723=$D18)*(ISNUMBER(_xlfn.XMATCH($AD$4:$AD$6723,$V18:$Z18,0)))),-1)} -> -1 | P18: {=IFERROR(_xlfn._xlws.FILTER(AK$4:AK$6723,(AK$4:AK$6723>=0)*($AB$4:$AB$6723=$C18)*($AC$4:$AC$6723=$D18)*(ISNUMBER(_xlfn.XMATCH($AD$4:$AD$6723,$V18:$Z18,0)))),-1)} -> -1 | Q18: {=IFERROR(_xlfn._xlws.FILTER(AL$4:AL$6723,(AL$4:AL$6723>=0)*($AB$4:$AB$6723=$C18)*($AC$4:$AC$6723=$D18)*(ISNUMBER(_xlfn.XMATCH($AD$4:$AD$6723,$V18:$Z18,0)))),-1)} -> -1 | ... T18: {=IFERROR(_xlfn._xlws.FILTER(AO$4:AO$6723,(AO$4:AO$6723>=0)*($AB$4:$AB$6723=$C18)*($AC$4:$AC$6723=$D18)*(ISNUMBER(_xlfn.XMATCH($AD$4:$AD$6723,$V18:$Z18,0)))),-1)} -> -1 | V18: Petroleum Coke | AB18: AB | AC18: Agriculture | AD18: Diesel Offroad | AE18: -1 | AF18: -1 | AG18: -1 | AH18: -1 | AI18: -1 | AJ18: -1 | AK18: -1 | AL18: -1 | AM18: -1 | AN18: -1 | AO18: -1
C19: AB | D19: Agriculture | E19: Propane | F19: 2005 | G19: CAD | H19: GJ | J19: {=IFERROR(_xlfn._xlws.FILTER(AE$4:AE$6723,(AE$4:AE$6723>=0)*($AB$4:$AB$6723=$C19)*($AC$4:$AC$6723=$D19)*(ISNUMBER(_xlfn.XMATCH($AD$4:$AD$6723,$V19:$Z19,0)))),-1)} -> -1 | K19: {=IFERROR(_xlfn._xlws.FILTER(AF$4:AF$6723,(AF$4:AF$6723>=0)*($AB$4:$AB$6723=$C19)*($AC$4:$AC$6723=$D19)*(ISNUMBER(_xlfn.XMATCH($AD$4:$AD$6723,$V19:$Z19,0)))),-1)} -> -1 | L19: {=IFERROR(_xlfn._xlws.FILTER(AG$4:AG$6723,(AG$4:AG$6723>=0)*($AB$4:$AB$6723=$C19)*($AC$4:$AC$6723=$D19)*(ISNUMBER(_xlfn.XMATCH($AD$4:$AD$6723,$V19:$Z19,0)))),-1)} -> -1 | M19: {=IFERROR(_xlfn._xlws.FILTER(AH$4:AH$6723,(AH$4:AH$6723>=0)*($AB$4:$AB$6723=$C19)*($AC$4:$AC$6723=$D19)*(ISNUMBER(_xlfn.XMATCH($AD$4:$AD$6723,$V19:$Z19,0)))),-1)} -> -1 | N19: {=IFERROR(_xlfn._xlws.FILTER(AI$4:AI$6723,(AI$4:AI$6723>=0)*($AB$4:$AB$6723=$C19)*($AC$4:$AC$6723=$D19)*(ISNUMBER(_xlfn.XMATCH($AD$4:$AD$6723,$V19:$Z19,0)))),-1)} -> -1 | O19: {=IFERROR(_xlfn._xlws.FILTER(AJ$4:AJ$6723,(AJ$4:AJ$6723>=0)*($AB$4:$AB$6723=$C19)*($AC$4:$AC$6723=$D19)*(ISNUMBER(_xlfn.XMATCH($AD$4:$AD$6723,$V19:$Z19,0)))),-1)} -> -1 | P19: {=IFERROR(_xlfn._xlws.FILTER(AK$4:AK$6723,(AK$4:AK$6723>=0)*($AB$4:$AB$6723=$C19)*($AC$4:$AC$6723=$D19)*(ISNUMBER(_xlfn.XMATCH($AD$4:$AD$6723,$V19:$Z19,0)))),-1)} -> -1 | Q19: {=IFERROR(_xlfn._xlws.FILTER(AL$4:AL$6723,(AL$4:AL$6723>=0)*($AB$4:$AB$6723=$C19)*($AC$4:$AC$6723=$D19)*(ISNUMBER(_xlfn.XMATCH($AD$4:$AD$6723,$V19:$Z19,0)))),-1)} -> -1 | ... T19: {=IFERROR(_xlfn._xlws.FILTER(AO$4:AO$6723,(AO$4:AO$6723>=0)*($AB$4:$AB$6723=$C19)*($AC$4:$AC$6723=$D19)*(ISNUMBER(_xlfn.XMATCH($AD$4:$AD$6723,$V19:$Z19,0)))),-1)} -> -1 | V19: Propane | W19: Propane Solvent | AB19: AB | AC19: Agriculture | AD19: Diesel Rail | AE19: -1 | AF19: -1 | AG19: -1 | AH19: -1 | AI19: -1 | AJ19: -1 | AK19: -1 | AL19: -1 | AM19: -1 | AN19: -1 | AO19: -1
C20: AB | D20: Agriculture | E20: Still Gas | F20: 2005 | G20: CAD | H20: GJ | J20: {=IFERROR(_xlfn._xlws.FILTER(AE$4:AE$6723,(AE$4:AE$6723>=0)*($AB$4:$AB$6723=$C20)*($AC$4:$AC$6723=$D20)*(ISNUMBER(_xlfn.XMATCH($AD$4:$AD$6723,$V20:$Z20,0)))),-1)} -> -1 | K20: {=IFERROR(_xlfn._xlws.FILTER(AF$4:AF$6723,(AF$4:AF$6723>=0)*($AB$4:$AB$6723=$C20)*($AC$4:$AC$6723=$D20)*(ISNUMBER(_xlfn.XMATCH($AD$4:$AD$6723,$V20:$Z20,0)))),-1)} -> -1 | L20: {=IFERROR(_xlfn._xlws.FILTER(AG$4:AG$6723,(AG$4:AG$6723>=0)*($AB$4:$AB$6723=$C20)*($AC$4:$AC$6723=$D20)*(ISNUMBER(_xlfn.XMATCH($AD$4:$AD$6723,$V20:$Z20,0)))),-1)} -> -1 | M20: {=IFERROR(_xlfn._xlws.FILTER(AH$4:AH$6723,(AH$4:AH$6723>=0)*($AB$4:$AB$6723=$C20)*($AC$4:$AC$6723=$D20)*(ISNUMBER(_xlfn.XMATCH($AD$4:$AD$6723,$V20:$Z20,0)))),-1)} -> -1 | N20: {=IFERROR(_xlfn._xlws.FILTER(AI$4:AI$6723,(AI$4:AI$6723>=0)*($AB$4:$AB$6723=$C20)*($AC$4:$AC$6723=$D20)*(ISNUMBER(_xlfn.XMATCH($AD$4:$AD$6723,$V20:$Z20,0)))),-1)} -> -1 | O20: {=IFERROR(_xlfn._xlws.FILTER(AJ$4:AJ$6723,(AJ$4:AJ$6723>=0)*($AB$4:$AB$6723=$C20)*($AC$4:$AC$6723=$D20)*(ISNUMBER(_xlfn.XMATCH($AD$4:$AD$6723,$V20:$Z20,0)))),-1)} -> -1 | P20: {=IFERROR(_xlfn._xlws.FILTER(AK$4:AK$6723,(AK$4:AK$6723>=0)*($AB$4:$AB$6723=$C20)*($AC$4:$AC$6723=$D20)*(ISNUMBER(_xlfn.XMATCH($AD$4:$AD$6723,$V20:$Z20,0)))),-1)} -> -1 | Q20: {=IFERROR(_xlfn._xlws.FILTER(AL$4:AL$6723,(AL$4:AL$6723>=0)*($AB$4:$AB$6723=$C20)*($AC$4:$AC$6723=$D20)*(ISNUMBER(_xlfn.XMATCH($AD$4:$AD$6723,$V20:$Z20,0)))),-1)} -> -1 | ... T20: {=IFERROR(_xlfn._xlws.FILTER(AO$4:AO$6723,(AO$4:AO$6723>=0)*($AB$4:$AB$6723=$C20)*($AC$4:$AC$6723=$D20)*(ISNUMBER(_xlfn.XMATCH($AD$4:$AD$6723,$V20:$Z20,0)))),-1)} -> -1 | V20: Still Gas | AB20: AB | AC20: Agriculture | AD20: Diesel Road | AE20: 17.87105 | AF20: 22.125927 | AG20: 32.128058 | AH20: 33.509307 | AI20: 39.872491 | AJ20: 42.553319 | AK20: 44.364077 | AL20: 45.307288 | AM20: 46.570622 | AN20: 46.570622 | AO20: 46.570622
C21: AB | D21: Agriculture | E21: Uranium | F21: 2005 | G21: CAD | H21: GJ | J21: {=IFERROR(_xlfn._xlws.FILTER(AE$4:AE$6723,(AE$4:AE$6723>=0)*($AB$4:$AB$6723=$C21)*($AC$4:$AC$6723=$D21)*(ISNUMBER(_xlfn.XMATCH($AD$4:$AD$6723,$V21:$Z21,0)))),-1)} -> -1 | K21: {=IFERROR(_xlfn._xlws.FILTER(AF$4:AF$6723,(AF$4:AF$6723>=0)*($AB$4:$AB$6723=$C21)*($AC$4:$AC$6723=$D21)*(ISNUMBER(_xlfn.XMATCH($AD$4:$AD$6723,$V21:$Z21,0)))),-1)} -> -1 | L21: {=IFERROR(_xlfn._xlws.FILTER(AG$4:AG$6723,(AG$4:AG$6723>=0)*($AB$4:$AB$6723=$C21)*($AC$4:$AC$6723=$D21)*(ISNUMBER(_xlfn.XMATCH($AD$4:$AD$6723,$V21:$Z21,0)))),-1)} -> -1 | M21: {=IFERROR(_xlfn._xlws.FILTER(AH$4:AH$6723,(AH$4:AH$6723>=0)*($AB$4:$AB$6723=$C21)*($AC$4:$AC$6723=$D21)*(ISNUMBER(_xlfn.XMATCH($AD$4:$AD$6723,$V21:$Z21,0)))),-1)} -> -1 | N21: {=IFERROR(_xlfn._xlws.FILTER(AI$4:AI$6723,(AI$4:AI$6723>=0)*($AB$4:$AB$6723=$C21)*($AC$4:$AC$6723=$D21)*(ISNUMBER(_xlfn.XMATCH($AD$4:$AD$6723,$V21:$Z21,0)))),-1)} -> -1 | O21: {=IFERROR(_xlfn._xlws.FILTER(AJ$4:AJ$6723,(AJ$4:AJ$6723>=0)*($AB$4:$AB$6723=$C21)*($AC$4:$AC$6723=$D21)*(ISNUMBER(_xlfn.XMATCH($AD$4:$AD$6723,$V21:$Z21,0)))),-1)} -> -1 | P21: {=IFERROR(_xlfn._xlws.FILTER(AK$4:AK$6723,(AK$4:AK$6723>=0)*($AB$4:$AB$6723=$C21)*($AC$4:$AC$6723=$D21)*(ISNUMBER(_xlfn.XMATCH($AD$4:$AD$6723,$V21:$Z21,0)))),-1)} -> -1 | Q21: {=IFERROR(_xlfn._xlws.FILTER(AL$4:AL$6723,(AL$4:AL$6723>=0)*($AB$4:$AB$6723=$C21)*($AC$4:$AC$6723=$D21)*(ISNUMBER(_xlfn.XMATCH($AD$4:$AD$6723,$V21:$Z21,0)))),-1)} -> -1 | ... T21: {=IFERROR(_xlfn._xlws.FILTER(AO$4:AO$6723,(AO$4:AO$6723>=0)*($AB$4:$AB$6723=$C21)*($AC$4:$AC$6723=$D21)*(ISNUMBER(_xlfn.XMATCH($AD$4:$AD$6723,$V21:$Z21,0)))),-1)} -> -1 | V21: Uranium | AB21: AB | AC21: Agriculture | AD21: Diesel Stationary | AE21: -1 | AF21: -1 | AG21: -1 | AH21: -1 | AI21: -1 | AJ21: -1 | AK21: -1 | AL21: -1 | AM21: -1 | AN21: -1 | AO21: -1
C22: AB | D22: Agriculture | E22: Waste Fuel | F22: 2005 | G22: CAD | H22: GJ | J22: {=IFERROR(_xlfn._xlws.FILTER(AE$4:AE$6723,(AE$4:AE$6723>=0)*($AB$4:$AB$6723=$C22)*($AC$4:$AC$6723=$D22)*(ISNUMBER(_xlfn.XMATCH($AD$4:$AD$6723,$V22:$Z22,0)))),-1)} -> -1 | K22: {=IFERROR(_xlfn._xlws.FILTER(AF$4:AF$6723,(AF$4:AF$6723>=0)*($AB$4:$AB$6723=$C22)*($AC$4:$AC$6723=$D22)*(ISNUMBER(_xlfn.XMATCH($AD$4:$AD$6723,$V22:$Z22,0)))),-1)} -> -1 | L22: {=IFERROR(_xlfn._xlws.FILTER(AG$4:AG$6723,(AG$4:AG$6723>=0)*($AB$4:$AB$6723=$C22)*($AC$4:$AC$6723=$D22)*(ISNUMBER(_xlfn.XMATCH($AD$4:$AD$6723,$V22:$Z22,0)))),-1)} -> -1 | M22: {=IFERROR(_xlfn._xlws.FILTER(AH$4:AH$6723,(AH$4:AH$6723>=0)*($AB$4:$AB$6723=$C22)*($AC$4:$AC$6723=$D22)*(ISNUMBER(_xlfn.XMATCH($AD$4:$AD$6723,$V22:$Z22,0)))),-1)} -> -1 | N22: {=IFERROR(_xlfn._xlws.FILTER(AI$4:AI$6723,(AI$4:AI$6723>=0)*($AB$4:$AB$6723=$C22)*($AC$4:$AC$6723=$D22)*(ISNUMBER(_xlfn.XMATCH($AD$4:$AD$6723,$V22:$Z22,0)))),-1)} -> -1 | O22: {=IFERROR(_xlfn._xlws.FILTER(AJ$4:AJ$6723,(AJ$4:AJ$6723>=0)*($AB$4:$AB$6723=$C22)*($AC$4:$AC$6723=$D22)*(ISNUMBER(_xlfn.XMATCH($AD$4:$AD$6723,$V22:$Z22,0)))),-1)} -> -1 | P22: {=IFERROR(_xlfn._xlws.FILTER(AK$4:AK$6723,(AK$4:AK$6723>=0)*($AB$4:$AB$6723=$C22)*($AC$4:$AC$6723=$D22)*(ISNUMBER(_xlfn.XMATCH($AD$4:$AD$6723,$V22:$Z22,0)))),-1)} -> -1 | Q22: {=IFERROR(_xlfn._xlws.FILTER(AL$4:AL$6723,(AL$4:AL$6723>=0)*($AB$4:$AB$6723=$C22)*($AC$4:$AC$6723=$D22)*(ISNUMBER(_xlfn.XMATCH($AD$4:$AD$6723,$V22:$Z22,0)))),-1)} -> -1 | ... T22: {=IFERROR(_xlfn._xlws.FILTER(AO$4:AO$6723,(AO$4:AO$6723>=0)*($AB$4:$AB$6723=$C22)*($AC$4:$AC$6723=$D22)*(ISNUMBER(_xlfn.XMATCH($AD$4:$AD$6723,$V22:$Z22,0)))),-1)} -> -1 | V22: Waste Fuel | W22: Hazardous Waste | X22: Byproduct gas | AB22: AB | AC22: Agriculture | AD22: Electricity | AE22: 23.459667 | AF22: 26.178836 | AG22: 18.528762 | AH22: 26.432553 | AI22: 26.34597 | AJ22: 30.16269 | AK22: 35.681031 | AL22: 35.695167 | AM22: 35.695167 | AN22: 35.695167 | AO22: 35.695167
C23: AB | D23: Agriculture | E23: Wood | F23: 2005 | G23: CAD | H23: GJ | J23: {=IFERROR(_xlfn._xlws.FILTER(AE$4:AE$6723,(AE$4:AE$6723>=0)*($AB$4:$AB$6723=$C23)*($AC$4:$AC$6723=$D23)*(ISNUMBER(_xlfn.XMATCH($AD$4:$AD$6723,$V23:$Z23,0)))),-1)} -> -1 | K23: {=IFERROR(_xlfn._xlws.FILTER(AF$4:AF$6723,(AF$4:AF$6723>=0)*($AB$4:$AB$6723=$C23)*($AC$4:$AC$6723=$D23)*(ISNUMBER(_xlfn.XMATCH($AD$4:$AD$6723,$V23:$Z23,0)))),-1)} -> -1 | L23: {=IFERROR(_xlfn._xlws.FILTER(AG$4:AG$6723,(AG$4:AG$6723>=0)*($AB$4:$AB$6723=$C23)*($AC$4:$AC$6723=$D23)*(ISNUMBER(_xlfn.XMATCH($AD$4:$AD$6723,$V23:$Z23,0)))),-1)} -> -1 | M23: {=IFERROR(_xlfn._xlws.FILTER(AH$4:AH$6723,(AH$4:AH$6723>=0)*($AB$4:$AB$6723=$C23)*($AC$4:$AC$6723=$D23)*(ISNUMBER(_xlfn.XMATCH($AD$4:$AD$6723,$V23:$Z23,0)))),-1)} -> -1 | N23: {=IFERROR(_xlfn._xlws.FILTER(AI$4:AI$6723,(AI$4:AI$6723>=0)*($AB$4:$AB$6723=$C23)*($AC$4:$AC$6723=$D23)*(ISNUMBER(_xlfn.XMATCH($AD$4:$AD$6723,$V23:$Z23,0)))),-1)} -> -1 | O23: {=IFERROR(_xlfn._xlws.FILTER(AJ$4:AJ$6723,(AJ$4:AJ$6723>=0)*($AB$4:$AB$6723=$C23)*($AC$4:$AC$6723=$D23)*(ISNUMBER(_xlfn.XMATCH($AD$4:$AD$6723,$V23:$Z23,0)))),-1)} -> -1 | P23: {=IFERROR(_xlfn._xlws.FILTER(AK$4:AK$6723,(AK$4:AK$6723>=0)*($AB$4:$AB$6723=$C23)*($AC$4:$AC$6723=$D23)*(ISNUMBER(_xlfn.XMATCH($AD$4:$AD$6723,$V23:$Z23,0)))),-1)} -> -1 | Q23: {=IFERROR(_xlfn._xlws.FILTER(AL$4:AL$6723,(AL$4:AL$6723>=0)*($AB$4:$AB$6723=$C23)*($AC$4:$AC$6723=$D23)*(ISNUMBER(_xlfn.XMATCH($AD$4:$AD$6723,$V23:$Z23,0)))),-1)} -> -1 | ... T23: {=IFERROR(_xlfn._xlws.FILTER(AO$4:AO$6723,(AO$4:AO$6723>=0)*($AB$4:$AB$6723=$C23)*($AC$4:$AC$6723=$D23)*(ISNUMBER(_xlfn.XMATCH($AD$4:$AD$6723,$V23:$Z23,0)))),-1)} -> -1 | V23: Wood | W23: Hog Fuel | AB23: AB | AC23: Agriculture | AD23: Ethanol | AE23: -1 | AF23: -1 | AG23: -1 | AH23: -1 | AI23: -1 | AJ23: -1 | AK23: -1 | AL23: -1 | AM23: -1 | AN23: -1 | AO23: -1
C24: AB | D24: Biodiesel | E24: Biodiesel | F24: 2005 | G24: CAD | H24: GJ | J24: {=IFERROR(_xlfn._xlws.FILTER(AE$4:AE$6723,(AE$4:AE$6723>=0)*($AB$4:$AB$6723=$C24)*($AC$4:$AC$6723=$D24)*(ISNUMBER(_xlfn.XMATCH($AD$4:$AD$6723,$V24:$Z24,0)))),-1)} -> 25.894454 | K24: {=IFERROR(_xlfn._xlws.FILTER(AF$4:AF$6723,(AF$4:AF$6723>=0)*($AB$4:$AB$6723=$C24)*($AC$4:$AC$6723=$D24)*(ISNUMBER(_xlfn.XMATCH($AD$4:$AD$6723,$V24:$Z24,0)))),-1)} -> 31.806651 | L24: {=IFERROR(_xlfn._xlws.FILTER(AG$4:AG$6723,(AG$4:AG$6723>=0)*($AB$4:$AB$6723=$C24)*($AC$4:$AC$6723=$D24)*(ISNUMBER(_xlfn.XMATCH($AD$4:$AD$6723,$V24:$Z24,0)))),-1)} -> 42.233208 | M24: {=IFERROR(_xlfn._xlws.FILTER(AH$4:AH$6723,(AH$4:AH$6723>=0)*($AB$4:$AB$6723=$C24)*($AC$4:$AC$6723=$D24)*(ISNUMBER(_xlfn.XMATCH($AD$4:$AD$6723,$V24:$Z24,0)))),-1)} -> 45.888225 | N24: {=IFERROR(_xlfn._xlws.FILTER(AI$4:AI$6723,(AI$4:AI$6723>=0)*($AB$4:$AB$6723=$C24)*($AC$4:$AC$6723=$D24)*(ISNUMBER(_xlfn.XMATCH($AD$4:$AD$6723,$V24:$Z24,0)))),-1)} -> 49.439287 | O24: {=IFERROR(_xlfn._xlws.FILTER(AJ$4:AJ$6723,(AJ$4:AJ$6723>=0)*($AB$4:$AB$6723=$C24)*($AC$4:$AC$6723=$D24)*(ISNUMBER(_xlfn.XMATCH($AD$4:$AD$6723,$V24:$Z24,0)))),-1)} -> 65.487499 | P24: {=IFERROR(_xlfn._xlws.FILTER(AK$4:AK$6723,(AK$4:AK$6723>=0)*($AB$4:$AB$6723=$C24)*($AC$4:$AC$6723=$D24)*(ISNUMBER(_xlfn.XMATCH($AD$4:$AD$6723,$V24:$Z24,0)))),-1)} -> 63.017398 | Q24: {=IFERROR(_xlfn._xlws.FILTER(AL$4:AL$6723,(AL$4:AL$6723>=0)*($AB$4:$AB$6723=$C24)*($AC$4:$AC$6723=$D24)*(ISNUMBER(_xlfn.XMATCH($AD$4:$AD$6723,$V24:$Z24,0)))),-1)} -> 60.668356 | ... T24: {=IFERROR(_xlfn._xlws.FILTER(AO$4:AO$6723,(AO$4:AO$6723>=0)*($AB$4:$AB$6723=$C24)*($AC$4:$AC$6723=$D24)*(ISNUMBER(_xlfn.XMATCH($AD$4:$AD$6723,$V24:$Z24,0)))),-1)} -> 58.43444 | V24: Biodiesel | AB24: AB | AC24: Agriculture | AD24: Flare Gas | AE24: -1 | AF24: -1 | AG24: -1 | AH24: -1 | AI24: -1 | AJ24: -1 | AK24: -1 | AL24: -1 | AM24: -1 | AN24: -1 | AO24: -1
C25: AB | D25: Biodiesel | E25: Electricity | F25: 2005 | G25: CAD | H25: GJ | J25: {=IFERROR(_xlfn._xlws.FILTER(AE$4:AE$6723,(AE$4:AE$6723>=0)*($AB$4:$AB$6723=$C25)*($AC$4:$AC$6723=$D25)*(ISNUMBER(_xlfn.XMATCH($AD$4:$AD$6723,$V25:$Z25,0)))),-1)} -> 3.8057961 | K25: {=IFERROR(_xlfn._xlws.FILTER(AF$4:AF$6723,(AF$4:AF$6723>=0)*($AB$4:$AB$6723=$C25)*($AC$4:$AC$6723=$D25)*(ISNUMBER(_xlfn.XMATCH($AD$4:$AD$6723,$V25:$Z25,0)))),-1)} -> 11.438433 | L25: {=IFERROR(_xlfn._xlws.FILTER(AG$4:AG$6723,(AG$4:AG$6723>=0)*($AB$4:$AB$6723=$C25)*($AC$4:$AC$6723=$D25)*(ISNUMBER(_xlfn.XMATCH($AD$4:$AD$6723,$V25:$Z25,0)))),-1)} -> 18.528762 | M25: {=IFERROR(_xlfn._xlws.FILTER(AH$4:AH$6723,(AH$4:AH$6723>=0)*($AB$4:$AB$6723=$C25)*($AC$4:$AC$6723=$D25)*(ISNUMBER(_xlfn.XMATCH($AD$4:$AD$6723,$V25:$Z25,0)))),-1)} -> 26.432553 | N25: {=IFERROR(_xlfn._xlws.FILTER(AI$4:AI$6723,(AI$4:AI$6723>=0)*($AB$4:$AB$6723=$C25)*($AC$4:$AC$6723=$D25)*(ISNUMBER(_xlfn.XMATCH($AD$4:$AD$6723,$V25:$Z25,0)))),-1)} -> 26.34597 | O25: {=IFERROR(_xlfn._xlws.FILTER(AJ$4:AJ$6723,(AJ$4:AJ$6723>=0)*($AB$4:$AB$6723=$C25)*($AC$4:$AC$6723=$D25)*(ISNUMBER(_xlfn.XMATCH($AD$4:$AD$6723,$V25:$Z25,0)))),-1)} -> 30.16269 | P25: {=IFERROR(_xlfn._xlws.FILTER(AK$4:AK$6723,(AK$4:AK$6723>=0)*($AB$4:$AB$6723=$C25)*($AC$4:$AC$6723=$D25)*(ISNUMBER(_xlfn.XMATCH($AD$4:$AD$6723,$V25:$Z25,0)))),-1)} -> 35.681031 | Q25: {=IFERROR(_xlfn._xlws.FILTER(AL$4:AL$6723,(AL$4:AL$6723>=0)*($AB$4:$AB$6723=$C25)*($AC$4:$AC$6723=$D25)*(ISNUMBER(_xlfn.XMATCH($AD$4:$AD$6723,$V25:$Z25,0)))),-1)} -> 35.695167 | ... T25: {=IFERROR(_xlfn._xlws.FILTER(AO$4:AO$6723,(AO$4:AO$6723>=0)*($AB$4:$AB$6723=$C25)*($AC$4:$AC$6723=$D25)*(ISNUMBER(_xlfn.XMATCH($AD$4:$AD$6723,$V25:$Z25,0)))),-1)} -> 35.695167 | V25: Electricity | AB25: AB | AC25: Agriculture | AD25: Gasoline | AE25: -1 | AF25: -1 | AG25: -1 | AH25: -1 | AI25: -1 | AJ25: -1 | AK25: -1 | AL25: -1 | AM25: -1 | AN25: -1 | AO25: -1
C26: AB | D26: Biodiesel | E26: Ethanol | F26: 2005 | G26: CAD | H26: GJ | J26: {=IFERROR(_xlfn._xlws.FILTER(AE$4:AE$6723,(AE$4:AE$6723>=0)*($AB$4:$AB$6723=$C26)*($AC$4:$AC$6723=$D26)*(ISNUMBER(_xlfn.XMATCH($AD$4:$AD$6723,$V26:$Z26,0)))),-1)} -> -1 | K26: {=IFERROR(_xlfn._xlws.FILTER(AF$4:AF$6723,(AF$4:AF$6723>=0)*($AB$4:$AB$6723=$C26)*($AC$4:$AC$6723=$D26)*(ISNUMBER(_xlfn.XMATCH($AD$4:$AD$6723,$V26:$Z26,0)))),-1)} -> -1 | L26: {=IFERROR(_xlfn._xlws.FILTER(AG$4:AG$6723,(AG$4:AG$6723>=0)*($AB$4:$AB$6723=$C26)*($AC$4:$AC$6723=$D26)*(ISNUMBER(_xlfn.XMATCH($AD$4:$AD$6723,$V26:$Z26,0)))),-1)} -> -1 | M26: {=IFERROR(_xlfn._xlws.FILTER(AH$4:AH$6723,(AH$4:AH$6723>=0)*($AB$4:$AB$6723=$C26)*($AC$4:$AC$6723=$D26)*(ISNUMBER(_xlfn.XMATCH($AD$4:$AD$6723,$V26:$Z26,0)))),-1)} -> -1 | N26: {=IFERROR(_xlfn._xlws.FILTER(AI$4:AI$6723,(AI$4:AI$6723>=0)*($AB$4:$AB$6723=$C26)*($AC$4:$AC$6723=$D26)*(ISNUMBER(_xlfn.XMATCH($AD$4:$AD$6723,$V26:$Z26,0)))),-1)} -> -1 | O26: {=IFERROR(_xlfn._xlws.FILTER(AJ$4:AJ$6723,(AJ$4:AJ$6723>=0)*($AB$4:$AB$6723=$C26)*($AC$4:$AC$6723=$D26)*(ISNUMBER(_xlfn.XMATCH($AD$4:$AD$6723,$V26:$Z26,0)))),-1)} -> -1 | P26: {=IFERROR(_xlfn._xlws.FILTER(AK$4:AK$6723,(AK$4:AK$6723>=0)*($AB$4:$AB$6723=$C26)*($AC$4:$AC$6723=$D26)*(ISNUMBER(_xlfn.XMATCH($AD$4:$AD$6723,$V26:$Z26,0)))),-1)} -> -1 | Q26: {=IFERROR(_xlfn._xlws.FILTER(AL$4:AL$6723,(AL$4:AL$6723>=0)*($AB$4:$AB$6723=$C26)*($AC$4:$AC$6723=$D26)*(ISNUMBER(_xlfn.XMATCH($AD$4:$AD$6723,$V26:$Z26,0)))),-1)} -> -1 | ... T26: {=IFERROR(_xlfn._xlws.FILTER(AO$4:AO$6723,(AO$4:AO$6723>=0)*($AB$4:$AB$6723=$C26)*($AC$4:$AC$6723=$D26)*(ISNUMBER(_xlfn.XMATCH($AD$4:$AD$6723,$V26:$Z26,0)))),-1)} -> -1 | V26: Ethanol | AB26: AB | AC26: Agriculture | AD26: Geothermal | AE26: -1 | AF26: -1 | AG26: -1 | AH26: -1 | AI26: -1 | AJ26: -1 | AK26: -1 | AL26: -1 | AM26: -1 | AN26: -1 | AO26: -1
C27: AB | D27: Biodiesel | E27: Aviation Turbo Fuel | F27: 2005 | G27: CAD | H27: GJ | J27: {=IFERROR(_xlfn._xlws.FILTER(AE$4:AE$6723,(AE$4:AE$6723>=0)*($AB$4:$AB$6723=$C27)*($AC$4:$AC$6723=$D27)*(ISNUMBER(_xlfn.XMATCH($AD$4:$AD$6723,$V27:$Z27,0)))),-1)} -> -1 | K27: {=IFERROR(_xlfn._xlws.FILTER(AF$4:AF$6723,(AF$4:AF$6723>=0)*($AB$4:$AB$6723=$C27)*($AC$4:$AC$6723=$D27)*(ISNUMBER(_xlfn.XMATCH($AD$4:$AD$6723,$V27:$Z27,0)))),-1)} -> -1 | L27: {=IFERROR(_xlfn._xlws.FILTER(AG$4:AG$6723,(AG$4:AG$6723>=0)*($AB$4:$AB$6723=$C27)*($AC$4:$AC$6723=$D27)*(ISNUMBER(_xlfn.XMATCH($AD$4:$AD$6723,$V27:$Z27,0)))),-1)} -> -1 | M27: {=IFERROR(_xlfn._xlws.FILTER(AH$4:AH$6723,(AH$4:AH$6723>=0)*($AB$4:$AB$6723=$C27)*($AC$4:$AC$6723=$D27)*(ISNUMBER(_xlfn.XMATCH($AD$4:$AD$6723,$V27:$Z27,0)))),-1)} -> -1 | N27: {=IFERROR(_xlfn._xlws.FILTER(AI$4:AI$6723,(AI$4:AI$6723>=0)*($AB$4:$AB$6723=$C27)*($AC$4:$AC$6723=$D27)*(ISNUMBER(_xlfn.XMATCH($AD$4:$AD$6723,$V27:$Z27,0)))),-1)} -> -1 | O27: {=IFERROR(_xlfn._xlws.FILTER(AJ$4:AJ$6723,(AJ$4:AJ$6723>=0)*($AB$4:$AB$6723=$C27)*($AC$4:$AC$6723=$D27)*(ISNUMBER(_xlfn.XMATCH($AD$4:$AD$6723,$V27:$Z27,0)))),-1)} -> -1 | P27: {=IFERROR(_xlfn._xlws.FILTER(AK$4:AK$6723,(AK$4:AK$6723>=0)*($AB$4:$AB$6723=$C27)*($AC$4:$AC$6723=$D27)*(ISNUMBER(_xlfn.XMATCH($AD$4:$AD$6723,$V27:$Z27,0)))),-1)} -> -1 | Q27: {=IFERROR(_xlfn._xlws.FILTER(AL$4:AL$6723,(AL$4:AL$6723>=0)*($AB$4:$AB$6723=$C27)*($AC$4:$AC$6723=$D27)*(ISNUMBER(_xlfn.XMATCH($AD$4:$AD$6723,$V27:$Z27,0)))),-1)} -> -1 | ... T27: {=IFERROR(_xlfn._xlws.FILTER(AO$4:AO$6723,(AO$4:AO$6723>=0)*($AB$4:$AB$6723=$C27)*($AC$4:$AC$6723=$D27)*(ISNUMBER(_xlfn.XMATCH($AD$4:$AD$6723,$V27:$Z27,0)))),-1)} -> -1 | V27: Aviation Turbo Fuel | AB27: AB | AC27: Agriculture | AD27: Hazardous Waste | AE27: -1 | AF27: -1 | AG27: -1 | AH27: -1 | AI27: -1 | AJ27: -1 | AK27: -1 | AL27: -1 | AM27: -1 | AN27: -1 | AO27: -1
C28: AB | D28: Biodiesel | E28: Black Liquor | F28: 2005 | G28: CAD | H28: GJ | J28: {=IFERROR(_xlfn._xlws.FILTER(AE$4:AE$6723,(AE$4:AE$6723>=0)*($AB$4:$AB$6723=$C28)*($AC$4:$AC$6723=$D28)*(ISNUMBER(_xlfn.XMATCH($AD$4:$AD$6723,$V28:$Z28,0)))),-1)} -> -1 | K28: {=IFERROR(_xlfn._xlws.FILTER(AF$4:AF$6723,(AF$4:AF$6723>=0)*($AB$4:$AB$6723=$C28)*($AC$4:$AC$6723=$D28)*(ISNUMBER(_xlfn.XMATCH($AD$4:$AD$6723,$V28:$Z28,0)))),-1)} -> -1 | L28: {=IFERROR(_xlfn._xlws.FILTER(AG$4:AG$6723,(AG$4:AG$6723>=0)*($AB$4:$AB$6723=$C28)*($AC$4:$AC$6723=$D28)*(ISNUMBER(_xlfn.XMATCH($AD$4:$AD$6723,$V28:$Z28,0)))),-1)} -> -1 | M28: {=IFERROR(_xlfn._xlws.FILTER(AH$4:AH$6723,(AH$4:AH$6723>=0)*($AB$4:$AB$6723=$C28)*($AC$4:$AC$6723=$D28)*(ISNUMBER(_xlfn.XMATCH($AD$4:$AD$6723,$V28:$Z28,0)))),-1)} -> -1 | N28: {=IFERROR(_xlfn._xlws.FILTER(AI$4:AI$6723,(AI$4:AI$6723>=0)*($AB$4:$AB$6723=$C28)*($AC$4:$AC$6723=$D28)*(ISNUMBER(_xlfn.XMATCH($AD$4:$AD$6723,$V28:$Z28,0)))),-1)} -> -1 | O28: {=IFERROR(_xlfn._xlws.FILTER(AJ$4:AJ$6723,(AJ$4:AJ$6723>=0)*($AB$4:$AB$6723=$C28)*($AC$4:$AC$6723=$D28)*(ISNUMBER(_xlfn.XMATCH($AD$4:$AD$6723,$V28:$Z28,0)))),-1)} -> -1 | P28: {=IFERROR(_xlfn._xlws.FILTER(AK$4:AK$6723,(AK$4:AK$6723>=0)*($AB$4:$AB$6723=$C28)*($AC$4:$AC$6723=$D28)*(ISNUMBER(_xlfn.XMATCH($AD$4:$AD$6723,$V28:$Z28,0)))),-1)} -> -1 | Q28: {=IFERROR(_xlfn._xlws.FILTER(AL$4:AL$6723,(AL$4:AL$6723>=0)*($AB$4:$AB$6723=$C28)*($AC$4:$AC$6723=$D28)*(ISNUMBER(_xlfn.XMATCH($AD$4:$AD$6723,$V28:$Z28,0)))),-1)} -> -1 | ... T28: {=IFERROR(_xlfn._xlws.FILTER(AO$4:AO$6723,(AO$4:AO$6723>=0)*($AB$4:$AB$6723=$C28)*($AC$4:$AC$6723=$D28)*(ISNUMBER(_xlfn.XMATCH($AD$4:$AD$6723,$V28:$Z28,0)))),-1)} -> -1 | V28: Black Liquor | AB28: AB | AC28: Agriculture | AD28: Heavy Fuel Oil | AE28: -1 | AF28: -1 | AG28: -1 | AH28: -1 | AI28: -1 | AJ28: -1 | AK28: -1 | AL28: -1 | AM28: -1 | AN28: -1 | AO28: -1
C29: AB | D29: Biodiesel | E29: Coal | F29: 2005 | G29: CAD | H29: GJ | J29: {=IFERROR(_xlfn._xlws.FILTER(AE$4:AE$6723,(AE$4:AE$6723>=0)*($AB$4:$AB$6723=$C29)*($AC$4:$AC$6723=$D29)*(ISNUMBER(_xlfn.XMATCH($AD$4:$AD$6723,$V29:$Z29,0)))),-1)} -> 2.7114431 | K29: {=IFERROR(_xlfn._xlws.FILTER(AF$4:AF$6723,(AF$4:AF$6723>=0)*($AB$4:$AB$6723=$C29)*($AC$4:$AC$6723=$D29)*(ISNUMBER(_xlfn.XMATCH($AD$4:$AD$6723,$V29:$Z29,0)))),-1)} -> 2.8733729 | L29: {=IFERROR(_xlfn._xlws.FILTER(AG$4:AG$6723,(AG$4:AG$6723>=0)*($AB$4:$AB$6723=$C29)*($AC$4:$AC$6723=$D29)*(ISNUMBER(_xlfn.XMATCH($AD$4:$AD$6723,$V29:$Z29,0)))),-1)} -> 3.3591623 | M29: {=IFERROR(_xlfn._xlws.FILTER(AH$4:AH$6723,(AH$4:AH$6723>=0)*($AB$4:$AB$6723=$C29)*($AC$4:$AC$6723=$D29)*(ISNUMBER(_xlfn.XMATCH($AD$4:$AD$6723,$V29:$Z29,0)))),-1)} -> 3.3591623 | N29: {=IFERROR(_xlfn._xlws.FILTER(AI$4:AI$6723,(AI$4:AI$6723>=0)*($AB$4:$AB$6723=$C29)*($AC$4:$AC$6723=$D29)*(ISNUMBER(_xlfn.XMATCH($AD$4:$AD$6723,$V29:$Z29,0)))),-1)} -> 3.3591623 | O29: {=IFERROR(_xlfn._xlws.FILTER(AJ$4:AJ$6723,(AJ$4:AJ$6723>=0)*($AB$4:$AB$6723=$C29)*($AC$4:$AC$6723=$D29)*(ISNUMBER(_xlfn.XMATCH($AD$4:$AD$6723,$V29:$Z29,0)))),-1)} -> 3.3591623 | P29: {=IFERROR(_xlfn._xlws.FILTER(AK$4:AK$6723,(AK$4:AK$6723>=0)*($AB$4:$AB$6723=$C29)*($AC$4:$AC$6723=$D29)*(ISNUMBER(_xlfn.XMATCH($AD$4:$AD$6723,$V29:$Z29,0)))),-1)} -> 3.3591623 | Q29: {=IFERROR(_xlfn._xlws.FILTER(AL$4:AL$6723,(AL$4:AL$6723>=0)*($AB$4:$AB$6723=$C29)*($AC$4:$AC$6723=$D29)*(ISNUMBER(_xlfn.XMATCH($AD$4:$AD$6723,$V29:$Z29,0)))),-1)} -> 3.3591623 | ... T29: {=IFERROR(_xlfn._xlws.FILTER(AO$4:AO$6723,(AO$4:AO$6723>=0)*($AB$4:$AB$6723=$C29)*($AC$4:$AC$6723=$D29)*(ISNUMBER(_xlfn.XMATCH($AD$4:$AD$6723,$V29:$Z29,0)))),-1)} -> 3.3591623 | V29: Coal Bituminous Appalachian | W29: Coal Bituminous Eastern | X29: Coal Lignite Western | Y29: Coal Sub Bituminous Western | Z29: Metallurgical Coal | AB29: AB | AC29: Agriculture | AD29: Hog Fuel | AE29: -1 | AF29: -1 | AG29: -1 | AH29: -1 | AI29: -1 | AJ29: -1 | AK29: -1 | AL29: -1 | AM29: -1 | AN29: -1 | AO29: -1
C30: AB | D30: Biodiesel | E30: Coke | F30: 2005 | G30: CAD | H30: GJ | J30: {=IFERROR(_xlfn._xlws.FILTER(AE$4:AE$6723,(AE$4:AE$6723>=0)*($AB$4:$AB$6723=$C30)*($AC$4:$AC$6723=$D30)*(ISNUMBER(_xlfn.XMATCH($AD$4:$AD$6723,$V30:$Z30,0)))),-1)} -> -1 | K30: {=IFERROR(_xlfn._xlws.FILTER(AF$4:AF$6723,(AF$4:AF$6723>=0)*($AB$4:$AB$6723=$C30)*($AC$4:$AC$6723=$D30)*(ISNUMBER(_xlfn.XMATCH($AD$4:$AD$6723,$V30:$Z30,0)))),-1)} -> -1 | L30: {=IFERROR(_xlfn._xlws.FILTER(AG$4:AG$6723,(AG$4:AG$6723>=0)*($AB$4:$AB$6723=$C30)*($AC$4:$AC$6723=$D30)*(ISNUMBER(_xlfn.XMATCH($AD$4:$AD$6723,$V30:$Z30,0)))),-1)} -> -1 | M30: {=IFERROR(_xlfn._xlws.FILTER(AH$4:AH$6723,(AH$4:AH$6723>=0)*($AB$4:$AB$6723=$C30)*($AC$4:$AC$6723=$D30)*(ISNUMBER(_xlfn.XMATCH($AD$4:$AD$6723,$V30:$Z30,0)))),-1)} -> -1 | N30: {=IFERROR(_xlfn._xlws.FILTER(AI$4:AI$6723,(AI$4:AI$6723>=0)*($AB$4:$AB$6723=$C30)*($AC$4:$AC$6723=$D30)*(ISNUMBER(_xlfn.XMATCH($AD$4:$AD$6723,$V30:$Z30,0)))),-1)} -> -1 | O30: {=IFERROR(_xlfn._xlws.FILTER(AJ$4:AJ$6723,(AJ$4:AJ$6723>=0)*($AB$4:$AB$6723=$C30)*($AC$4:$AC$6723=$D30)*(ISNUMBER(_xlfn.XMATCH($AD$4:$AD$6723,$V30:$Z30,0)))),-1)} -> -1 | P30: {=IFERROR(_xlfn._xlws.FILTER(AK$4:AK$6723,(AK$4:AK$6723>=0)*($AB$4:$AB$6723=$C30)*($AC$4:$AC$6723=$D30)*(ISNUMBER(_xlfn.XMATCH($AD$4:$AD$6723,$V30:$Z30,0)))),-1)} -> -1 | Q30: {=IFERROR(_xlfn._xlws.FILTER(AL$4:AL$6723,(AL$4:AL$6723>=0)*($AB$4:$AB$6723=$C30)*($AC$4:$AC$6723=$D30)*(ISNUMBER(_xlfn.XMATCH($AD$4:$AD$6723,$V30:$Z30,0)))),-1)} -> -1 | ... T30: {=IFERROR(_xlfn._xlws.FILTER(AO$4:AO$6723,(AO$4:AO$6723>=0)*($AB$4:$AB$6723=$C30)*($AC$4:$AC$6723=$D30)*(ISNUMBER(_xlfn.XMATCH($AD$4:$AD$6723,$V30:$Z30,0)))),-1)} -> -1 | V30: Metallurgical Coal | AB30: AB | AC30: Agriculture | AD30: Hydrogen | AE30: 59.532872 | AF30: 55.585909 | AG30: 46.639974 | AH30: 45.192497 | AI30: 42.682241 | AJ30: 42.682241 | AK30: 42.682241 | AL30: 42.682241 | AM30: 42.682241 | AN30: 42.682241 | AO30: 42.682241
C31: AB | D31: Biodiesel | E31: Diesel | F31: 2005 | G31: CAD | H31: GJ | J31: {=IFERROR(_xlfn._xlws.FILTER(AE$4:AE$6723,(AE$4:AE$6723>=0)*($AB$4:$AB$6723=$C31)*($AC$4:$AC$6723=$D31)*(ISNUMBER(_xlfn.XMATCH($AD$4:$AD$6723,$V31:$Z31,0)))),-1)} -> 18.831626 | K31: {=IFERROR(_xlfn._xlws.FILTER(AF$4:AF$6723,(AF$4:AF$6723>=0)*($AB$4:$AB$6723=$C31)*($AC$4:$AC$6723=$D31)*(ISNUMBER(_xlfn.XMATCH($AD$4:$AD$6723,$V31:$Z31,0)))),-1)} -> 23.315203 | L31: {=IFERROR(_xlfn._xlws.FILTER(AG$4:AG$6723,(AG$4:AG$6723>=0)*($AB$4:$AB$6723=$C31)*($AC$4:$AC$6723=$D31)*(ISNUMBER(_xlfn.XMATCH($AD$4:$AD$6723,$V31:$Z31,0)))),-1)} -> 33.854953 | M31: {=IFERROR(_xlfn._xlws.FILTER(AH$4:AH$6723,(AH$4:AH$6723>=0)*($AB$4:$AB$6723=$C31)*($AC$4:$AC$6723=$D31)*(ISNUMBER(_xlfn.XMATCH($AD$4:$AD$6723,$V31:$Z31,0)))),-1)} -> 35.310444 | N31: {=IFERROR(_xlfn._xlws.FILTER(AI$4:AI$6723,(AI$4:AI$6723>=0)*($AB$4:$AB$6723=$C31)*($AC$4:$AC$6723=$D31)*(ISNUMBER(_xlfn.XMATCH($AD$4:$AD$6723,$V31:$Z31,0)))),-1)} -> 42.015651 | O31: {=IFERROR(_xlfn._xlws.FILTER(AJ$4:AJ$6723,(AJ$4:AJ$6723>=0)*($AB$4:$AB$6723=$C31)*($AC$4:$AC$6723=$D31)*(ISNUMBER(_xlfn.XMATCH($AD$4:$AD$6723,$V31:$Z31,0)))),-1)} -> 44.840575 | P31: {=IFERROR(_xlfn._xlws.FILTER(AK$4:AK$6723,(AK$4:AK$6723>=0)*($AB$4:$AB$6723=$C31)*($AC$4:$AC$6723=$D31)*(ISNUMBER(_xlfn.XMATCH($AD$4:$AD$6723,$V31:$Z31,0)))),-1)} -> 46.748662 | Q31: {=IFERROR(_xlfn._xlws.FILTER(AL$4:AL$6723,(AL$4:AL$6723>=0)*($AB$4:$AB$6723=$C31)*($AC$4:$AC$6723=$D31)*(ISNUMBER(_xlfn.XMATCH($AD$4:$AD$6723,$V31:$Z31,0)))),-1)} -> 47.742571 | ... T31: {=IFERROR(_xlfn._xlws.FILTER(AO$4:AO$6723,(AO$4:AO$6723>=0)*($AB$4:$AB$6723=$C31)*($AC$4:$AC$6723=$D31)*(ISNUMBER(_xlfn.XMATCH($AD$4:$AD$6723,$V31:$Z31,0)))),-1)} -> 49.07381 | V31: Diesel Road | W31: Diesel Marine | X31: Diesel Rail | Y31: Diesel Offroad | AB31: AB | AC31: Agriculture | AD31: Iron Process Gas | AE31: -1 | AF31: -1 | AG31: -1 | AH31: -1 | AI31: -1 | AJ31: -1 | AK31: -1 | AL31: -1 | AM31: -1 | AN31: -1 | AO31: -1
C32: AB | D32: Biodiesel | E32: Gasoline | F32: 2005 | G32: CAD | H32: GJ | J32: {=IFERROR(_xlfn._xlws.FILTER(AE$4:AE$6723,(AE$4:AE$6723>=0)*($AB$4:$AB$6723=$C32)*($AC$4:$AC$6723=$D32)*(ISNUMBER(_xlfn.XMATCH($AD$4:$AD$6723,$V32:$Z32,0)))),-1)} -> -1 | K32: {=IFERROR(_xlfn._xlws.FILTER(AF$4:AF$6723,(AF$4:AF$6723>=0)*($AB$4:$AB$6723=$C32)*($AC$4:$AC$6723=$D32)*(ISNUMBER(_xlfn.XMATCH($AD$4:$AD$6723,$V32:$Z32,0)))),-1)} -> -1 | L32: {=IFERROR(_xlfn._xlws.FILTER(AG$4:AG$6723,(AG$4:AG$6723>=0)*($AB$4:$AB$6723=$C32)*($AC$4:$AC$6723=$D32)*(ISNUMBER(_xlfn.XMATCH($AD$4:$AD$6723,$V32:$Z32,0)))),-1)} -> -1 | M32: {=IFERROR(_xlfn._xlws.FILTER(AH$4:AH$6723,(AH$4:AH$6723>=0)*($AB$4:$AB$6723=$C32)*($AC$4:$AC$6723=$D32)*(ISNUMBER(_xlfn.XMATCH($AD$4:$AD$6723,$V32:$Z32,0)))),-1)} -> -1 | N32: {=IFERROR(_xlfn._xlws.FILTER(AI$4:AI$6723,(AI$4:AI$6723>=0)*($AB$4:$AB$6723=$C32)*($AC$4:$AC$6723=$D32)*(ISNUMBER(_xlfn.XMATCH($AD$4:$AD$6723,$V32:$Z32,0)))),-1)} -> -1 | O32: {=IFERROR(_xlfn._xlws.FILTER(AJ$4:AJ$6723,(AJ$4:AJ$6723>=0)*($AB$4:$AB$6723=$C32)*($AC$4:$AC$6723=$D32)*(ISNUMBER(_xlfn.XMATCH($AD$4:$AD$6723,$V32:$Z32,0)))),-1)} -> -1 | P32: {=IFERROR(_xlfn._xlws.FILTER(AK$4:AK$6723,(AK$4:AK$6723>=0)*($AB$4:$AB$6723=$C32)*($AC$4:$AC$6723=$D32)*(ISNUMBER(_xlfn.XMATCH($AD$4:$AD$6723,$V32:$Z32,0)))),-1)} -> -1 | Q32: {=IFERROR(_xlfn._xlws.FILTER(AL$4:AL$6723,(AL$4:AL$6723>=0)*($AB$4:$AB$6723=$C32)*($AC$4:$AC$6723=$D32)*(ISNUMBER(_xlfn.XMATCH($AD$4:$AD$6723,$V32:$Z32,0)))),-1)} -> -1 | ... T32: {=IFERROR(_xlfn._xlws.FILTER(AO$4:AO$6723,(AO$4:AO$6723>=0)*($AB$4:$AB$6723=$C32)*($AC$4:$AC$6723=$D32)*(ISNUMBER(_xlfn.XMATCH($AD$4:$AD$6723,$V32:$Z32,0)))),-1)} -> -1 | V32: Gasoline | AB32: AB | AC32: Agriculture | AD32: Landfill Gas | AE32: -1 | AF32: -1 | AG32: -1 | AH32: -1 | AI32: -1 | AJ32: -1 | AK32: -1 | AL32: -1 | AM32: -1 | AN32: -1 | AO32: -1
C33: AB | D33: Biodiesel | E33: Fuel Oil | F33: 2005 | G33: CAD | H33: GJ | J33: {=IFERROR(_xlfn._xlws.FILTER(AE$4:AE$6723,(AE$4:AE$6723>=0)*($AB$4:$AB$6723=$C33)*($AC$4:$AC$6723=$D33)*(ISNUMBER(_xlfn.XMATCH($AD$4:$AD$6723,$V33:$Z33,0)))),-1)} -> -1 | K33: {=IFERROR(_xlfn._xlws.FILTER(AF$4:AF$6723,(AF$4:AF$6723>=0)*($AB$4:$AB$6723=$C33)*($AC$4:$AC$6723=$D33)*(ISNUMBER(_xlfn.XMATCH($AD$4:$AD$6723,$V33:$Z33,0)))),-1)} -> -1 | L33: {=IFERROR(_xlfn._xlws.FILTER(AG$4:AG$6723,(AG$4:AG$6723>=0)*($AB$4:$AB$6723=$C33)*($AC$4:$AC$6723=$D33)*(ISNUMBER(_xlfn.XMATCH($AD$4:$AD$6723,$V33:$Z33,0)))),-1)} -> -1 | M33: {=IFERROR(_xlfn._xlws.FILTER(AH$4:AH$6723,(AH$4:AH$6723>=0)*($AB$4:$AB$6723=$C33)*($AC$4:$AC$6723=$D33)*(ISNUMBER(_xlfn.XMATCH($AD$4:$AD$6723,$V33:$Z33,0)))),-1)} -> -1 | N33: {=IFERROR(_xlfn._xlws.FILTER(AI$4:AI$6723,(AI$4:AI$6723>=0)*($AB$4:$AB$6723=$C33)*($AC$4:$AC$6723=$D33)*(ISNUMBER(_xlfn.XMATCH($AD$4:$AD$6723,$V33:$Z33,0)))),-1)} -> -1 | O33: {=IFERROR(_xlfn._xlws.FILTER(AJ$4:AJ$6723,(AJ$4:AJ$6723>=0)*($AB$4:$AB$6723=$C33)*($AC$4:$AC$6723=$D33)*(ISNUMBER(_xlfn.XMATCH($AD$4:$AD$6723,$V33:$Z33,0)))),-1)} -> -1 | P33: {=IFERROR(_xlfn._xlws.FILTER(AK$4:AK$6723,(AK$4:AK$6723>=0)*($AB$4:$AB$6723=$C33)*($AC$4:$AC$6723=$D33)*(ISNUMBER(_xlfn.XMATCH($AD$4:$AD$6723,$V33:$Z33,0)))),-1)} -> -1 | Q33: {=IFERROR(_xlfn._xlws.FILTER(AL$4:AL$6723,(AL$4:AL$6723>=0)*($AB$4:$AB$6723=$C33)*($AC$4:$AC$6723=$D33)*(ISNUMBER(_xlfn.XMATCH($AD$4:$AD$6723,$V33:$Z33,0)))),-1)} -> -1 | ... T33: {=IFERROR(_xlfn._xlws.FILTER(AO$4:AO$6723,(AO$4:AO$6723>=0)*($AB$4:$AB$6723=$C33)*($AC$4:$AC$6723=$D33)*(ISNUMBER(_xlfn.XMATCH($AD$4:$AD$6723,$V33:$Z33,0)))),-1)} -> -1 | V33: Heavy Fuel Oil | W33: Light Fuel Oil | AB33: AB | AC33: Agriculture | AD33: Light Fuel Oil | AE33: -1 | AF33: -1 | AG33: -1 | AH33: -1 | AI33: -1 | AJ33: -1 | AK33: -1 | AL33: -1 | AM33: -1 | AN33: -1 | AO33: -1
C34: AB | D34: Biodiesel | E34: Hydrogen | F34: 2005 | G34: CAD | H34: GJ | J34: {=IFERROR(_xlfn._xlws.FILTER(AE$4:AE$6723,(AE$4:AE$6723>=0)*($AB$4:$AB$6723=$C34)*($AC$4:$AC$6723=$D34)*(ISNUMBER(_xlfn.XMATCH($AD$4:$AD$6723,$V34:$Z34,0)))),-1)} -> -1 | K34: {=IFERROR(_xlfn._xlws.FILTER(AF$4:AF$6723,(AF$4:AF$6723>=0)*($AB$4:$AB$6723=$C34)*($AC$4:$AC$6723=$D34)*(ISNUMBER(_xlfn.XMATCH($AD$4:$AD$6723,$V34:$Z34,0)))),-1)} -> -1 | L34: {=IFERROR(_xlfn._xlws.FILTER(AG$4:AG$6723,(AG$4:AG$6723>=0)*($AB$4:$AB$6723=$C34)*($AC$4:$AC$6723=$D34)*(ISNUMBER(_xlfn.XMATCH($AD$4:$AD$6723,$V34:$Z34,0)))),-1)} -> -1 | M34: {=IFERROR(_xlfn._xlws.FILTER(AH$4:AH$6723,(AH$4:AH$6723>=0)*($AB$4:$AB$6723=$C34)*($AC$4:$AC$6723=$D34)*(ISNUMBER(_xlfn.XMATCH($AD$4:$AD$6723,$V34:$Z34,0)))),-1)} -> -1 | N34: {=IFERROR(_xlfn._xlws.FILTER(AI$4:AI$6723,(AI$4:AI$6723>=0)*($AB$4:$AB$6723=$C34)*($AC$4:$AC$6723=$D34)*(ISNUMBER(_xlfn.XMATCH($AD$4:$AD$6723,$V34:$Z34,0)))),-1)} -> -1 | O34: {=IFERROR(_xlfn._xlws.FILTER(AJ$4:AJ$6723,(AJ$4:AJ$6723>=0)*($AB$4:$AB$6723=$C34)*($AC$4:$AC$6723=$D34)*(ISNUMBER(_xlfn.XMATCH($AD$4:$AD$6723,$V34:$Z34,0)))),-1)} -> -1 | P34: {=IFERROR(_xlfn._xlws.FILTER(AK$4:AK$6723,(AK$4:AK$6723>=0)*($AB$4:$AB$6723=$C34)*($AC$4:$AC$6723=$D34)*(ISNUMBER(_xlfn.XMATCH($AD$4:$AD$6723,$V34:$Z34,0)))),-1)} -> -1 | Q34: {=IFERROR(_xlfn._xlws.FILTER(AL$4:AL$6723,(AL$4:AL$6723>=0)*($AB$4:$AB$6723=$C34)*($AC$4:$AC$6723=$D34)*(ISNUMBER(_xlfn.XMATCH($AD$4:$AD$6723,$V34:$Z34,0)))),-1)} -> -1 | ... T34: {=IFERROR(_xlfn._xlws.FILTER(AO$4:AO$6723,(AO$4:AO$6723>=0)*($AB$4:$AB$6723=$C34)*($AC$4:$AC$6723=$D34)*(ISNUMBER(_xlfn.XMATCH($AD$4:$AD$6723,$V34:$Z34,0)))),-1)} -> -1 | V34: Hydrogen | AB34: AB | AC34: Agriculture | AD34: Liquified Petroleum Gas | AE34: -1 | AF34: -1 | AG34: -1 | AH34: -1 | AI34: -1 | AJ34: -1 | AK34: -1 | AL34: -1 | AM34: -1 | AN34: -1 | AO34: -1
C35: AB | D35: Biodiesel | E35: Landfill Gas | F35: 2005 | G35: CAD | H35: GJ | J35: {=IFERROR(_xlfn._xlws.FILTER(AE$4:AE$6723,(AE$4:AE$6723>=0)*($AB$4:$AB$6723=$C35)*($AC$4:$AC$6723=$D35)*(ISNUMBER(_xlfn.XMATCH($AD$4:$AD$6723,$V35:$Z35,0)))),-1)} -> -1 | K35: {=IFERROR(_xlfn._xlws.FILTER(AF$4:AF$6723,(AF$4:AF$6723>=0)*($AB$4:$AB$6723=$C35)*($AC$4:$AC$6723=$D35)*(ISNUMBER(_xlfn.XMATCH($AD$4:$AD$6723,$V35:$Z35,0)))),-1)} -> -1 | L35: {=IFERROR(_xlfn._xlws.FILTER(AG$4:AG$6723,(AG$4:AG$6723>=0)*($AB$4:$AB$6723=$C35)*($AC$4:$AC$6723=$D35)*(ISNUMBER(_xlfn.XMATCH($AD$4:$AD$6723,$V35:$Z35,0)))),-1)} -> -1 | M35: {=IFERROR(_xlfn._xlws.FILTER(AH$4:AH$6723,(AH$4:AH$6723>=0)*($AB$4:$AB$6723=$C35)*($AC$4:$AC$6723=$D35)*(ISNUMBER(_xlfn.XMATCH($AD$4:$AD$6723,$V35:$Z35,0)))),-1)} -> -1 | N35: {=IFERROR(_xlfn._xlws.FILTER(AI$4:AI$6723,(AI$4:AI$6723>=0)*($AB$4:$AB$6723=$C35)*($AC$4:$AC$6723=$D35)*(ISNUMBER(_xlfn.XMATCH($AD$4:$AD$6723,$V35:$Z35,0)))),-1)} -> -1 | O35: {=IFERROR(_xlfn._xlws.FILTER(AJ$4:AJ$6723,(AJ$4:AJ$6723>=0)*($AB$4:$AB$6723=$C35)*($AC$4:$AC$6723=$D35)*(ISNUMBER(_xlfn.XMATCH($AD$4:$AD$6723,$V35:$Z35,0)))),-1)} -> -1 | P35: {=IFERROR(_xlfn._xlws.FILTER(AK$4:AK$6723,(AK$4:AK$6723>=0)*($AB$4:$AB$6723=$C35)*($AC$4:$AC$6723=$D35)*(ISNUMBER(_xlfn.XMATCH($AD$4:$AD$6723,$V35:$Z35,0)))),-1)} -> -1 | Q35: {=IFERROR(_xlfn._xlws.FILTER(AL$4:AL$6723,(AL$4:AL$6723>=0)*($AB$4:$AB$6723=$C35)*($AC$4:$AC$6723=$D35)*(ISNUMBER(_xlfn.XMATCH($AD$4:$AD$6723,$V35:$Z35,0)))),-1)} -> -1 | ... T35: {=IFERROR(_xlfn._xlws.FILTER(AO$4:AO$6723,(AO$4:AO$6723>=0)*($AB$4:$AB$6723=$C35)*($AC$4:$AC$6723=$D35)*(ISNUMBER(_xlfn.XMATCH($AD$4:$AD$6723,$V35:$Z35,0)))),-1)} -> -1 | V35: Landfill Gas | AB35: AB | AC35: Agriculture | AD35: Metallurgical Coal | AE35: -1 | AF35: -1 | AG35: -1 | AH35: -1 | AI35: -1 | AJ35: -1 | AK35: -1 | AL35: -1 | AM35: -1 | AN35: -1 | AO35: -1
C36: AB | D36: Biodiesel | E36: Liquified Petroleum Gas | F36: 2005 | G36: CAD | H36: GJ | J36: {=IFERROR(_xlfn._xlws.FILTER(AE$4:AE$6723,(AE$4:AE$6723>=0)*($AB$4:$AB$6723=$C36)*($AC$4:$AC$6723=$D36)*(ISNUMBER(_xlfn.XMATCH($AD$4:$AD$6723,$V36:$Z36,0)))),-1)} -> -1 | K36: {=IFERROR(_xlfn._xlws.FILTER(AF$4:AF$6723,(AF$4:AF$6723>=0)*($AB$4:$AB$6723=$C36)*($AC$4:$AC$6723=$D36)*(ISNUMBER(_xlfn.XMATCH($AD$4:$AD$6723,$V36:$Z36,0)))),-1)} -> -1 | L36: {=IFERROR(_xlfn._xlws.FILTER(AG$4:AG$6723,(AG$4:AG$6723>=0)*($AB$4:$AB$6723=$C36)*($AC$4:$AC$6723=$D36)*(ISNUMBER(_xlfn.XMATCH($AD$4:$AD$6723,$V36:$Z36,0)))),-1)} -> -1 | M36: {=IFERROR(_xlfn._xlws.FILTER(AH$4:AH$6723,(AH$4:AH$6723>=0)*($AB$4:$AB$6723=$C36)*($AC$4:$AC$6723=$D36)*(ISNUMBER(_xlfn.XMATCH($AD$4:$AD$6723,$V36:$Z36,0)))),-1)} -> -1 | N36: {=IFERROR(_xlfn._xlws.FILTER(AI$4:AI$6723,(AI$4:AI$6723>=0)*($AB$4:$AB$6723=$C36)*($AC$4:$AC$6723=$D36)*(ISNUMBER(_xlfn.XMATCH($AD$4:$AD$6723,$V36:$Z36,0)))),-1)} -> -1 | O36: {=IFERROR(_xlfn._xlws.FILTER(AJ$4:AJ$6723,(AJ$4:AJ$6723>=0)*($AB$4:$AB$6723=$C36)*($AC$4:$AC$6723=$D36)*(ISNUMBER(_xlfn.XMATCH($AD$4:$AD$6723,$V36:$Z36,0)))),-1)} -> -1 | P36: {=IFERROR(_xlfn._xlws.FILTER(AK$4:AK$6723,(AK$4:AK$6723>=0)*($AB$4:$AB$6723=$C36)*($AC$4:$AC$6723=$D36)*(ISNUMBER(_xlfn.XMATCH($AD$4:$AD$6723,$V36:$Z36,0)))),-1)} -> -1 | Q36: {=IFERROR(_xlfn._xlws.FILTER(AL$4:AL$6723,(AL$4:AL$6723>=0)*($AB$4:$AB$6723=$C36)*($AC$4:$AC$6723=$D36)*(ISNUMBER(_xlfn.XMATCH($AD$4:$AD$6723,$V36:$Z36,0)))),-1)} -> -1 | ... T36: {=IFERROR(_xlfn._xlws.FILTER(AO$4:AO$6723,(AO$4:AO$6723>=0)*($AB$4:$AB$6723=$C36)*($AC$4:$AC$6723=$D36)*(ISNUMBER(_xlfn.XMATCH($AD$4:$AD$6723,$V36:$Z36,0)))),-1)} -> -1 | V36: Liquified Petroleum Gas | AB36: AB | AC36: Agriculture | AD36: Methanol | AE36: -1 | AF36: -1 | AG36: -1 | AH36: -1 | AI36: -1 | AJ36: -1 | AK36: -1 | AL36: -1 | AM36: -1 | AN36: -1 | AO36: -1
C37: AB | D37: Biodiesel | E37: Natural Gas | F37: 2005 | G37: CAD | H37: GJ | J37: {=IFERROR(_xlfn._xlws.FILTER(AE$4:AE$6723,(AE$4:AE$6723>=0)*($AB$4:$AB$6723=$C37)*($AC$4:$AC$6723=$D37)*(ISNUMBER(_xlfn.XMATCH($AD$4:$AD$6723,$V37:$Z37,0)))),-1)} -> 16.163164 | K37: {=IFERROR(_xlfn._xlws.FILTER(AF$4:AF$6723,(AF$4:AF$6723>=0)*($AB$4:$AB$6723=$C37)*($AC$4:$AC$6723=$D37)*(ISNUMBER(_xlfn.XMATCH($AD$4:$AD$6723,$V37:$Z37,0)))),-1)} -> 11.904608 | L37: {=IFERROR(_xlfn._xlws.FILTER(AG$4:AG$6723,(AG$4:AG$6723>=0)*($AB$4:$AB$6723=$C37)*($AC$4:$AC$6723=$D37)*(ISNUMBER(_xlfn.XMATCH($AD$4:$AD$6723,$V37:$Z37,0)))),-1)} -> 4.608336 | M37: {=IFERROR(_xlfn._xlws.FILTER(AH$4:AH$6723,(AH$4:AH$6723>=0)*($AB$4:$AB$6723=$C37)*($AC$4:$AC$6723=$D37)*(ISNUMBER(_xlfn.XMATCH($AD$4:$AD$6723,$V37:$Z37,0)))),-1)} -> 1.868637 | N37: {=IFERROR(_xlfn._xlws.FILTER(AI$4:AI$6723,(AI$4:AI$6723>=0)*($AB$4:$AB$6723=$C37)*($AC$4:$AC$6723=$D37)*(ISNUMBER(_xlfn.XMATCH($AD$4:$AD$6723,$V37:$Z37,0)))),-1)} -> 3.4275712 | O37: {=IFERROR(_xlfn._xlws.FILTER(AJ$4:AJ$6723,(AJ$4:AJ$6723>=0)*($AB$4:$AB$6723=$C37)*($AC$4:$AC$6723=$D37)*(ISNUMBER(_xlfn.XMATCH($AD$4:$AD$6723,$V37:$Z37,0)))),-1)} -> 3.8484811 | P37: {=IFERROR(_xlfn._xlws.FILTER(AK$4:AK$6723,(AK$4:AK$6723>=0)*($AB$4:$AB$6723=$C37)*($AC$4:$AC$6723=$D37)*(ISNUMBER(_xlfn.XMATCH($AD$4:$AD$6723,$V37:$Z37,0)))),-1)} -> 3.9868697 | Q37: {=IFERROR(_xlfn._xlws.FILTER(AL$4:AL$6723,(AL$4:AL$6723>=0)*($AB$4:$AB$6723=$C37)*($AC$4:$AC$6723=$D37)*(ISNUMBER(_xlfn.XMATCH($AD$4:$AD$6723,$V37:$Z37,0)))),-1)} -> 4.1069122 | ... T37: {=IFERROR(_xlfn._xlws.FILTER(AO$4:AO$6723,(AO$4:AO$6723>=0)*($AB$4:$AB$6723=$C37)*($AC$4:$AC$6723=$D37)*(ISNUMBER(_xlfn.XMATCH($AD$4:$AD$6723,$V37:$Z37,0)))),-1)} -> 4.2487268 | V37: Natural Gas | AB37: AB | AC37: Agriculture | AD37: Natural Gas | AE37: 15.557334 | AF37: 11.450235 | AG37: 4.608336 | AH37: 1.868637 | AI37: 3.4275712 | AJ37: 3.8484811 | AK37: 3.9868697 | AL37: 4.1069122 | AM37: 4.2487268 | AN37: 4.2487268 | AO37: 4.2487268
C38: AB | D38: Biodiesel | E38: Petroleum Coke | F38: 2005 | G38: CAD | H38: GJ | J38: {=IFERROR(_xlfn._xlws.FILTER(AE$4:AE$6723,(AE$4:AE$6723>=0)*($AB$4:$AB$6723=$C38)*($AC$4:$AC$6723=$D38)*(ISNUMBER(_xlfn.XMATCH($AD$4:$AD$6723,$V38:$Z38,0)))),-1)} -> -1 | K38: {=IFERROR(_xlfn._xlws.FILTER(AF$4:AF$6723,(AF$4:AF$6723>=0)*($AB$4:$AB$6723=$C38)*($AC$4:$AC$6723=$D38)*(ISNUMBER(_xlfn.XMATCH($AD$4:$AD$6723,$V38:$Z38,0)))),-1)} -> -1 | L38: {=IFERROR(_xlfn._xlws.FILTER(AG$4:AG$6723,(AG$4:AG$6723>=0)*($AB$4:$AB$6723=$C38)*($AC$4:$AC$6723=$D38)*(ISNUMBER(_xlfn.XMATCH($AD$4:$AD$6723,$V38:$Z38,0)))),-1)} -> -1 | M38: {=IFERROR(_xlfn._xlws.FILTER(AH$4:AH$6723,(AH$4:AH$6723>=0)*($AB$4:$AB$6723=$C38)*($AC$4:$AC$6723=$D38)*(ISNUMBER(_xlfn.XMATCH($AD$4:$AD$6723,$V38:$Z38,0)))),-1)} -> -1 | N38: {=IFERROR(_xlfn._xlws.FILTER(AI$4:AI$6723,(AI$4:AI$6723>=0)*($AB$4:$AB$6723=$C38)*($AC$4:$AC$6723=$D38)*(ISNUMBER(_xlfn.XMATCH($AD$4:$AD$6723,$V38:$Z38,0)))),-1)} -> -1 | O38: {=IFERROR(_xlfn._xlws.FILTER(AJ$4:AJ$6723,(AJ$4:AJ$6723>=0)*($AB$4:$AB$6723=$C38)*($AC$4:$AC$6723=$D38)*(ISNUMBER(_xlfn.XMATCH($AD$4:$AD$6723,$V38:$Z38,0)))),-1)} -> -1 | P38: {=IFERROR(_xlfn._xlws.FILTER(AK$4:AK$6723,(AK$4:AK$6723>=0)*($AB$4:$AB$6723=$C38)*($AC$4:$AC$6723=$D38)*(ISNUMBER(_xlfn.XMATCH($AD$4:$AD$6723,$V38:$Z38,0)))),-1)} -> -1 | Q38: {=IFERROR(_xlfn._xlws.FILTER(AL$4:AL$6723,(AL$4:AL$6723>=0)*($AB$4:$AB$6723=$C38)*($AC$4:$AC$6723=$D38)*(ISNUMBER(_xlfn.XMATCH($AD$4:$AD$6723,$V38:$Z38,0)))),-1)} -> -1 | ... T38: {=IFERROR(_xlfn._xlws.FILTER(AO$4:AO$6723,(AO$4:AO$6723>=0)*($AB$4:$AB$6723=$C38)*($AC$4:$AC$6723=$D38)*(ISNUMBER(_xlfn.XMATCH($AD$4:$AD$6723,$V38:$Z38,0)))),-1)} -> -1 | V38: Petroleum Coke | AB38: AB | AC38: Agriculture | AD38: Natural Gas Feedstock | AE38: -1 | AF38: -1 | AG38: -1 | AH38: -1 | AI38: -1 | AJ38: -1 | AK38: -1 | AL38: -1 | AM38: -1 | AN38: -1 | AO38: -1
C39: AB | D39: Biodiesel | E39: Propane | F39: 2005 | G39: CAD | H39: GJ | J39: {=IFERROR(_xlfn._xlws.FILTER(AE$4:AE$6723,(AE$4:AE$6723>=0)*($AB$4:$AB$6723=$C39)*($AC$4:$AC$6723=$D39)*(ISNUMBER(_xlfn.XMATCH($AD$4:$AD$6723,$V39:$Z39,0)))),-1)} -> -1 | K39: {=IFERROR(_xlfn._xlws.FILTER(AF$4:AF$6723,(AF$4:AF$6723>=0)*($AB$4:$AB$6723=$C39)*($AC$4:$AC$6723=$D39)*(ISNUMBER(_xlfn.XMATCH($AD$4:$AD$6723,$V39:$Z39,0)))),-1)} -> -1 | L39: {=IFERROR(_xlfn._xlws.FILTER(AG$4:AG$6723,(AG$4:AG$6723>=0)*($AB$4:$AB$6723=$C39)*($AC$4:$AC$6723=$D39)*(ISNUMBER(_xlfn.XMATCH($AD$4:$AD$6723,$V39:$Z39,0)))),-1)} -> -1 | M39: {=IFERROR(_xlfn._xlws.FILTER(AH$4:AH$6723,(AH$4:AH$6723>=0)*($AB$4:$AB$6723=$C39)*($AC$4:$AC$6723=$D39)*(ISNUMBER(_xlfn.XMATCH($AD$4:$AD$6723,$V39:$Z39,0)))),-1)} -> -1 | N39: {=IFERROR(_xlfn._xlws.FILTER(AI$4:AI$6723,(AI$4:AI$6723>=0)*($AB$4:$AB$6723=$C39)*($AC$4:$AC$6723=$D39)*(ISNUMBER(_xlfn.XMATCH($AD$4:$AD$6723,$V39:$Z39,0)))),-1)} -> -1 | O39: {=IFERROR(_xlfn._xlws.FILTER(AJ$4:AJ$6723,(AJ$4:AJ$6723>=0)*($AB$4:$AB$6723=$C39)*($AC$4:$AC$6723=$D39)*(ISNUMBER(_xlfn.XMATCH($AD$4:$AD$6723,$V39:$Z39,0)))),-1)} -> -1 | P39: {=IFERROR(_xlfn._xlws.FILTER(AK$4:AK$6723,(AK$4:AK$6723>=0)*($AB$4:$AB$6723=$C39)*($AC$4:$AC$6723=$D39)*(ISNUMBER(_xlfn.XMATCH($AD$4:$AD$6723,$V39:$Z39,0)))),-1)} -> -1 | Q39: {=IFERROR(_xlfn._xlws.FILTER(AL$4:AL$6723,(AL$4:AL$6723>=0)*($AB$4:$AB$6723=$C39)*($AC$4:$AC$6723=$D39)*(ISNUMBER(_xlfn.XMATCH($AD$4:$AD$6723,$V39:$Z39,0)))),-1)} -> -1 | ... T39: {=IFERROR(_xlfn._xlws.FILTER(AO$4:AO$6723,(AO$4:AO$6723>=0)*($AB$4:$AB$6723=$C39)*($AC$4:$AC$6723=$D39)*(ISNUMBER(_xlfn.XMATCH($AD$4:$AD$6723,$V39:$Z39,0)))),-1)} -> -1 | V39: Propane | W39: Propane Solvent | AB39: AB | AC39: Agriculture | AD39: Petroleum Coke | AE39: -1 | AF39: -1 | AG39: -1 | AH39: -1 | AI39: -1 | AJ39: -1 | AK39: -1 | AL39: -1 | AM39: -1 | AN39: -1 | AO39: -1
C40: AB | D40: Biodiesel | E40: Still Gas | F40: 2005 | G40: CAD | H40: GJ | J40: {=IFERROR(_xlfn._xlws.FILTER(AE$4:AE$6723,(AE$4:AE$6723>=0)*($AB$4:$AB$6723=$C40)*($AC$4:$AC$6723=$D40)*(ISNUMBER(_xlfn.XMATCH($AD$4:$AD$6723,$V40:$Z40,0)))),-1)} -> -1 | K40: {=IFERROR(_xlfn._xlws.FILTER(AF$4:AF$6723,(AF$4:AF$6723>=0)*($AB$4:$AB$6723=$C40)*($AC$4:$AC$6723=$D40)*(ISNUMBER(_xlfn.XMATCH($AD$4:$AD$6723,$V40:$Z40,0)))),-1)} -> -1 | L40: {=IFERROR(_xlfn._xlws.FILTER(AG$4:AG$6723,(AG$4:AG$6723>=0)*($AB$4:$AB$6723=$C40)*($AC$4:$AC$6723=$D40)*(ISNUMBER(_xlfn.XMATCH($AD$4:$AD$6723,$V40:$Z40,0)))),-1)} -> -1 | M40: {=IFERROR(_xlfn._xlws.FILTER(AH$4:AH$6723,(AH$4:AH$6723>=0)*($AB$4:$AB$6723=$C40)*($AC$4:$AC$6723=$D40)*(ISNUMBER(_xlfn.XMATCH($AD$4:$AD$6723,$V40:$Z40,0)))),-1)} -> -1 | N40: {=IFERROR(_xlfn._xlws.FILTER(AI$4:AI$6723,(AI$4:AI$6723>=0)*($AB$4:$AB$6723=$C40)*($AC$4:$AC$6723=$D40)*(ISNUMBER(_xlfn.XMATCH($AD$4:$AD$6723,$V40:$Z40,0)))),-1)} -> -1 | O40: {=IFERROR(_xlfn._xlws.FILTER(AJ$4:AJ$6723,(AJ$4:AJ$6723>=0)*($AB$4:$AB$6723=$C40)*($AC$4:$AC$6723=$D40)*(ISNUMBER(_xlfn.XMATCH($AD$4:$AD$6723,$V40:$Z40,0)))),-1)} -> -1 | P40: {=IFERROR(_xlfn._xlws.FILTER(AK$4:AK$6723,(AK$4:AK$6723>=0)*($AB$4:$AB$6723=$C40)*($AC$4:$AC$6723=$D40)*(ISNUMBER(_xlfn.XMATCH($AD$4:$AD$6723,$V40:$Z40,0)))),-1)} -> -1 | Q40: {=IFERROR(_xlfn._xlws.FILTER(AL$4:AL$6723,(AL$4:AL$6723>=0)*($AB$4:$AB$6723=$C40)*($AC$4:$AC$6723=$D40)*(ISNUMBER(_xlfn.XMATCH($AD$4:$AD$6723,$V40:$Z40,0)))),-1)} -> -1 | ... T40: {=IFERROR(_xlfn._xlws.FILTER(AO$4:AO$6723,(AO$4:AO$6723>=0)*($AB$4:$AB$6723=$C40)*($AC$4:$AC$6723=$D40)*(ISNUMBER(_xlfn.XMATCH($AD$4:$AD$6723,$V40:$Z40,0)))),-1)} -> -1 | V40: Still Gas | AB40: AB | AC40: Agriculture | AD40: Petroleum Crude | AE40: -1 | AF40: -1 | AG40: -1 | AH40: -1 | AI40: -1 | AJ40: -1 | AK40: -1 | AL40: -1 | AM40: -1 | AN40: -1 | AO40: -1
C41: AB | D41: Biodiesel | E41: Uranium | F41: 2005 | G41: CAD | H41: GJ | J41: {=IFERROR(_xlfn._xlws.FILTER(AE$4:AE$6723,(AE$4:AE$6723>=0)*($AB$4:$AB$6723=$C41)*($AC$4:$AC$6723=$D41)*(ISNUMBER(_xlfn.XMATCH($AD$4:$AD$6723,$V41:$Z41,0)))),-1)} -> -1 | K41: {=IFERROR(_xlfn._xlws.FILTER(AF$4:AF$6723,(AF$4:AF$6723>=0)*($AB$4:$AB$6723=$C41)*($AC$4:$AC$6723=$D41)*(ISNUMBER(_xlfn.XMATCH($AD$4:$AD$6723,$V41:$Z41,0)))),-1)} -> -1 | L41: {=IFERROR(_xlfn._xlws.FILTER(AG$4:AG$6723,(AG$4:AG$6723>=0)*($AB$4:$AB$6723=$C41)*($AC$4:$AC$6723=$D41)*(ISNUMBER(_xlfn.XMATCH($AD$4:$AD$6723,$V41:$Z41,0)))),-1)} -> -1 | M41: {=IFERROR(_xlfn._xlws.FILTER(AH$4:AH$6723,(AH$4:AH$6723>=0)*($AB$4:$AB$6723=$C41)*($AC$4:$AC$6723=$D41)*(ISNUMBER(_xlfn.XMATCH($AD$4:$AD$6723,$V41:$Z41,0)))),-1)} -> -1 | N41: {=IFERROR(_xlfn._xlws.FILTER(AI$4:AI$6723,(AI$4:AI$6723>=0)*($AB$4:$AB$6723=$C41)*($AC$4:$AC$6723=$D41)*(ISNUMBER(_xlfn.XMATCH($AD$4:$AD$6723,$V41:$Z41,0)))),-1)} -> -1 | O41: {=IFERROR(_xlfn._xlws.FILTER(AJ$4:AJ$6723,(AJ$4:AJ$6723>=0)*($AB$4:$AB$6723=$C41)*($AC$4:$AC$6723=$D41)*(ISNUMBER(_xlfn.XMATCH($AD$4:$AD$6723,$V41:$Z41,0)))),-1)} -> -1 | P41: {=IFERROR(_xlfn._xlws.FILTER(AK$4:AK$6723,(AK$4:AK$6723>=0)*($AB$4:$AB$6723=$C41)*($AC$4:$AC$6723=$D41)*(ISNUMBER(_xlfn.XMATCH($AD$4:$AD$6723,$V41:$Z41,0)))),-1)} -> -1 | Q41: {=IFERROR(_xlfn._xlws.FILTER(AL$4:AL$6723,(AL$4:AL$6723>=0)*($AB$4:$AB$6723=$C41)*($AC$4:$AC$6723=$D41)*(ISNUMBER(_xlfn.XMATCH($AD$4:$AD$6723,$V41:$Z41,0)))),-1)} -> -1 | ... T41: {=IFERROR(_xlfn._xlws.FILTER(AO$4:AO$6723,(AO$4:AO$6723>=0)*($AB$4:$AB$6723=$C41)*($AC$4:$AC$6723=$D41)*(ISNUMBER(_xlfn.XMATCH($AD$4:$AD$6723,$V41:$Z41,0)))),-1)} -> -1 | V41: Uranium | AB41: AB | AC41: Agriculture | AD41: Propane | AE41: -1 | AF41: -1 | AG41: -1 | AH41: -1 | AI41: -1 | AJ41: -1 | AK41: -1 | AL41: -1 | AM41: -1 | AN41: -1 | AO41: -1
C42: AB | D42: Biodiesel | E42: Waste Fuel | F42: 2005 | G42: CAD | H42: GJ | J42: {=IFERROR(_xlfn._xlws.FILTER(AE$4:AE$6723,(AE$4:AE$6723>=0)*($AB$4:$AB$6723=$C42)*($AC$4:$AC$6723=$D42)*(ISNUMBER(_xlfn.XMATCH($AD$4:$AD$6723,$V42:$Z42,0)))),-1)} -> -1 | K42: {=IFERROR(_xlfn._xlws.FILTER(AF$4:AF$6723,(AF$4:AF$6723>=0)*($AB$4:$AB$6723=$C42)*($AC$4:$AC$6723=$D42)*(ISNUMBER(_xlfn.XMATCH($AD$4:$AD$6723,$V42:$Z42,0)))),-1)} -> -1 | L42: {=IFERROR(_xlfn._xlws.FILTER(AG$4:AG$6723,(AG$4:AG$6723>=0)*($AB$4:$AB$6723=$C42)*($AC$4:$AC$6723=$D42)*(ISNUMBER(_xlfn.XMATCH($AD$4:$AD$6723,$V42:$Z42,0)))),-1)} -> -1 | M42: {=IFERROR(_xlfn._xlws.FILTER(AH$4:AH$6723,(AH$4:AH$6723>=0)*($AB$4:$AB$6723=$C42)*($AC$4:$AC$6723=$D42)*(ISNUMBER(_xlfn.XMATCH($AD$4:$AD$6723,$V42:$Z42,0)))),-1)} -> -1 | N42: {=IFERROR(_xlfn._xlws.FILTER(AI$4:AI$6723,(AI$4:AI$6723>=0)*($AB$4:$AB$6723=$C42)*($AC$4:$AC$6723=$D42)*(ISNUMBER(_xlfn.XMATCH($AD$4:$AD$6723,$V42:$Z42,0)))),-1)} -> -1 | O42: {=IFERROR(_xlfn._xlws.FILTER(AJ$4:AJ$6723,(AJ$4:AJ$6723>=0)*($AB$4:$AB$6723=$C42)*($AC$4:$AC$6723=$D42)*(ISNUMBER(_xlfn.XMATCH($AD$4:$AD$6723,$V42:$Z42,0)))),-1)} -> -1 | P42: {=IFERROR(_xlfn._xlws.FILTER(AK$4:AK$6723,(AK$4:AK$6723>=0)*($AB$4:$AB$6723=$C42)*($AC$4:$AC$6723=$D42)*(ISNUMBER(_xlfn.XMATCH($AD$4:$AD$6723,$V42:$Z42,0)))),-1)} -> -1 | Q42: {=IFERROR(_xlfn._xlws.FILTER(AL$4:AL$6723,(AL$4:AL$6723>=0)*($AB$4:$AB$6723=$C42)*($AC$4:$AC$6723=$D42)*(ISNUMBER(_xlfn.XMATCH($AD$4:$AD$6723,$V42:$Z42,0)))),-1)} -> -1 | ... T42: {=IFERROR(_xlfn._xlws.FILTER(AO$4:AO$6723,(AO$4:AO$6723>=0)*($AB$4:$AB$6723=$C42)*($AC$4:$AC$6723=$D42)*(ISNUMBER(_xlfn.XMATCH($AD$4:$AD$6723,$V42:$Z42,0)))),-1)} -> -1 | V42: Waste Fuel | W42: Hazardous Waste | X42: Byproduct gas | AB42: AB | AC42: Agriculture | AD42: Propane Solvent | AE42: -1 | AF42: -1 | AG42: -1 | AH42: -1 | AI42: -1 | AJ42: -1 | AK42: -1 | AL42: -1 | AM42: -1 | AN42: -1 | AO42: -1
C43: AB | D43: Biodiesel | E43: Wood | F43: 2005 | G43: CAD | H43: GJ | J43: {=IFERROR(_xlfn._xlws.FILTER(AE$4:AE$6723,(AE$4:AE$6723>=0)*($AB$4:$AB$6723=$C43)*($AC$4:$AC$6723=$D43)*(ISNUMBER(_xlfn.XMATCH($AD$4:$AD$6723,$V43:$Z43,0)))),-1)} -> -1 | K43: {=IFERROR(_xlfn._xlws.FILTER(AF$4:AF$6723,(AF$4:AF$6723>=0)*($AB$4:$AB$6723=$C43)*($AC$4:$AC$6723=$D43)*(ISNUMBER(_xlfn.XMATCH($AD$4:$AD$6723,$V43:$Z43,0)))),-1)} -> -1 | L43: {=IFERROR(_xlfn._xlws.FILTER(AG$4:AG$6723,(AG$4:AG$6723>=0)*($AB$4:$AB$6723=$C43)*($AC$4:$AC$6723=$D43)*(ISNUMBER(_xlfn.XMATCH($AD$4:$AD$6723,$V43:$Z43,0)))),-1)} -> -1 | M43: {=IFERROR(_xlfn._xlws.FILTER(AH$4:AH$6723,(AH$4:AH$6723>=0)*($AB$4:$AB$6723=$C43)*($AC$4:$AC$6723=$D43)*(ISNUMBER(_xlfn.XMATCH($AD$4:$AD$6723,$V43:$Z43,0)))),-1)} -> -1 | N43: {=IFERROR(_xlfn._xlws.FILTER(AI$4:AI$6723,(AI$4:AI$6723>=0)*($AB$4:$AB$6723=$C43)*($AC$4:$AC$6723=$D43)*(ISNUMBER(_xlfn.XMATCH($AD$4:$AD$6723,$V43:$Z43,0)))),-1)} -> -1 | O43: {=IFERROR(_xlfn._xlws.FILTER(AJ$4:AJ$6723,(AJ$4:AJ$6723>=0)*($AB$4:$AB$6723=$C43)*($AC$4:$AC$6723=$D43)*(ISNUMBER(_xlfn.XMATCH($AD$4:$AD$6723,$V43:$Z43,0)))),-1)} -> -1 | P43: {=IFERROR(_xlfn._xlws.FILTER(AK$4:AK$6723,(AK$4:AK$6723>=0)*($AB$4:$AB$6723=$C43)*($AC$4:$AC$6723=$D43)*(ISNUMBER(_xlfn.XMATCH($AD$4:$AD$6723,$V43:$Z43,0)))),-1)} -> -1 | Q43: {=IFERROR(_xlfn._xlws.FILTER(AL$4:AL$6723,(AL$4:AL$6723>=0)*($AB$4:$AB$6723=$C43)*($AC$4:$AC$6723=$D43)*(ISNUMBER(_xlfn.XMATCH($AD$4:$AD$6723,$V43:$Z43,0)))),-1)} -> -1 | ... T43: {=IFERROR(_xlfn._xlws.FILTER(AO$4:AO$6723,(AO$4:AO$6723>=0)*($AB$4:$AB$6723=$C43)*($AC$4:$AC$6723=$D43)*(ISNUMBER(_xlfn.XMATCH($AD$4:$AD$6723,$V43:$Z43,0)))),-1)} -> -1 | V43: Wood | W43: Hog Fuel | AB43: AB | AC43: Agriculture | AD43: Refinery Fuel Gas | AE43: -1 | AF43: -1 | AG43: -1 | AH43: -1 | AI43: -1 | AJ43: -1 | AK43: -1 | AL43: -1 | AM43: -1 | AN43: -1 | AO43: -1
C44: AB | D44: Chemical Products | E44: Biodiesel | F44: 2005 | G44: CAD | H44: GJ | J44: {=IFERROR(_xlfn._xlws.FILTER(AE$4:AE$6723,(AE$4:AE$6723>=0)*($AB$4:$AB$6723=$C44)*($AC$4:$AC$6723=$D44)*(ISNUMBER(_xlfn.XMATCH($AD$4:$AD$6723,$V44:$Z44,0)))),-1)} -> -1 | K44: {=IFERROR(_xlfn._xlws.FILTER(AF$4:AF$6723,(AF$4:AF$6723>=0)*($AB$4:$AB$6723=$C44)*($AC$4:$AC$6723=$D44)*(ISNUMBER(_xlfn.XMATCH($AD$4:$AD$6723,$V44:$Z44,0)))),-1)} -> -1 | L44: {=IFERROR(_xlfn._xlws.FILTER(AG$4:AG$6723,(AG$4:AG$6723>=0)*($AB$4:$AB$6723=$C44)*($AC$4:$AC$6723=$D44)*(ISNUMBER(_xlfn.XMATCH($AD$4:$AD$6723,$V44:$Z44,0)))),-1)} -> -1 | M44: {=IFERROR(_xlfn._xlws.FILTER(AH$4:AH$6723,(AH$4:AH$6723>=0)*($AB$4:$AB$6723=$C44)*($AC$4:$AC$6723=$D44)*(ISNUMBER(_xlfn.XMATCH($AD$4:$AD$6723,$V44:$Z44,0)))),-1)} -> -1 | N44: {=IFERROR(_xlfn._xlws.FILTER(AI$4:AI$6723,(AI$4:AI$6723>=0)*($AB$4:$AB$6723=$C44)*($AC$4:$AC$6723=$D44)*(ISNUMBER(_xlfn.XMATCH($AD$4:$AD$6723,$V44:$Z44,0)))),-1)} -> -1 | O44: {=IFERROR(_xlfn._xlws.FILTER(AJ$4:AJ$6723,(AJ$4:AJ$6723>=0)*($AB$4:$AB$6723=$C44)*($AC$4:$AC$6723=$D44)*(ISNUMBER(_xlfn.XMATCH($AD$4:$AD$6723,$V44:$Z44,0)))),-1)} -> -1 | P44: {=IFERROR(_xlfn._xlws.FILTER(AK$4:AK$6723,(AK$4:AK$6723>=0)*($AB$4:$AB$6723=$C44)*($AC$4:$AC$6723=$D44)*(ISNUMBER(_xlfn.XMATCH($AD$4:$AD$6723,$V44:$Z44,0)))),-1)} -> -1 | Q44: {=IFERROR(_xlfn._xlws.FILTER(AL$4:AL$6723,(AL$4:AL$6723>=0)*($AB$4:$AB$6723=$C44)*($AC$4:$AC$6723=$D44)*(ISNUMBER(_xlfn.XMATCH($AD$4:$AD$6723,$V44:$Z44,0)))),-1)} -> -1 | ... T44: {=IFERROR(_xlfn._xlws.FILTER(AO$4:AO$6723,(AO$4:AO$6723>=0)*($AB$4:$AB$6723=$C44)*($AC$4:$AC$6723=$D44)*(ISNUMBER(_xlfn.XMATCH($AD$4:$AD$6723,$V44:$Z44,0)))),-1)} -> -1 | V44: Biodiesel | AB44: AB | AC44: Agriculture | AD44: Solar | AE44: -1 | AF44: -1 | AG44: -1 | AH44: -1 | AI44: -1 | AJ44: -1 | AK44: -1 | AL44: -1 | AM44: -1 | AN44: -1 | AO44: -1
C45: AB | D45: Chemical Products | E45: Electricity | F45: 2005 | G45: CAD | H45: GJ | J45: {=IFERROR(_xlfn._xlws.FILTER(AE$4:AE$6723,(AE$4:AE$6723>=0)*($AB$4:$AB$6723=$C45)*($AC$4:$AC$6723=$D45)*(ISNUMBER(_xlfn.XMATCH($AD$4:$AD$6723,$V45:$Z45,0)))),-1)} -> 10.662909 | K45: {=IFERROR(_xlfn._xlws.FILTER(AF$4:AF$6723,(AF$4:AF$6723>=0)*($AB$4:$AB$6723=$C45)*($AC$4:$AC$6723=$D45)*(ISNUMBER(_xlfn.XMATCH($AD$4:$AD$6723,$V45:$Z45,0)))),-1)} -> 16.581267 | L45: {=IFERROR(_xlfn._xlws.FILTER(AG$4:AG$6723,(AG$4:AG$6723>=0)*($AB$4:$AB$6723=$C45)*($AC$4:$AC$6723=$D45)*(ISNUMBER(_xlfn.XMATCH($AD$4:$AD$6723,$V45:$Z45,0)))),-1)} -> 18.528762 | M45: {=IFERROR(_xlfn._xlws.FILTER(AH$4:AH$6723,(AH$4:AH$6723>=0)*($AB$4:$AB$6723=$C45)*($AC$4:$AC$6723=$D45)*(ISNUMBER(_xlfn.XMATCH($AD$4:$AD$6723,$V45:$Z45,0)))),-1)} -> 26.432553 | N45: {=IFERROR(_xlfn._xlws.FILTER(AI$4:AI$6723,(AI$4:AI$6723>=0)*($AB$4:$AB$6723=$C45)*($AC$4:$AC$6723=$D45)*(ISNUMBER(_xlfn.XMATCH($AD$4:$AD$6723,$V45:$Z45,0)))),-1)} -> 26.34597 | O45: {=IFERROR(_xlfn._xlws.FILTER(AJ$4:AJ$6723,(AJ$4:AJ$6723>=0)*($AB$4:$AB$6723=$C45)*($AC$4:$AC$6723=$D45)*(ISNUMBER(_xlfn.XMATCH($AD$4:$AD$6723,$V45:$Z45,0)))),-1)} -> 30.16269 | P45: {=IFERROR(_xlfn._xlws.FILTER(AK$4:AK$6723,(AK$4:AK$6723>=0)*($AB$4:$AB$6723=$C45)*($AC$4:$AC$6723=$D45)*(ISNUMBER(_xlfn.XMATCH($AD$4:$AD$6723,$V45:$Z45,0)))),-1)} -> 35.681031 | Q45: {=IFERROR(_xlfn._xlws.FILTER(AL$4:AL$6723,(AL$4:AL$6723>=0)*($AB$4:$AB$6723=$C45)*($AC$4:$AC$6723=$D45)*(ISNUMBER(_xlfn.XMATCH($AD$4:$AD$6723,$V45:$Z45,0)))),-1)} -> 35.695167 | ... T45: {=IFERROR(_xlfn._xlws.FILTER(AO$4:AO$6723,(AO$4:AO$6723>=0)*($AB$4:$AB$6723=$C45)*($AC$4:$AC$6723=$D45)*(ISNUMBER(_xlfn.XMATCH($AD$4:$AD$6723,$V45:$Z45,0)))),-1)} -> 35.695167 | V45: Electricity | AB45: AB | AC45: Agriculture | AD45: Still Gas | AE45: -1 | AF45: -1 | AG45: -1 | AH45: -1 | AI45: -1 | AJ45: -1 | AK45: -1 | AL45: -1 | AM45: -1 | AN45: -1 | AO45: -1
C46: AB | D46: Chemical Products | E46: Ethanol | F46: 2005 | G46: CAD | H46: GJ | J46: {=IFERROR(_xlfn._xlws.FILTER(AE$4:AE$6723,(AE$4:AE$6723>=0)*($AB$4:$AB$6723=$C46)*($AC$4:$AC$6723=$D46)*(ISNUMBER(_xlfn.XMATCH($AD$4:$AD$6723,$V46:$Z46,0)))),-1)} -> -1 | K46: {=IFERROR(_xlfn._xlws.FILTER(AF$4:AF$6723,(AF$4:AF$6723>=0)*($AB$4:$AB$6723=$C46)*($AC$4:$AC$6723=$D46)*(ISNUMBER(_xlfn.XMATCH($AD$4:$AD$6723,$V46:$Z46,0)))),-1)} -> -1 | L46: {=IFERROR(_xlfn._xlws.FILTER(AG$4:AG$6723,(AG$4:AG$6723>=0)*($AB$4:$AB$6723=$C46)*($AC$4:$AC$6723=$D46)*(ISNUMBER(_xlfn.XMATCH($AD$4:$AD$6723,$V46:$Z46,0)))),-1)} -> -1 | M46: {=IFERROR(_xlfn._xlws.FILTER(AH$4:AH$6723,(AH$4:AH$6723>=0)*($AB$4:$AB$6723=$C46)*($AC$4:$AC$6723=$D46)*(ISNUMBER(_xlfn.XMATCH($AD$4:$AD$6723,$V46:$Z46,0)))),-1)} -> -1 | N46: {=IFERROR(_xlfn._xlws.FILTER(AI$4:AI$6723,(AI$4:AI$6723>=0)*($AB$4:$AB$6723=$C46)*($AC$4:$AC$6723=$D46)*(ISNUMBER(_xlfn.XMATCH($AD$4:$AD$6723,$V46:$Z46,0)))),-1)} -> -1 | O46: {=IFERROR(_xlfn._xlws.FILTER(AJ$4:AJ$6723,(AJ$4:AJ$6723>=0)*($AB$4:$AB$6723=$C46)*($AC$4:$AC$6723=$D46)*(ISNUMBER(_xlfn.XMATCH($AD$4:$AD$6723,$V46:$Z46,0)))),-1)} -> -1 | P46: {=IFERROR(_xlfn._xlws.FILTER(AK$4:AK$6723,(AK$4:AK$6723>=0)*($AB$4:$AB$6723=$C46)*($AC$4:$AC$6723=$D46)*(ISNUMBER(_xlfn.XMATCH($AD$4:$AD$6723,$V46:$Z46,0)))),-1)} -> -1 | Q46: {=IFERROR(_xlfn._xlws.FILTER(AL$4:AL$6723,(AL$4:AL$6723>=0)*($AB$4:$AB$6723=$C46)*($AC$4:$AC$6723=$D46)*(ISNUMBER(_xlfn.XMATCH($AD$4:$AD$6723,$V46:$Z46,0)))),-1)} -> -1 | ... T46: {=IFERROR(_xlfn._xlws.FILTER(AO$4:AO$6723,(AO$4:AO$6723>=0)*($AB$4:$AB$6723=$C46)*($AC$4:$AC$6723=$D46)*(ISNUMBER(_xlfn.XMATCH($AD$4:$AD$6723,$V46:$Z46,0)))),-1)} -> -1 | V46: Ethanol | AB46: AB | AC46: Agriculture | AD46: Uranium | AE46: -1 | AF46: -1 | AG46: -1 | AH46: -1 | AI46: -1 | AJ46: -1 | AK46: -1 | AL46: -1 | AM46: -1 | AN46: -1 | AO46: -1
C47: AB | D47: Chemical Products | E47: Aviation Turbo Fuel | F47: 2005 | G47: CAD | H47: GJ | J47: {=IFERROR(_xlfn._xlws.FILTER(AE$4:AE$6723,(AE$4:AE$6723>=0)*($AB$4:$AB$6723=$C47)*($AC$4:$AC$6723=$D47)*(ISNUMBER(_xlfn.XMATCH($AD$4:$AD$6723,$V47:$Z47,0)))),-1)} -> -1 | K47: {=IFERROR(_xlfn._xlws.FILTER(AF$4:AF$6723,(AF$4:AF$6723>=0)*($AB$4:$AB$6723=$C47)*($AC$4:$AC$6723=$D47)*(ISNUMBER(_xlfn.XMATCH($AD$4:$AD$6723,$V47:$Z47,0)))),-1)} -> -1 | L47: {=IFERROR(_xlfn._xlws.FILTER(AG$4:AG$6723,(AG$4:AG$6723>=0)*($AB$4:$AB$6723=$C47)*($AC$4:$AC$6723=$D47)*(ISNUMBER(_xlfn.XMATCH($AD$4:$AD$6723,$V47:$Z47,0)))),-1)} -> -1 | M47: {=IFERROR(_xlfn._xlws.FILTER(AH$4:AH$6723,(AH$4:AH$6723>=0)*($AB$4:$AB$6723=$C47)*($AC$4:$AC$6723=$D47)*(ISNUMBER(_xlfn.XMATCH($AD$4:$AD$6723,$V47:$Z47,0)))),-1)} -> -1 | N47: {=IFERROR(_xlfn._xlws.FILTER(AI$4:AI$6723,(AI$4:AI$6723>=0)*($AB$4:$AB$6723=$C47)*($AC$4:$AC$6723=$D47)*(ISNUMBER(_xlfn.XMATCH($AD$4:$AD$6723,$V47:$Z47,0)))),-1)} -> -1 | O47: {=IFERROR(_xlfn._xlws.FILTER(AJ$4:AJ$6723,(AJ$4:AJ$6723>=0)*($AB$4:$AB$6723=$C47)*($AC$4:$AC$6723=$D47)*(ISNUMBER(_xlfn.XMATCH($AD$4:$AD$6723,$V47:$Z47,0)))),-1)} -> -1 | P47: {=IFERROR(_xlfn._xlws.FILTER(AK$4:AK$6723,(AK$4:AK$6723>=0)*($AB$4:$AB$6723=$C47)*($AC$4:$AC$6723=$D47)*(ISNUMBER(_xlfn.XMATCH($AD$4:$AD$6723,$V47:$Z47,0)))),-1)} -> -1 | Q47: {=IFERROR(_xlfn._xlws.FILTER(AL$4:AL$6723,(AL$4:AL$6723>=0)*($AB$4:$AB$6723=$C47)*($AC$4:$AC$6723=$D47)*(ISNUMBER(_xlfn.XMATCH($AD$4:$AD$6723,$V47:$Z47,0)))),-1)} -> -1 | ... T47: {=IFERROR(_xlfn._xlws.FILTER(AO$4:AO$6723,(AO$4:AO$6723>=0)*($AB$4:$AB$6723=$C47)*($AC$4:$AC$6723=$D47)*(ISNUMBER(_xlfn.XMATCH($AD$4:$AD$6723,$V47:$Z47,0)))),-1)} -> -1 | V47: Aviation Turbo Fuel | AB47: AB | AC47: Agriculture | AD47: Walking | AE47: -1 | AF47: -1 | AG47: -1 | AH47: -1 | AI47: -1 | AJ47: -1 | AK47: -1 | AL47: -1 | AM47: -1 | AN47: -1 | AO47: -1
C48: AB | D48: Chemical Products | E48: Black Liquor | F48: 2005 | G48: CAD | H48: GJ | J48: {=IFERROR(_xlfn._xlws.FILTER(AE$4:AE$6723,(AE$4:AE$6723>=0)*($AB$4:$AB$6723=$C48)*($AC$4:$AC$6723=$D48)*(ISNUMBER(_xlfn.XMATCH($AD$4:$AD$6723,$V48:$Z48,0)))),-1)} -> -1 | K48: {=IFERROR(_xlfn._xlws.FILTER(AF$4:AF$6723,(AF$4:AF$6723>=0)*($AB$4:$AB$6723=$C48)*($AC$4:$AC$6723=$D48)*(ISNUMBER(_xlfn.XMATCH($AD$4:$AD$6723,$V48:$Z48,0)))),-1)} -> -1 | L48: {=IFERROR(_xlfn._xlws.FILTER(AG$4:AG$6723,(AG$4:AG$6723>=0)*($AB$4:$AB$6723=$C48)*($AC$4:$AC$6723=$D48)*(ISNUMBER(_xlfn.XMATCH($AD$4:$AD$6723,$V48:$Z48,0)))),-1)} -> -1 | M48: {=IFERROR(_xlfn._xlws.FILTER(AH$4:AH$6723,(AH$4:AH$6723>=0)*($AB$4:$AB$6723=$C48)*($AC$4:$AC$6723=$D48)*(ISNUMBER(_xlfn.XMATCH($AD$4:$AD$6723,$V48:$Z48,0)))),-1)} -> -1 | N48: {=IFERROR(_xlfn._xlws.FILTER(AI$4:AI$6723,(AI$4:AI$6723>=0)*($AB$4:$AB$6723=$C48)*($AC$4:$AC$6723=$D48)*(ISNUMBER(_xlfn.XMATCH($AD$4:$AD$6723,$V48:$Z48,0)))),-1)} -> -1 | O48: {=IFERROR(_xlfn._xlws.FILTER(AJ$4:AJ$6723,(AJ$4:AJ$6723>=0)*($AB$4:$AB$6723=$C48)*($AC$4:$AC$6723=$D48)*(ISNUMBER(_xlfn.XMATCH($AD$4:$AD$6723,$V48:$Z48,0)))),-1)} -> -1 | P48: {=IFERROR(_xlfn._xlws.FILTER(AK$4:AK$6723,(AK$4:AK$6723>=0)*($AB$4:$AB$6723=$C48)*($AC$4:$AC$6723=$D48)*(ISNUMBER(_xlfn.XMATCH($AD$4:$AD$6723,$V48:$Z48,0)))),-1)} -> -1 | Q48: {=IFERROR(_xlfn._xlws.FILTER(AL$4:AL$6723,(AL$4:AL$6723>=0)*($AB$4:$AB$6723=$C48)*($AC$4:$AC$6723=$D48)*(ISNUMBER(_xlfn.XMATCH($AD$4:$AD$6723,$V48:$Z48,0)))),-1)} -> -1 | ... T48: {=IFERROR(_xlfn._xlws.FILTER(AO$4:AO$6723,(AO$4:AO$6723>=0)*($AB$4:$AB$6723=$C48)*($AC$4:$AC$6723=$D48)*(ISNUMBER(_xlfn.XMATCH($AD$4:$AD$6723,$V48:$Z48,0)))),-1)} -> -1 | V48: Black Liquor | AB48: AB | AC48: Agriculture | AD48: Waste Fuel | AE48: -1 | AF48: -1 | AG48: -1 | AH48: -1 | AI48: -1 | AJ48: -1 | AK48: -1 | AL48: -1 | AM48: -1 | AN48: -1 | AO48: -1
C49: AB | D49: Chemical Products | E49: Coal | F49: 2005 | G49: CAD | H49: GJ | J49: {=IFERROR(_xlfn._xlws.FILTER(AE$4:AE$6723,(AE$4:AE$6723>=0)*($AB$4:$AB$6723=$C49)*($AC$4:$AC$6723=$D49)*(ISNUMBER(_xlfn.XMATCH($AD$4:$AD$6723,$V49:$Z49,0)))),-1)} -> 2.7114431 | K49: {=IFERROR(_xlfn._xlws.FILTER(AF$4:AF$6723,(AF$4:AF$6723>=0)*($AB$4:$AB$6723=$C49)*($AC$4:$AC$6723=$D49)*(ISNUMBER(_xlfn.XMATCH($AD$4:$AD$6723,$V49:$Z49,0)))),-1)} -> 2.8733729 | L49: {=IFERROR(_xlfn._xlws.FILTER(AG$4:AG$6723,(AG$4:AG$6723>=0)*($AB$4:$AB$6723=$C49)*($AC$4:$AC$6723=$D49)*(ISNUMBER(_xlfn.XMATCH($AD$4:$AD$6723,$V49:$Z49,0)))),-1)} -> 3.3591623 | M49: {=IFERROR(_xlfn._xlws.FILTER(AH$4:AH$6723,(AH$4:AH$6723>=0)*($AB$4:$AB$6723=$C49)*($AC$4:$AC$6723=$D49)*(ISNUMBER(_xlfn.XMATCH($AD$4:$AD$6723,$V49:$Z49,0)))),-1)} -> 3.3591623 | N49: {=IFERROR(_xlfn._xlws.FILTER(AI$4:AI$6723,(AI$4:AI$6723>=0)*($AB$4:$AB$6723=$C49)*($AC$4:$AC$6723=$D49)*(ISNUMBER(_xlfn.XMATCH($AD$4:$AD$6723,$V49:$Z49,0)))),-1)} -> 3.3591623 | O49: {=IFERROR(_xlfn._xlws.FILTER(AJ$4:AJ$6723,(AJ$4:AJ$6723>=0)*($AB$4:$AB$6723=$C49)*($AC$4:$AC$6723=$D49)*(ISNUMBER(_xlfn.XMATCH($AD$4:$AD$6723,$V49:$Z49,0)))),-1)} -> 3.3591623 | P49: {=IFERROR(_xlfn._xlws.FILTER(AK$4:AK$6723,(AK$4:AK$6723>=0)*($AB$4:$AB$6723=$C49)*($AC$4:$AC$6723=$D49)*(ISNUMBER(_xlfn.XMATCH($AD$4:$AD$6723,$V49:$Z49,0)))),-1)} -> 3.3591623 | Q49: {=IFERROR(_xlfn._xlws.FILTER(AL$4:AL$6723,(AL$4:AL$6723>=0)*($AB$4:$AB$6723=$C49)*($AC$4:$AC$6723=$D49)*(ISNUMBER(_xlfn.XMATCH($AD$4:$AD$6723,$V49:$Z49,0)))),-1)} -> 3.3591623 | ... T49: {=IFERROR(_xlfn._xlws.FILTER(AO$4:AO$6723,(AO$4:AO$6723>=0)*($AB$4:$AB$6723=$C49)*($AC$4:$AC$6723=$D49)*(ISNUMBER(_xlfn.XMATCH($AD$4:$AD$6723,$V49:$Z49,0)))),-1)} -> 3.3591623 | V49: Coal Bituminous Appalachian | W49: Coal Bituminous Eastern | X49: Coal Lignite Western | Y49: Coal Sub Bituminous Western | Z49: Metallurgical Coal | AB49: AB | AC49: Agriculture | AD49: Water | AE49: -1 | AF49: -1 | AG49: -1 | AH49: -1 | AI49: -1 | AJ49: -1 | AK49: -1 | AL49: -1 | AM49: -1 | AN49: -1 | AO49: -1
