Workbook
Name long_month: 31
Name short_month: 30

Sheet Source
A1: Forecasted values are no longer available in this publication.
A2: For the latest projections of crude oil and natural gas production in Canada please visit the Canada’s Energy Future main page.
A4: Data Sources / Sources de données
A6: BC | B6: https://www2.gov.bc.ca/gov/content/industry/natural-gas-oil/statistics
A7: AB | B7: https://www.aer.ca/providing-information/data-and-reports/statistical-reports/st3
A8: SK | B8: https://dashboard.saskatchewan.ca/business-economy/business-industry-trade/oil-production#by-type-tab
A9: MB | B9: https://www.manitoba.ca/iem/petroleum/reports/index.html
A10: NWT | B10: https://www.statsnwt.ca/economy/oil-gas/
A11: ON | B11: https://www150.statcan.gc.ca/t1/tbl1/en/tv.action?pid=2510006301
A12: NS | B12: https://www.cnsopb.ns.ca/offshore-activity//legacy-production-projects/cohasset-panuke
A13: NB | B13: https://www2.gnb.ca/content/dam/gnb/Departments/en/pdf/Minerals-Minerales/Monthly_Statistics.pdf
A14: NL | B14: https://www.cnlopb.ca/information/statistics/
A16: Calculations
A18: BC | B18: Light Crude Oil: B.C. Oil Production Report file
B19: Condensate: Pentanes Plus from B.C. By-Products Production file + Wellhead Condensate from B.C. Oil Production Report file
A20: AB | B20: Light Crude Oil: Crude Oil Light + Crude Oil Medium from Oil Supply and Disposition file
B21: Heavy Crude Oil: Crude Oil Heavy + Crude Oil Ultra-Heavy from Oil Supply and Disposition file
B22: AB Upgraded Bitumen: Upgraded Production from Oil Supply and Disposition file
B23: AB Non-Upgraded Bitumen: Nonupgraded Total from Oil Supply and Disposition file
B24: Condensate: Condensate Production + Pentanes Plus - Plant/Gathering Process + Pentanes Plus - Fractionation Yield from Oil Supply and Disposition file
A25: SK | B25: Light Crude Oil: Light from Saskatchewan Oil Production by Type table
B26: Heavy Crude Oil: Medium + Heavy from Saskatchewan Oil Production by Type table
A27: MB | B27: Light Crude Oil: Oil Fluid Type from MS Excel file
A28: NWT | B28: Light Crude Oil: Total Oil Production from Crude Oil table
A29: ON | B29: Light Crude Oil: Ontario Crude Oil Production from Statistics Canada. Table 25-10-0063-01 Supply and disposition of crude oil and equivalent
A30: NS | B30: Currently no production from province
A31: NB | B31: Light Crude Oil: Crude Oil from table
A32: NL | B32: Light Crude Oil: Monthly Production Summary from the Hibernia, North Amethyst, Terra Nova and, White Rose fields in Resource Management tab
B33: Heavy Crude Oil: Monthly Production Summary from the Hebron field in Resource Management tab
A35: Les valeurs prévues ne sont plus disponibles dans cette publication.
A36: Pour connaître les dernières projections relatives à la production de pétrole brut et de gaz naturel au Canada, consultez la page principale d’Avenir énergétique du Canada.
A38: Calculs
A40: BC | B40: Pétrole brut léger : Fichier du rapport sur la production en Colombie-Britannique
B41: Condensats : Pentanes plus tirés du dossier sur la production de sous-produits en Colombie‑Britannique + condensats à la tête de puits tirés du dossier du rapport sur la production de pétrole en Colombie-Britannique
A42: AB | B42: Pétrole brut léger : pétrole brut léger + pétrole brut moyen tirés du fichier sur l’approvisionnement et l’utilisation du pétrole
B43: Pétrole brut lourd : Pétrole brut lourd + pétrole brut ultra lourd tirés du fichier sur l’approvisionnement et l’utilisation du pétrole
B44: Bitume valorisé en Alberta : Production valorisée tirée du fichier sur l’approvisionnement et l’utilisation du pétrole
B45: Bitume non valorisé en Alberta : Total non valorisé tiré du fichier sur l’approvisionnement et l’utilisation du pétrole
B46: Condensats : Production de condensats + Pentanes plus - Procédé d’usine/de collecte + Pentanes plus - Rendement du fractionnement tirés du fichier sur l’approvisionnement et l’utilisation du pétrole
A47: SK | B47: Pétrole brut léger : Tableau de la production de pétrole léger en Saskatchewan selon le type
B48: Pétrole brut lourd : Tableau de la production de pétrole moyen + lourd en Saskatchewan selon le type
A49: MB | B49: Pétrole brut léger : Type de fluide de pétrole tiré du fichier MS Excel
A50: NWT | B50: Pétrole brut léger : Production totale de pétrole tirée du tableau du pétrole brut
A51: ON | B51: Pétrole brut léger : Production de pétrole brut en Ontario selon Statistique Canada Tableau 25-10-0063-01 – Approvisionnement et utilisation du pétrole brut et équivalent
A52: NS | B52: À l’heure actuelle, aucune production dans la province
A53: NB | B53: Pétrole brut léger : Pétrole brut tiré du tableau
A54: NL | B54: Pétrole brut léger : Sommaire mensuel de la production des champs Hibernia, North Amethyst, Terra Nova et White Rose sous l’onglet Gestion des ressources
B55: Pétrole brut lourd : Sommaire mensuel de la production du champ Hebron sous l’onglet Gestion des ressources

Sheet 24TABLE - cubic meters per day
A2: 45730 | H2: 2024 ESTIMATED PRODUCTION OF CANADIAN CRUDE OIL AND EQUIVALENT (m3/d)
H3: PRODUCTION ESTIMATIVE DE PÉTROLE BRUT ET D'ÉQUIVALENTS AU CANADA EN 2024 (M³/J)
N4: 2024
B5: Jan/janv. | C5: Feb/fév. | D5: Mar/mars | E5: Apr/avr. | F5: May/mai | G5: June/juin | H5: July/juil. | I5: Aug/août | J5: Sep/sept. | K5: Oct/oct. | L5: Nov/nov. | M5: Dec/déc. | N5: Avg/moyenne
A6: CONV. LIGHT CRUDE OIL/
A7: PÉTROLE BRUT LÉGER CLASS.
A8: AB | B8: 57177.612 | C8: 60127.575 | D8: 61958.221 | E8: 62286.785 | F8: 60682.107 | G8: 58429.705 | H8: 58316.344 | I8: 59574.305 | J8: 58857.528 | K8: 61811.837 | L8: 64273.273 | M8: 64646.05 | N8: 60678.358
A9: BC | B9: 1506 | C9: 1592.1034 | D9: 1491.6452 | E9: 1868.3 | F9: 1571.1935 | G9: 1626.8 | H9: 1470 | I9: 1989.2581 | J9: 2052.0667 | K9: 1905.5484 | L9: 1950.5333 | M9: 1876.5806 | N9: 1741.0355
A10: SK | B10: 23359.977 | C10: 24458.245 | D10: 24994.319 | E10: 24979.143 | F10: 23943.271 | G10: 23043.383 | H10: 22819.258 | I10: 23667.826 | J10: 23938.233 | K10: 24448.426 | L10: 24528.633 | M10: 24198.484 | N10: 24028.277
A11: MB | B11: 5943.1355 | C11: 6061.4655 | D11: 6235.3871 | E11: 6104.1567 | F11: 5856.3645 | G11: 5799.4733 | H11: 5867.0742 | I11: 5861.7097 | J11: 5776.43 | K11: 5680.4806 | L11: 5530.85 | N11: 5883.2194
A12: NWT/NT | B12: 608.79677 | C12: 575.08621 | D12: 645.47419 | E12: 634.75333 | F12: 655.27419 | G12: 624.92333 | H12: 556.35161 | I12: 621.99677 | J12: 621.32 | K12: 602.93548 | L12: 596.03667 | M12: 586.17419 | N12: 610.8623
A13: NF/NL | B13: 10959.484 | C13: 15775.966 | D13: 12430.645 | E13: 18389.233 | F13: 15175.968 | G13: 12979.1 | H13: 16268.903 | I13: 17754.129 | J13: 14776.633 | K13: 12177.387 | L13: 13877 | M13: 19247.419 | N13: 14979.765
A14: NB | B14: 4.4741935 | C14: 4.0103448 | D14: 3.5387097 | E14: 4.5933333 | F14: 3.2322581 | G14: 2.1833333 | H14: 3.2354839 | I14: 2.1451613 | N14: 3.4221311
A15: ON | B15: 76.290323 | C15: 80.37931 | D15: 82.774194 | E15: 81.9 | F15: 80.483871 | G15: 79.333333 | H15: 78.580645 | I15: 79.419355 | J15: 78.666667 | K15: 80.290323 | N15: 79.806557
A16: SUB TOTAL/SOUS-TOTAL | B16: =SUM(B8:B15) | C16: =SUM(C8:C15) | D16: =SUM(D8:D15) | E16: =SUM(E8:E15) | F16: =SUM(F8:F15) | G16: =SUM(G8:G15) | H16: =SUM(H8:H15) | I16: =SUM(I8:I15) | ... M16: =SUM(M8:M15) | N16: 106859.63
A17: AB UPGRADED BITUMEN/ BITUME VALORISÉ-AB1
A18: SUB TOTAL/SOUS-TOTAL | B18: 202817.1 | C18: 205905.09 | D18: 205836.87 | E18: 195371.45 | F18: 162612.32 | G18: 188903.42 | H18: 210898.03 | I18: 218775.35 | J18: 191671.4 | K18: 198899.56 | L18: 217903.52 | M18: 225978.81 | N18: 202150.55
A19: C5+ / CONDENSATE/C5+/CONDENSATS
A20: AB | B20: 59736.096 | C20: 60404.315 | D20: 60234.456 | E20: 61274.908 | F20: 57953.003 | G20: 60541.387 | H20: 60809.608 | I20: 65093.038 | J20: 60077.398 | K20: 66868.183 | L20: 68928.4 | M20: 67432.699 | N20: 62454.447
A21: BC | B21: 19509.535 | C21: 19556.71 | D21: 19843.152 | E21: 20041.203 | F21: 19337.142 | G21: 19943.903 | H21: 18854.603 | I21: 20545.074 | J21: 20639.817 | K21: 20045.671 | L21: 21518.55 | M21: 23949.623 | N21: 20317.152
A22: SK
A23: SUB TOTAL/SOUS-TOTAL | B23: =SUM(B20:B22) | C23: =SUM(C20:C22) | D23: =SUM(D20:D22) | E23: =SUM(E20:E22) | F23: =SUM(F20:F22) | G23: =SUM(G20:G22) | H23: =SUM(H20:H22) | I23: =SUM(I20:I22) | ... M23: =SUM(M20:M22) | N23: 82771.599
A24: TOTAL LIGHT/LÉGER | B24: =SUM(B23,B16,B18) | C24: =SUM(C23,C16,C18) | D24: =SUM(D23,D16,D18) | E24: =SUM(E23,E16,E18) | F24: =SUM(F23,F16,F18) | G24: =SUM(G23,G16,G18) | H24: =SUM(H23,H16,H18) | I24: =SUM(I23,I16,I18) | ... M24: =SUM(M23,M16,M18) | N24: 392414.15
A25: HEAVY CRUDE OIL/ PÉTROLE BRUT LOURD
A26: AB CONV./CLASS.-AB | B26: 23488.826 | C26: 24839.416 | D26: 25007.158 | E26: 24215.353 | F26: 24897.238 | G26: 25589.113 | H26: 25049.774 | I26: 25275.086 | J26: 24818.776 | K26: 24797.644 | L26: 24294.529 | M26: 24035.793 | N26: 24691.184
A27: AB NON-UPGRADED BITUMEN / BITUME NON VALORISÉ-AB2 | B27: 310846.26 | C27: 325799.14 | D27: 337501.03 | E27: 330465.97 | F27: 325103.68 | G27: 332487.87 | H27: 329266.65 | I27: 324172.74 | J27: 316994.9 | K27: 357247.26 | L27: 344809.57 | M27: 347134.35 | N27: 331858.89
A28: AB SUB TOTAL/SOUS-TOTAL -AB | B28: =SUM(B26:B27) | C28: =SUM(C26:C27) | D28: =SUM(D26:D27) | E28: =SUM(E26:E27) | F28: =SUM(F26:F27) | G28: =SUM(G26:G27) | H28: =SUM(H26:H27) | I28: =SUM(I26:I27) | ... M28: =SUM(M26:M27) | N28: 356550.08
A29: SK CONV./CLASS.-SK | B29: 47401.194 | C29: 48200.848 | D29: 48117.781 | E29: 48371.07 | F29: 48227.816 | G29: 47015.133 | H29: 46681.668 | I29: 47274.723 | J29: 45197.773 | K29: 46982.313 | L29: 46869.483 | M29: 47057.352 | N29: 47282.668
A30: NL CONV | B30: 19261.903 | C30: 17954.448 | D30: 17831.839 | E30: 16570.733 | F30: 17052.581 | G30: 17007.933 | H30: 17877.548 | I30: 18517.71 | J30: 19963.267 | K30: 19072.258 | L30: 18423.067 | M30: 19200.194 | N30: 18231.869
A31: TOTAL HEAVY/LOURD3 | B31: =SUM(B28:B30) | C31: =SUM(C28:C30) | D31: =SUM(D28:D30) | E31: =SUM(E28:E30) | F31: =SUM(F28:F30) | G31: =SUM(G28:G30) | H31: =SUM(H28:H30) | I31: =SUM(I28:I30) | ... M31: =SUM(M28:M30) | N31: 422064.61
A32: TOTAL PRODUCTION | B32: =SUM(B31,B24) | C32: =SUM(C31,C24) | D32: =SUM(D31,D24) | E32: =SUM(E31,E24) | F32: =SUM(F31,F24) | G32: =SUM(G31,G24) | H32: =SUM(H31,H24) | I32: =SUM(I31,I24) | ... M32: =SUM(M31,M24) | N32: 814478.76
H35: ESTIMATED PRODUCTION BY REGION
A36: WESTERN CANADA/OUEST CANADIEN
A37: CONV. LIGHT/LÉGER CLASS. | B37: 88595.522 | C37: 92814.475 | D37: 95325.047 | E37: 95873.139 | F37: 92708.21 | G37: 89524.285 | H37: 89029.028 | I37: 91715.096 | J37: 91245.578 | K37: 94449.227 | L37: 96879.326 | M37: 91307.289 | N37: 92443.447
A38: AB UPGRADED BITUMEN/ BITUME VALORISÉ-AB 1 | B38: 202817.1 | C38: 205905.09 | D38: 205836.87 | E38: 195371.45 | F38: 162612.32 | G38: 188903.42 | H38: 210898.03 | I38: 218775.35 | J38: 191671.4 | K38: 198899.56 | L38: 217903.52 | M38: 225978.81 | N38: 202150.55
A39: PENTANES PLUS | B39: 79245.631 | C39: 79961.025 | D39: 80077.607 | E39: 81316.112 | F39: 77290.145 | G39: 80485.291 | H39: 79664.211 | I39: 85638.113 | J39: 80717.215 | K39: 86913.854 | L39: 90446.95 | M39: 91382.321 | N39: 82771.599
A40: TOTAL LIGHT/LÉGER | B40: =SUM(B37:B39) | C40: =SUM(C37:C39) | D40: =SUM(D37:D39) | E40: =SUM(E37:E39) | F40: =SUM(F37:F39) | G40: =SUM(G37:G39) | H40: =SUM(H37:H39) | I40: =SUM(I37:I39) | ... M40: =SUM(M37:M39) | N40: 377365.59
A41: CONV. HEAVY/LOURD CLASS. | B41: 70890.019 | C41: 73040.265 | D41: 73124.939 | E41: 72586.423 | F41: 73125.054 | G41: 72604.246 | H41: 71731.442 | I41: 72549.809 | J41: 70016.549 | K41: 71779.957 | L41: 71164.012 | M41: 71093.144 | N41: 71973.852
A42: AB NON-UPGRADED BITUMEN / BITUME NON VALORISÉ-AB2 | B42: =B27 | C42: =C27 | D42: =D27 | E42: =E27 | F42: =F27 | G42: =G27 | H42: =H27 | I42: =I27 | ... M42: =M27 | N42: 331858.89
A43: TOTAL HEAVY/LOURD | B43: =SUM(B41:B42) | C43: =SUM(C41:C42) | D43: =SUM(D41:D42) | E43: =SUM(E41:E42) | F43: =SUM(F41:F42) | G43: =SUM(G41:G42) | H43: =SUM(H41:H42) | I43: =SUM(I41:I42) | ... M43: =SUM(M41:M42) | N43: 403832.75
A44: TOTAL WESTERN CANADA/ OUEST CANADIEN | B44: =SUM(B40,B43) | C44: =SUM(C40,C43) | D44: =SUM(D40,D43) | E44: =SUM(E40,E43) | F44: =SUM(F40,F43) | G44: =SUM(G40,G43) | H44: =SUM(H40,H43) | I44: =SUM(I40,I43) | ... M44: =SUM(M40,M43) | N44: 781198.34
A45: TOTAL EASTERN CANADA/ EST CANADIEN | B45: =SUM(B13:B15,B30) | C45: =SUM(C13:C15,C30) | D45: =SUM(D13:D15,D30) | E45: =SUM(E13:E15,E30) | F45: =SUM(F13:F15,F30) | G45: =SUM(G13:G15,G30) | H45: =SUM(H13:H15,H30) | I45: =SUM(I13:I15,I30) | ... M45: =SUM(M13:M15,M30) | N45: 33280.421
A46: TOTAL CANADA | B46: =SUM(B45,B44) | C46: =SUM(C45,C44) | D46: =SUM(D45,D44) | E46: =SUM(E45,E44) | F46: =SUM(F45,F44) | G46: =SUM(G45,G44) | H46: =SUM(H45,H44) | I46: =SUM(I45,I44) | ... M46: =SUM(M45,M44) | N46: 814478.76
A48: NOTES:
A49: Figures in black print are actual production data from reporting agencies.
A50: Forecasted values are no longer available in this publication. For the latest projections of crude oil and natural gas production in Canada please visit the CERs Energy Futures page.
A51: 1 As per AER -ST3, includes in situ bitumen that is upgraded to SCO
A52: 2 As per AER -ST3, excludes in situ produced bitumen that is upgraded to SCO
A54: Les chiffres en noir représentent les données de production réelles obtenues auprès d'organismes présentant des rapports.
A55: Les valeurs prévues ne sont plus disponibles dans cette publication. Pour connaître les dernières projections relatives à la production de pétrole brut et de gaz naturel au Canada, consultez la page principale d’Avenir énergétique du Canada
A56: 1 Comprend la production de pétrole brut synthétique et de distillats.
A57: 2 Bitume in situ, sauf les quantités transformées en pétrole brut synthétique par valorisation.

Sheet 24TABLE - barrels per day
A2: ='24TABLE - cubic meters per day'!A2 | H2: 2024 ESTIMATED PRODUCTION OF CANADIAN CRUDE OIL AND EQUIVALENT (b/d)
H3: PRODUCTION ESTIMATIVE DE PÉTROLE BRUT ET D'ÉQUIVALENTS AU CANADA EN 2024 (b/j)
N4: ='24TABLE - cubic meters per day'!N4
B5: Jan/janv. | C5: Feb/fév. | D5: Mar/mars | E5: Apr/avr. | F5: May/mai | G5: June/juin | H5: July/juil. | I5: Aug/août | J5: Sep/sept. | K5: Oct/oct. | L5: Nov/nov. | M5: Dec/déc. | N5: Avg/moyenne
A6: CONV. LIGHT CRUDE OIL/
A7: PÉTROLE BRUT LÉGER CLASS.
A8: AB | B8: ='24TABLE - cubic meters per day'!B8*6.2898 | C8: ='24TABLE - cubic meters per day'!C8*6.2898 | D8: ='24TABLE - cubic meters per day'!D8*6.2898 | E8: ='24TABLE - cubic meters per day'!E8*6.2898 | F8: ='24TABLE - cubic meters per day'!F8*6.2898 | G8: ='24TABLE - cubic meters per day'!G8*6.2898 | H8: ='24TABLE - cubic meters per day'!H8*6.2898 | I8: ='24TABLE - cubic meters per day'!I8*6.2898 | ... N8: ='24TABLE - cubic meters per day'!N8*6.2898
A9: BC | B9: ='24TABLE - cubic meters per day'!B9*6.2898 | C9: ='24TABLE - cubic meters per day'!C9*6.2898 | D9: ='24TABLE - cubic meters per day'!D9*6.2898 | E9: ='24TABLE - cubic meters per day'!E9*6.2898 | F9: ='24TABLE - cubic meters per day'!F9*6.2898 | G9: ='24TABLE - cubic meters per day'!G9*6.2898 | H9: ='24TABLE - cubic meters per day'!H9*6.2898 | I9: ='24TABLE - cubic meters per day'!I9*6.2898 | ... N9: ='24TABLE - cubic meters per day'!N9*6.2898
A10: SK | B10: ='24TABLE - cubic meters per day'!B10*6.2898 | C10: ='24TABLE - cubic meters per day'!C10*6.2898 | D10: ='24TABLE - cubic meters per day'!D10*6.2898 | E10: ='24TABLE - cubic meters per day'!E10*6.2898 | F10: ='24TABLE - cubic meters per day'!F10*6.2898 | G10: ='24TABLE - cubic meters per day'!G10*6.2898 | H10: ='24TABLE - cubic meters per day'!H10*6.2898 | I10: ='24TABLE - cubic meters per day'!I10*6.2898 | ... N10: ='24TABLE - cubic meters per day'!N10*6.2898
A11: MB | B11: ='24TABLE - cubic meters per day'!B11*6.2898 | C11: ='24TABLE - cubic meters per day'!C11*6.2898 | D11: ='24TABLE - cubic meters per day'!D11*6.2898 | E11: ='24TABLE - cubic meters per day'!E11*6.2898 | F11: ='24TABLE - cubic meters per day'!F11*6.2898 | G11: ='24TABLE - cubic meters per day'!G11*6.2898 | H11: ='24TABLE - cubic meters per day'!H11*6.2898 | I11: ='24TABLE - cubic meters per day'!I11*6.2898 | ... N11: ='24TABLE - cubic meters per day'!N11*6.2898
A12: NWT/NT | B12: ='24TABLE - cubic meters per day'!B12*6.2898 | C12: ='24TABLE - cubic meters per day'!C12*6.2898 | D12: ='24TABLE - cubic meters per day'!D12*6.2898 | E12: ='24TABLE - cubic meters per day'!E12*6.2898 | F12: ='24TABLE - cubic meters per day'!F12*6.2898 | G12: ='24TABLE - cubic meters per day'!G12*6.2898 | H12: ='24TABLE - cubic meters per day'!H12*6.2898 | I12: ='24TABLE - cubic meters per day'!I12*6.2898 | ... N12: ='24TABLE - cubic meters per day'!N12*6.2898
A13: NF/NL | B13: ='24TABLE - cubic meters per day'!B13*6.2898 | C13: ='24TABLE - cubic meters per day'!C13*6.2898 | D13: ='24TABLE - cubic meters per day'!D13*6.2898 | E13: ='24TABLE - cubic meters per day'!E13*6.2898 | F13: ='24TABLE - cubic meters per day'!F13*6.2898 | G13: ='24TABLE - cubic meters per day'!G13*6.2898 | H13: ='24TABLE - cubic meters per day'!H13*6.2898 | I13: ='24TABLE - cubic meters per day'!I13*6.2898 | ... N13: ='24TABLE - cubic meters per day'!N13*6.2898
A14: NB | B14: ='24TABLE - cubic meters per day'!B14*6.2898 | C14: ='24TABLE - cubic meters per day'!C14*6.2898 | D14: ='24TABLE - cubic meters per day'!D14*6.2898 | E14: ='24TABLE - cubic meters per day'!E14*6.2898 | F14: ='24TABLE - cubic meters per day'!F14*6.2898 | G14: ='24TABLE - cubic meters per day'!G14*6.2898 | H14: ='24TABLE - cubic meters per day'!H14*6.2898 | I14: ='24TABLE - cubic meters per day'!I14*6.2898 | ... M14: ='24TABLE - cubic meters per day'!M14*6.2898
A15: ON | B15: ='24TABLE - cubic meters per day'!B15*6.2898 | C15: ='24TABLE - cubic meters per day'!C15*6.2898 | D15: ='24TABLE - cubic meters per day'!D15*6.2898 | E15: ='24TABLE - cubic meters per day'!E15*6.2898 | F15: ='24TABLE - cubic meters per day'!F15*6.2898 | G15: ='24TABLE - cubic meters per day'!G15*6.2898 | H15: ='24TABLE - cubic meters per day'!H15*6.2898 | I15: ='24TABLE - cubic meters per day'!I15*6.2898 | ... M15: ='24TABLE - cubic meters per day'!M15*6.2898
A16: SUB TOTAL/SOUS-TOTAL | B16: ='24TABLE - cubic meters per day'!B16*6.2898 | C16: ='24TABLE - cubic meters per day'!C16*6.2898 | D16: ='24TABLE - cubic meters per day'!D16*6.2898 | E16: ='24TABLE - cubic meters per day'!E16*6.2898 | F16: ='24TABLE - cubic meters per day'!F16*6.2898 | G16: ='24TABLE - cubic meters per day'!G16*6.2898 | H16: ='24TABLE - cubic meters per day'!H16*6.2898 | I16: ='24TABLE - cubic meters per day'!I16*6.2898 | ... N16: ='24TABLE - cubic meters per day'!N16*6.2898
A17: AB UPGRADED BITUMEN/ BITUME VALORISÉ-AB1
A18: SUB TOTAL/SOUS-TOTAL | B18: ='24TABLE - cubic meters per day'!B18*6.2898 | C18: ='24TABLE - cubic meters per day'!C18*6.2898 | D18: ='24TABLE - cubic meters per day'!D18*6.2898 | E18: ='24TABLE - cubic meters per day'!E18*6.2898 | F18: ='24TABLE - cubic meters per day'!F18*6.2898 | G18: ='24TABLE - cubic meters per day'!G18*6.2898 | H18: ='24TABLE - cubic meters per day'!H18*6.2898 | I18: ='24TABLE - cubic meters per day'!I18*6.2898 | ... N18: ='24TABLE - cubic meters per day'!N18*6.2898
A19: C5+ / CONDENSATE/C5+/CONDENSATS
A20: AB | B20: ='24TABLE - cubic meters per day'!B20*6.2898 | C20: ='24TABLE - cubic meters per day'!C20*6.2898 | D20: ='24TABLE - cubic meters per day'!D20*6.2898 | E20: ='24TABLE - cubic meters per day'!E20*6.2898 | F20: ='24TABLE - cubic meters per day'!F20*6.2898 | G20: ='24TABLE - cubic meters per day'!G20*6.2898 | H20: ='24TABLE - cubic meters per day'!H20*6.2898 | I20: ='24TABLE - cubic meters per day'!I20*6.2898 | ... N20: ='24TABLE - cubic meters per day'!N20*6.2898
A21: BC | B21: ='24TABLE - cubic meters per day'!B21*6.2898 | C21: ='24TABLE - cubic meters per day'!C21*6.2898 | D21: ='24TABLE - cubic meters per day'!D21*6.2898 | E21: ='24TABLE - cubic meters per day'!E21*6.2898 | F21: ='24TABLE - cubic meters per day'!F21*6.2898 | G21: ='24TABLE - cubic meters per day'!G21*6.2898 | H21: ='24TABLE - cubic meters per day'!H21*6.2898 | I21: ='24TABLE - cubic meters per day'!I21*6.2898 | ... N21: ='24TABLE - cubic meters per day'!N21*6.2898
A22: SK2
A23: SUB TOTAL/SOUS-TOTAL | B23: ='24TABLE - cubic meters per day'!B23*6.2898 | C23: ='24TABLE - cubic meters per day'!C23*6.2898 | D23: ='24TABLE - cubic meters per day'!D23*6.2898 | E23: ='24TABLE - cubic meters per day'!E23*6.2898 | F23: ='24TABLE - cubic meters per day'!F23*6.2898 | G23: ='24TABLE - cubic meters per day'!G23*6.2898 | H23: ='24TABLE - cubic meters per day'!H23*6.2898 | I23: ='24TABLE - cubic meters per day'!I23*6.2898 | ... N23: ='24TABLE - cubic meters per day'!N23*6.2898
A24: TOTAL LIGHT/LÉGER | B24: ='24TABLE - cubic meters per day'!B24*6.2898 | C24: ='24TABLE - cubic meters per day'!C24*6.2898 | D24: ='24TABLE - cubic meters per day'!D24*6.2898 | E24: ='24TABLE - cubic meters per day'!E24*6.2898 | F24: ='24TABLE - cubic meters per day'!F24*6.2898 | G24: ='24TABLE - cubic meters per day'!G24*6.2898 | H24: ='24TABLE - cubic meters per day'!H24*6.2898 | I24: ='24TABLE - cubic meters per day'!I24*6.2898 | ... N24: ='24TABLE - cubic meters per day'!N24*6.2898
A25: HEAVY CRUDE OIL/ PÉTROLE BRUT LOURD
A26: AB CONV./CLASS.-AB | B26: ='24TABLE - cubic meters per day'!B26*6.2898 | C26: ='24TABLE - cubic meters per day'!C26*6.2898 | D26: ='24TABLE - cubic meters per day'!D26*6.2898 | E26: ='24TABLE - cubic meters per day'!E26*6.2898 | F26: ='24TABLE - cubic meters per day'!F26*6.2898 | G26: ='24TABLE - cubic meters per day'!G26*6.2898 | H26: ='24TABLE - cubic meters per day'!H26*6.2898 | I26: ='24TABLE - cubic meters per day'!I26*6.2898 | ... N26: ='24TABLE - cubic meters per day'!N26*6.2898
A27: AB NON-UPGRADED BITUMEN / BITUME NON VALORISÉ-AB2 | B27: ='24TABLE - cubic meters per day'!B27*6.2898 | C27: ='24TABLE - cubic meters per day'!C27*6.2898 | D27: ='24TABLE - cubic meters per day'!D27*6.2898 | E27: ='24TABLE - cubic meters per day'!E27*6.2898 | F27: ='24TABLE - cubic meters per day'!F27*6.2898 | G27: ='24TABLE - cubic meters per day'!G27*6.2898 | H27: ='24TABLE - cubic meters per day'!H27*6.2898 | I27: ='24TABLE - cubic meters per day'!I27*6.2898 | ... N27: ='24TABLE - cubic meters per day'!N27*6.2898
A28: AB SUB TOTAL/SOUS-TOTAL -AB | B28: ='24TABLE - cubic meters per day'!B28*6.2898 | C28: ='24TABLE - cubic meters per day'!C28*6.2898 | D28: ='24TABLE - cubic meters per day'!D28*6.2898 | E28: ='24TABLE - cubic meters per day'!E28*6.2898 | F28: ='24TABLE - cubic meters per day'!F28*6.2898 | G28: ='24TABLE - cubic meters per day'!G28*6.2898 | H28: ='24TABLE - cubic meters per day'!H28*6.2898 | I28: ='24TABLE - cubic meters per day'!I28*6.2898 | ... N28: ='24TABLE - cubic meters per day'!N28*6.2898
A29: SK CONV./CLASS.-SK | B29: ='24TABLE - cubic meters per day'!B29*6.2898 | C29: ='24TABLE - cubic meters per day'!C29*6.2898 | D29: ='24TABLE - cubic meters per day'!D29*6.2898 | E29: ='24TABLE - cubic meters per day'!E29*6.2898 | F29: ='24TABLE - cubic meters per day'!F29*6.2898 | G29: ='24TABLE - cubic meters per day'!G29*6.2898 | H29: ='24TABLE - cubic meters per day'!H29*6.2898 | I29: ='24TABLE - cubic meters per day'!I29*6.2898 | ... N29: ='24TABLE - cubic meters per day'!N29*6.2898
A30: NL CONV | B30: ='24TABLE - cubic meters per day'!B30*6.2898 | C30: ='24TABLE - cubic meters per day'!C30*6.2898 | D30: ='24TABLE - cubic meters per day'!D30*6.2898 | E30: ='24TABLE - cubic meters per day'!E30*6.2898 | F30: ='24TABLE - cubic meters per day'!F30*6.2898 | G30: ='24TABLE - cubic meters per day'!G30*6.2898 | H30: ='24TABLE - cubic meters per day'!H30*6.2898 | I30: ='24TABLE - cubic meters per day'!I30*6.2898 | ... N30: ='24TABLE - cubic meters per day'!N30*6.2898
A31: TOTAL HEAVY/LOURD3 | B31: ='24TABLE - cubic meters per day'!B31*6.2898 | C31: ='24TABLE - cubic meters per day'!C31*6.2898 | D31: ='24TABLE - cubic meters per day'!D31*6.2898 | E31: ='24TABLE - cubic meters per day'!E31*6.2898 | F31: ='24TABLE - cubic meters per day'!F31*6.2898 | G31: ='24TABLE - cubic meters per day'!G31*6.2898 | H31: ='24TABLE - cubic meters per day'!H31*6.2898 | I31: ='24TABLE - cubic meters per day'!I31*6.2898 | ... N31: ='24TABLE - cubic meters per day'!N31*6.2898
A32: TOTAL PRODUCTION | B32: ='24TABLE - cubic meters per day'!B32*6.2898 | C32: ='24TABLE - cubic meters per day'!C32*6.2898 | D32: ='24TABLE - cubic meters per day'!D32*6.2898 | E32: ='24TABLE - cubic meters per day'!E32*6.2898 | F32: ='24TABLE - cubic meters per day'!F32*6.2898 | G32: ='24TABLE - cubic meters per day'!G32*6.2898 | H32: ='24TABLE - cubic meters per day'!H32*6.2898 | I32: ='24TABLE - cubic meters per day'!I32*6.2898 | ... N32: ='24TABLE - cubic meters per day'!N32*6.2898
H35: ESTIMATED PRODUCTION BY REGION
A36: WESTERN CANADA/OUEST CANADIEN
A37: CONV. LIGHT/LÉGER CLASS. | B37: ='24TABLE - cubic meters per day'!B37*6.2898 | C37: ='24TABLE - cubic meters per day'!C37*6.2898 | D37: ='24TABLE - cubic meters per day'!D37*6.2898 | E37: ='24TABLE - cubic meters per day'!E37*6.2898 | F37: ='24TABLE - cubic meters per day'!F37*6.2898 | G37: ='24TABLE - cubic meters per day'!G37*6.2898 | H37: ='24TABLE - cubic meters per day'!H37*6.2898 | I37: ='24TABLE - cubic meters per day'!I37*6.2898 | ... N37: ='24TABLE - cubic meters per day'!N37*6.2898
A38: AB UPGRADED BITUMEN/ BITUME VALORISÉ-AB 1 | B38: ='24TABLE - cubic meters per day'!B38*6.2898 | C38: ='24TABLE - cubic meters per day'!C38*6.2898 | D38: ='24TABLE - cubic meters per day'!D38*6.2898 | E38: ='24TABLE - cubic meters per day'!E38*6.2898 | F38: ='24TABLE - cubic meters per day'!F38*6.2898 | G38: ='24TABLE - cubic meters per day'!G38*6.2898 | H38: ='24TABLE - cubic meters per day'!H38*6.2898 | I38: ='24TABLE - cubic meters per day'!I38*6.2898 | ... N38: ='24TABLE - cubic meters per day'!N38*6.2898
A39: PENTANES PLUS | B39: ='24TABLE - cubic meters per day'!B39*6.2898 | C39: ='24TABLE - cubic meters per day'!C39*6.2898 | D39: ='24TABLE - cubic meters per day'!D39*6.2898 | E39: ='24TABLE - cubic meters per day'!E39*6.2898 | F39: ='24TABLE - cubic meters per day'!F39*6.2898 | G39: ='24TABLE - cubic meters per day'!G39*6.2898 | H39: ='24TABLE - cubic meters per day'!H39*6.2898 | I39: ='24TABLE - cubic meters per day'!I39*6.2898 | ... N39: ='24TABLE - cubic meters per day'!N39*6.2898
A40: TOTAL LIGHT/LÉGER | B40: ='24TABLE - cubic meters per day'!B40*6.2898 | C40: ='24TABLE - cubic meters per day'!C40*6.2898 | D40: ='24TABLE - cubic meters per day'!D40*6.2898 | E40: ='24TABLE - cubic meters per day'!E40*6.2898 | F40: ='24TABLE - cubic meters per day'!F40*6.2898 | G40: ='24TABLE - cubic meters per day'!G40*6.2898 | H40: ='24TABLE - cubic meters per day'!H40*6.2898 | I40: ='24TABLE - cubic meters per day'!I40*6.2898 | ... N40: ='24TABLE - cubic meters per day'!N40*6.2898
A41: CONV. HEAVY/LOURD CLASS. | B41: ='24TABLE - cubic meters per day'!B41*6.2898 | C41: ='24TABLE - cubic meters per day'!C41*6.2898 | D41: ='24TABLE - cubic meters per day'!D41*6.2898 | E41: ='24TABLE - cubic meters per day'!E41*6.2898 | F41: ='24TABLE - cubic meters per day'!F41*6.2898 | G41: ='24TABLE - cubic meters per day'!G41*6.2898 | H41: ='24TABLE - cubic meters per day'!H41*6.2898 | I41: ='24TABLE - cubic meters per day'!I41*6.2898 | ... N41: ='24TABLE - cubic meters per day'!N41*6.2898
A42: AB NON-UPGRADED BITUMEN / BITUME NON VALORISÉ-AB2 | B42: ='24TABLE - cubic meters per day'!B42*6.2898 | C42: ='24TABLE - cubic meters per day'!C42*6.2898 | D42: ='24TABLE - cubic meters per day'!D42*6.2898 | E42: ='24TABLE - cubic meters per day'!E42*6.2898 | F42: ='24TABLE - cubic meters per day'!F42*6.2898 | G42: ='24TABLE - cubic meters per day'!G42*6.2898 | H42: ='24TABLE - cubic meters per day'!H42*6.2898 | I42: ='24TABLE - cubic meters per day'!I42*6.2898 | ... N42: ='24TABLE - cubic meters per day'!N42*6.2898
A43: TOTAL HEAVY/LOURD | B43: ='24TABLE - cubic meters per day'!B43*6.2898 | C43: ='24TABLE - cubic meters per day'!C43*6.2898 | D43: ='24TABLE - cubic meters per day'!D43*6.2898 | E43: ='24TABLE - cubic meters per day'!E43*6.2898 | F43: ='24TABLE - cubic meters per day'!F43*6.2898 | G43: ='24TABLE - cubic meters per day'!G43*6.2898 | H43: ='24TABLE - cubic meters per day'!H43*6.2898 | I43: ='24TABLE - cubic meters per day'!I43*6.2898 | ... N43: ='24TABLE - cubic meters per day'!N43*6.2898
A44: TOTAL WESTERN CANADA/ OUEST CANADIEN | B44: ='24TABLE - cubic meters per day'!B44*6.2898 | C44: ='24TABLE - cubic meters per day'!C44*6.2898 | D44: ='24TABLE - cubic meters per day'!D44*6.2898 | E44: ='24TABLE - cubic meters per day'!E44*6.2898 | F44: ='24TABLE - cubic meters per day'!F44*6.2898 | G44: ='24TABLE - cubic meters per day'!G44*6.2898 | H44: ='24TABLE - cubic meters per day'!H44*6.2898 | I44: ='24TABLE - cubic meters per day'!I44*6.2898 | ... N44: ='24TABLE - cubic meters per day'!N44*6.2898
A45: TOTAL EASTERN CANADA/ EST CANADIEN | B45: ='24TABLE - cubic meters per day'!B45*6.2898 | C45: ='24TABLE - cubic meters per day'!C45*6.2898 | D45: ='24TABLE - cubic meters per day'!D45*6.2898 | E45: ='24TABLE - cubic meters per day'!E45*6.2898 | F45: ='24TABLE - cubic meters per day'!F45*6.2898 | G45: ='24TABLE - cubic meters per day'!G45*6.2898 | H45: ='24TABLE - cubic meters per day'!H45*6.2898 | I45: ='24TABLE - cubic meters per day'!I45*6.2898 | ... N45: ='24TABLE - cubic meters per day'!N45*6.2898
A46: TOTAL CANADA | B46: ='24TABLE - cubic meters per day'!B46*6.2898 | C46: ='24TABLE - cubic meters per day'!C46*6.2898 | D46: ='24TABLE - cubic meters per day'!D46*6.2898 | E46: ='24TABLE - cubic meters per day'!E46*6.2898 | F46: ='24TABLE - cubic meters per day'!F46*6.2898 | G46: ='24TABLE - cubic meters per day'!G46*6.2898 | H46: ='24TABLE - cubic meters per day'!H46*6.2898 | I46: ='24TABLE - cubic meters per day'!I46*6.2898 | ... N46: ='24TABLE - cubic meters per day'!N46*6.2898
A48: NOTES:
A49: Figures in black print are actual production data from reporting agencies.
A50: Forecasted values are no longer available in this publication. For the latest projections of crude oil and natural gas production in Canada please visit the CERs Energy Futures page.
A51: 1 As per AER -ST3, includes in situ bitumen that is upgraded to SCO
A52: 2 As per AER -ST3, excludes in situ produced bitumen that is upgraded to SCO
A54: Les chiffres en noir représentent les données de production réelles obtenues auprès d'organismes présentant des rapports.
A55: Les valeurs prévues ne sont plus disponibles dans cette publication. Pour connaître les dernières projections relatives à la production de pétrole brut et de gaz naturel au Canada, consultez la page principale d’Avenir énergétique du Canada
A56: 1 Comprend la production de pétrole brut synthétique et de distillats.
A57: 2 Bitume in situ, sauf les quantités transformées en pétrole brut synthétique par valorisation.

Sheet 23TABLE - cubic meters per day
A2: 45469 | H2: 2023 ESTIMATED PRODUCTION OF CANADIAN CRUDE OIL AND EQUIVALENT (m3/d)
H3: PRODUCTION ESTIMATIVE DE PÉTROLE BRUT ET D'ÉQUIVALENTS AU CANADA EN 2023 (M³/J)
N4: 2023
B5: Jan/janv. | C5: Feb/fév. | D5: Mar/mars | E5: Apr/avr. | F5: May/mai | G5: June/juin | H5: July/juil. | I5: Aug/août | J5: Sep/sept. | K5: Oct/oct. | L5: Nov/nov. | M5: Dec/déc. | N5: Avg/moyenne
A6: CONV. LIGHT CRUDE OIL/
A7: PÉTROLE BRUT LÉGER CLASS.
A8: AB | B8: 58982.092 | C8: 59389.438 | D8: 60554.264 | E8: 61083.033 | F8: 53046.256 | G8: 55139.798 | H8: 59202.708 | I8: 60868.755 | J8: 60069.149 | K8: 60560.887 | L8: 61650.681 | M8: 62681.757 | N8: 59435.568
A9: BC | B9: 1732.5161 | C9: 1743.9286 | D9: 1720.6452 | E9: 1869.1333 | F9: 1263.6774 | G9: 1406.0333 | H9: 1311.6452 | I9: 1303.4194 | J9: 1085.8 | K9: 1294.0968 | L9: 1358.3667 | M9: 1544.5484 | N9: 1467.663
A10: SK | B10: 24759.548 | C10: 25713.014 | D10: 26031.381 | E10: 25149.823 | F10: 24161.306 | G10: 23561.21 | H10: 24331.487 | I10: 24789.59 | J10: 25464.063 | K10: 25482.719 | L10: 25103.34 | M10: 24963.103 | N10: 24954.55
A11: MB | B11: 6456.9452 | C11: 6219.1857 | D11: 6113.5452 | E11: 5965.5133 | F11: 6415.5065 | G11: 6130.4367 | H11: 6019.7903 | I11: 5834.6194 | J11: 5727.09 | K11: 6122.1968 | L11: 6256.34 | M11: 6225.5613 | N11: 6124.2512
A12: NWT/NT | B12: 674.14194 | C12: 645.41786 | D12: 620.09355 | E12: 669.38333 | F12: 619.93548 | G12: 637.41667 | H12: 658.9 | I12: 644.09677 | J12: 655.49 | K12: 629.68387 | L12: 625.86333 | M12: 614.6129 | N12: 641.15534
A13: NF/NL | B13: 15104.29 | C13: 14169.929 | D13: 11608.355 | E13: 12688.033 | F13: 13449.71 | G13: 12204.5 | H13: 13895.355 | I13: 13565.161 | J13: 13185.433 | K13: 12343.935 | L13: 11779.333 | M13: 13607.871 | N13: 13132.307
A14: NB | B14: 4.0870968 | C14: 3.8678571 | D14: 3.6258065 | E14: 2.3766667 | N14: 3.4891667
A15: ON | B15: 79.225806 | C15: 79.892857 | D15: 80.612903 | E15: 80.5 | F15: 77.16129 | G15: 77.833333 | H15: 78.870968 | I15: 76.645161 | J15: 78 | K15: 79 | L15: 79.7 | M15: 80 | N15: 78.945205
A16: SUB TOTAL/SOUS-TOTAL | B16: =SUM(B8:B15) | C16: =SUM(C8:C15) | D16: =SUM(D8:D15) | E16: =SUM(E8:E15) | F16: =SUM(F8:F15) | G16: =SUM(G8:G15) | H16: =SUM(H8:H15) | I16: =SUM(I8:I15) | ... M16: =SUM(M8:M15) | N16: 105835.59
A17: AB UPGRADED BITUMEN/ BITUME VALORISÉ-AB1
A18: SUB TOTAL/SOUS-TOTAL | B18: 183513.34 | C18: 205299.27 | D18: 205035.39 | E18: 178425.25 | F18: 171156.39 | G18: 182274.85 | H18: 217002.52 | I18: 209244.21 | J18: 171545.67 | K18: 168503.92 | L18: 216377.67 | M18: 223178.6 | N18: 194284.24
A19: C5+ / CONDENSATE/C5+/CONDENSATS
A20: AB | B20: 57699.305 | C20: 57209.846 | D20: 57831.827 | E20: 57261.867 | F20: 49120.447 | G20: 54994.89 | H20: 58509.042 | I20: 60349.606 | J20: 57285.406 | K20: 63343.574 | L20: 64009.809 | M20: 66272.046 | N20: 58672.154
A21: BC | B21: 15354.468 | C21: 14596.793 | D21: 16142.784 | E21: 16644.187 | F21: 14636.094 | G21: 15207.3 | H21: 15426.171 | I21: 17235.303 | J21: 16568.587 | K21: 17964.865 | L21: 19128.483 | M21: 19493.897 | N21: 16545.282
A22: SK | B22: 572.76194 | C22: 572.76179 | D22: 572.76194 | E22: 572.762 | F22: 572.76194 | G22: 572.762 | H22: 572.76194 | I22: 572.76194 | J22: 572.762 | K22: 572.76194 | L22: 572.762 | M22: 572.76194 | N22: 572.76195
A23: SUB TOTAL/SOUS-TOTAL | B23: =SUM(B20:B22) | C23: =SUM(C20:C22) | D23: =SUM(D20:D22) | E23: =SUM(E20:E22) | F23: =SUM(F20:F22) | G23: =SUM(G20:G22) | H23: =SUM(H20:H22) | I23: =SUM(I20:I22) | ... M23: =SUM(M20:M22) | N23: 75790.198
A24: TOTAL LIGHT/LÉGER | B24: =SUM(B23,B16,B18) | C24: =SUM(C23,C16,C18) | D24: =SUM(D23,D16,D18) | E24: =SUM(E23,E16,E18) | F24: =SUM(F23,F16,F18) | G24: =SUM(G23,G16,G18) | H24: =SUM(H23,H16,H18) | I24: =SUM(I23,I16,I18) | ... M24: =SUM(M23,M16,M18) | N24: 375910.02
A25: HEAVY CRUDE OIL/ PÉTROLE BRUT LOURD
A26: AB CONV./CLASS.-AB | B26: 23059.497 | C26: 23695.307 | D26: 23554.688 | E26: 23435.36 | F26: 22853.623 | G26: 22157.177 | H26: 22739.065 | I26: 22607.632 | J26: 22863.11 | K26: 23330.888 | L26: 23480.273 | M26: 23539.106 | N26: 23106.207
A27: AB NON-UPGRADED BITUMEN / BITUME NON VALORISÉ-AB2 | B27: 317371.52 | C27: 311396.54 | D27: 312652.1 | E27: 286798.2 | F27: 286834.32 | G27: 304669.87 | H27: 309469.94 | I27: 312633.42 | J27: 350245.07 | K27: 343120.81 | L27: 347793 | M27: 344686.32 | N27: 318997.56
A28: AB SUB TOTAL/SOUS-TOTAL -AB | B28: =SUM(B26:B27) | C28: =SUM(C26:C27) | D28: =SUM(D26:D27) | E28: =SUM(E26:E27) | F28: =SUM(F26:F27) | G28: =SUM(G26:G27) | H28: =SUM(H26:H27) | I28: =SUM(I26:I27) | ... M28: =SUM(M26:M27) | N28: 342103.76
A29: SK CONV./CLASS.-SK | B29: 46869.497 | C29: 47160.914 | D29: 47108.932 | E29: 47492.067 | F29: 47552.284 | G29: 46999.24 | H29: 47220.016 | I29: 46801.742 | J29: 45634.38 | K29: 46584.7 | L29: 47677.223 | M29: 48599.142 | N29: 47143.613
A30: NL CONV | B30: 22190.645 | C30: 18841.786 | D30: 18777.613 | E30: 21921.8 | F30: 20915.419 | G30: 20297.7 | H30: 19921.806 | I30: 19334.194 | J30: 4875.2 | K30: 18031.871 | L30: 20108.5 | M30: 18968.581 | N30: 18701.397
A31: TOTAL HEAVY/LOURD3 | B31: =SUM(B28:B30) | C31: =SUM(C28:C30) | D31: =SUM(D28:D30) | E31: =SUM(E28:E30) | F31: =SUM(F28:F30) | G31: =SUM(G28:G30) | H31: =SUM(H28:H30) | I31: =SUM(I28:I30) | ... M31: =SUM(M28:M30) | N31: 407948.77
A32: TOTAL PRODUCTION | B32: =SUM(B31,B24) | C32: =SUM(C31,C24) | D32: =SUM(D31,D24) | E32: =SUM(E31,E24) | F32: =SUM(F31,F24) | G32: =SUM(G31,G24) | H32: =SUM(H31,H24) | I32: =SUM(I31,I24) | ... M32: =SUM(M31,M24) | N32: 783858.8
H35: ESTIMATED PRODUCTION BY REGION
A36: WESTERN CANADA/OUEST CANADIEN
A37: CONV. LIGHT/LÉGER CLASS. | B37: =SUM(B8:B12,) | C37: =SUM(C8:C12,) | D37: =SUM(D8:D12,) | E37: =SUM(E8:E12,) | F37: =SUM(F8:F12,) | G37: =SUM(G8:G12,) | H37: =SUM(H8:H12,) | I37: =SUM(I8:I12,) | ... M37: =SUM(M8:M12,) | N37: 92623.265
A38: AB UPGRADED BITUMEN/ BITUME VALORISÉ-AB 1 | B38: =B18 | C38: =C18 | D38: =D18 | E38: =E18 | F38: =F18 | G38: =G18 | H38: =H18 | I38: =I18 | ... M38: =M18 | N38: 194284.24
A39: PENTANES PLUS | B39: =SUM(B20:B22) | C39: =SUM(C20:C22) | D39: =SUM(D20:D22) | E39: =SUM(E20:E22) | F39: =SUM(F20:F22) | G39: =SUM(G20:G22) | H39: =SUM(H20:H22) | I39: =SUM(I20:I22) | ... M39: =SUM(M20:M22) | N39: 75790.198
A40: TOTAL LIGHT/LÉGER | B40: =SUM(B37:B39) | C40: =SUM(C37:C39) | D40: =SUM(D37:D39) | E40: =SUM(E37:E39) | F40: =SUM(F37:F39) | G40: =SUM(G37:G39) | H40: =SUM(H37:H39) | I40: =SUM(I37:I39) | ... M40: =SUM(M37:M39) | N40: 362697.7
A41: CONV. HEAVY/LOURD CLASS. | B41: =SUM(B26,B29) | C41: =SUM(C26,C29) | D41: =SUM(D26,D29) | E41: =SUM(E26,E29) | F41: =SUM(F26,F29) | G41: =SUM(G26,G29) | H41: =SUM(H26,H29) | I41: =SUM(I26,I29) | ... M41: =SUM(M26,M29) | N41: 70249.85
A42: AB NON-UPGRADED BITUMEN / BITUME NON VALORISÉ-AB2 | B42: =B27 | C42: =C27 | D42: =D27 | E42: =E27 | F42: =F27 | G42: =G27 | H42: =H27 | I42: =I27 | ... M42: =M27 | N42: 318997.56
A43: TOTAL HEAVY/LOURD | B43: =SUM(B41:B42) | C43: =SUM(C41:C42) | D43: =SUM(D41:D42) | E43: =SUM(E41:E42) | F43: =SUM(F41:F42) | G43: =SUM(G41:G42) | H43: =SUM(H41:H42) | I43: =SUM(I41:I42) | ... M43: =SUM(M41:M42) | N43: 389247.41
A44: TOTAL WESTERN CANADA/ OUEST CANADIEN | B44: =SUM(B40,B43) | C44: =SUM(C40,C43) | D44: =SUM(D40,D43) | E44: =SUM(E40,E43) | F44: =SUM(F40,F43) | G44: =SUM(G40,G43) | H44: =SUM(H40,H43) | I44: =SUM(I40,I43) | ... M44: =SUM(M40,M43) | N44: 751945.11
A45: TOTAL EASTERN CANADA/ EST CANADIEN | B45: =SUM(B13:B15,B30) | C45: =SUM(C13:C15,C30) | D45: =SUM(D13:D15,D30) | E45: =SUM(E13:E15,E30) | F45: =SUM(F13:F15,F30) | G45: =SUM(G13:G15,G30) | H45: =SUM(H13:H15,H30) | I45: =SUM(I13:I15,I30) | ... M45: =SUM(M13:M15,M30) | N45: 31880.821
A46: TOTAL CANADA | B46: =SUM(B45,B44) | C46: =SUM(C45,C44) | D46: =SUM(D45,D44) | E46: =SUM(E45,E44) | F46: =SUM(F45,F44) | G46: =SUM(G45,G44) | H46: =SUM(H45,H44) | I46: =SUM(I45,I44) | ... M46: =SUM(M45,M44) | N46: 783825.93
A48: NOTES:
A49: Figures in black print are actual production data from reporting agencies.
A50: Forecasted values are no longer available in this publication. For the latest projections of crude oil and natural gas production in Canada please visit the CERs Energy Futures page.
A51: 1 As per AER -ST3, includes in situ bitumen that is upgraded to SCO
A52: 2 As per AER -ST3, excludes in situ produced bitumen that is upgraded to SCO
A54: Les chiffres en noir représentent les données de production réelles obtenues auprès d'organismes présentant des rapports.
A55: Les valeurs prévues ne sont plus disponibles dans cette publication. Pour connaître les dernières projections relatives à la production de pétrole brut et de gaz naturel au Canada, consultez la page principale d’Avenir énergétique du Canada
A56: 1 Comprend la production de pétrole brut synthétique et de distillats.
A57: 2 Bitume in situ, sauf les quantités transformées en pétrole brut synthétique par valorisation.

Sheet 23TABLE - barrels per day
A2: ='23TABLE - cubic meters per day'!A2 | H2: 2023 ESTIMATED PRODUCTION OF CANADIAN CRUDE OIL AND EQUIVALENT (b/d)
H3: PRODUCTION ESTIMATIVE DE PÉTROLE BRUT ET D'ÉQUIVALENTS AU CANADA EN 2023 (b/j)
N4: ='23TABLE - cubic meters per day'!N4
B5: Jan/janv. | C5: Feb/fév. | D5: Mar/mars | E5: Apr/avr. | F5: May/mai | G5: June/juin | H5: July/juil. | I5: Aug/août | J5: Sep/sept. | K5: Oct/oct. | L5: Nov/nov. | M5: Dec/déc. | N5: Avg/moyenne
A6: CONV. LIGHT CRUDE OIL/
A7: PÉTROLE BRUT LÉGER CLASS.
A8: AB | B8: ='23TABLE - cubic meters per day'!B8*6.2898 | C8: ='23TABLE - cubic meters per day'!C8*6.2898 | D8: ='23TABLE - cubic meters per day'!D8*6.2898 | E8: ='23TABLE - cubic meters per day'!E8*6.2898 | F8: ='23TABLE - cubic meters per day'!F8*6.2898 | G8: ='23TABLE - cubic meters per day'!G8*6.2898 | H8: ='23TABLE - cubic meters per day'!H8*6.2898 | I8: ='23TABLE - cubic meters per day'!I8*6.2898 | ... N8: ='23TABLE - cubic meters per day'!N8*6.2898
A9: BC | B9: ='23TABLE - cubic meters per day'!B9*6.2898 | C9: ='23TABLE - cubic meters per day'!C9*6.2898 | D9: ='23TABLE - cubic meters per day'!D9*6.2898 | E9: ='23TABLE - cubic meters per day'!E9*6.2898 | F9: ='23TABLE - cubic meters per day'!F9*6.2898 | G9: ='23TABLE - cubic meters per day'!G9*6.2898 | H9: ='23TABLE - cubic meters per day'!H9*6.2898 | I9: ='23TABLE - cubic meters per day'!I9*6.2898 | ... N9: ='23TABLE - cubic meters per day'!N9*6.2898
A10: SK | B10: ='23TABLE - cubic meters per day'!B10*6.2898 | C10: ='23TABLE - cubic meters per day'!C10*6.2898 | D10: ='23TABLE - cubic meters per day'!D10*6.2898 | E10: ='23TABLE - cubic meters per day'!E10*6.2898 | F10: ='23TABLE - cubic meters per day'!F10*6.2898 | G10: ='23TABLE - cubic meters per day'!G10*6.2898 | H10: ='23TABLE - cubic meters per day'!H10*6.2898 | I10: ='23TABLE - cubic meters per day'!I10*6.2898 | ... N10: ='23TABLE - cubic meters per day'!N10*6.2898
A11: MB | B11: ='23TABLE - cubic meters per day'!B11*6.2898 | C11: ='23TABLE - cubic meters per day'!C11*6.2898 | D11: ='23TABLE - cubic meters per day'!D11*6.2898 | E11: ='23TABLE - cubic meters per day'!E11*6.2898 | F11: ='23TABLE - cubic meters per day'!F11*6.2898 | G11: ='23TABLE - cubic meters per day'!G11*6.2898 | H11: ='23TABLE - cubic meters per day'!H11*6.2898 | I11: ='23TABLE - cubic meters per day'!I11*6.2898 | ... N11: ='23TABLE - cubic meters per day'!N11*6.2898
A12: NWT/NT | B12: ='23TABLE - cubic meters per day'!B12*6.2898 | C12: ='23TABLE - cubic meters per day'!C12*6.2898 | D12: ='23TABLE - cubic meters per day'!D12*6.2898 | E12: ='23TABLE - cubic meters per day'!E12*6.2898 | F12: ='23TABLE - cubic meters per day'!F12*6.2898 | G12: ='23TABLE - cubic meters per day'!G12*6.2898 | H12: ='23TABLE - cubic meters per day'!H12*6.2898 | I12: ='23TABLE - cubic meters per day'!I12*6.2898 | ... N12: ='23TABLE - cubic meters per day'!N12*6.2898
A13: NF/NL | B13: ='23TABLE - cubic meters per day'!B13*6.2898 | C13: ='23TABLE - cubic meters per day'!C13*6.2898 | D13: ='23TABLE - cubic meters per day'!D13*6.2898 | E13: ='23TABLE - cubic meters per day'!E13*6.2898 | F13: ='23TABLE - cubic meters per day'!F13*6.2898 | G13: ='23TABLE - cubic meters per day'!G13*6.2898 | H13: ='23TABLE - cubic meters per day'!H13*6.2898 | I13: ='23TABLE - cubic meters per day'!I13*6.2898 | ... N13: ='23TABLE - cubic meters per day'!N13*6.2898
A14: NB | B14: ='23TABLE - cubic meters per day'!B14*6.2898 | C14: ='23TABLE - cubic meters per day'!C14*6.2898 | D14: ='23TABLE - cubic meters per day'!D14*6.2898 | E14: ='23TABLE - cubic meters per day'!E14*6.2898
A15: ON | B15: ='23TABLE - cubic meters per day'!B15*6.2898 | C15: ='23TABLE - cubic meters per day'!C15*6.2898 | D15: ='23TABLE - cubic meters per day'!D15*6.2898 | E15: ='23TABLE - cubic meters per day'!E15*6.2898 | F15: ='23TABLE - cubic meters per day'!F15*6.2898 | G15: ='23TABLE - cubic meters per day'!G15*6.2898 | H15: ='23TABLE - cubic meters per day'!H15*6.2898 | I15: ='23TABLE - cubic meters per day'!I15*6.2898 | ... N15: ='23TABLE - cubic meters per day'!N15*6.2898
A16: SUB TOTAL/SOUS-TOTAL | B16: =SUM(B8:B15) | C16: =SUM(C8:C15) | D16: =SUM(D8:D15) | E16: =SUM(E8:E15) | F16: =SUM(F8:F15) | G16: =SUM(G8:G15) | H16: =SUM(H8:H15) | I16: =SUM(I8:I15) | ... M16: =SUM(M8:M15) | N16: ='23TABLE - cubic meters per day'!N16*6.2898
A17: AB UPGRADED BITUMEN/ BITUME VALORISÉ-AB1
A18: SUB TOTAL/SOUS-TOTAL | B18: ='23TABLE - cubic meters per day'!B18*6.2898 | C18: ='23TABLE - cubic meters per day'!C18*6.2898 | D18: ='23TABLE - cubic meters per day'!D18*6.2898 | E18: ='23TABLE - cubic meters per day'!E18*6.2898 | F18: ='23TABLE - cubic meters per day'!F18*6.2898 | G18: ='23TABLE - cubic meters per day'!G18*6.2898 | H18: ='23TABLE - cubic meters per day'!H18*6.2898 | I18: ='23TABLE - cubic meters per day'!I18*6.2898 | ... N18: ='23TABLE - cubic meters per day'!N18*6.2898
A19: C5+ / CONDENSATE/C5+/CONDENSATS
A20: AB | B20: ='23TABLE - cubic meters per day'!B20*6.2898 | C20: ='23TABLE - cubic meters per day'!C20*6.2898 | D20: ='23TABLE - cubic meters per day'!D20*6.2898 | E20: ='23TABLE - cubic meters per day'!E20*6.2898 | F20: ='23TABLE - cubic meters per day'!F20*6.2898 | G20: ='23TABLE - cubic meters per day'!G20*6.2898 | H20: ='23TABLE - cubic meters per day'!H20*6.2898 | I20: ='23TABLE - cubic meters per day'!I20*6.2898 | ... N20: ='23TABLE - cubic meters per day'!N20*6.2898
A21: BC | B21: ='23TABLE - cubic meters per day'!B21*6.2898 | C21: ='23TABLE - cubic meters per day'!C21*6.2898 | D21: ='23TABLE - cubic meters per day'!D21*6.2898 | E21: ='23TABLE - cubic meters per day'!E21*6.2898 | F21: ='23TABLE - cubic meters per day'!F21*6.2898 | G21: ='23TABLE - cubic meters per day'!G21*6.2898 | H21: ='23TABLE - cubic meters per day'!H21*6.2898 | I21: ='23TABLE - cubic meters per day'!I21*6.2898 | ... N21: ='23TABLE - cubic meters per day'!N21*6.2898
A22: SK2 | B22: ='23TABLE - cubic meters per day'!B22*6.2898 | C22: ='23TABLE - cubic meters per day'!C22*6.2898 | D22: ='23TABLE - cubic meters per day'!D22*6.2898 | E22: ='23TABLE - cubic meters per day'!E22*6.2898 | F22: ='23TABLE - cubic meters per day'!F22*6.2898 | G22: ='23TABLE - cubic meters per day'!G22*6.2898 | H22: ='23TABLE - cubic meters per day'!H22*6.2898 | I22: ='23TABLE - cubic meters per day'!I22*6.2898 | ... M22: ='23TABLE - cubic meters per day'!M22*6.2898
A23: SUB TOTAL/SOUS-TOTAL | B23: ='23TABLE - cubic meters per day'!B23*6.2898 | C23: ='23TABLE - cubic meters per day'!C23*6.2898 | D23: ='23TABLE - cubic meters per day'!D23*6.2898 | E23: ='23TABLE - cubic meters per day'!E23*6.2898 | F23: ='23TABLE - cubic meters per day'!F23*6.2898 | G23: ='23TABLE - cubic meters per day'!G23*6.2898 | H23: ='23TABLE - cubic meters per day'!H23*6.2898 | I23: ='23TABLE - cubic meters per day'!I23*6.2898 | ... N23: ='23TABLE - cubic meters per day'!N23*6.2898
A24: TOTAL LIGHT/LÉGER | B24: =SUM(B23,B16,B18) | C24: =SUM(C23,C16,C18) | D24: =SUM(D23,D16,D18) | E24: =SUM(E23,E16,E18) | F24: =SUM(F23,F16,F18) | G24: =SUM(G23,G16,G18) | H24: =SUM(H23,H16,H18) | I24: =SUM(I23,I16,I18) | ... M24: =SUM(M23,M16,M18) | N24: ='23TABLE - cubic meters per day'!N24*6.2898
A25: HEAVY CRUDE OIL/ PÉTROLE BRUT LOURD
A26: AB CONV./CLASS.-AB | B26: ='23TABLE - cubic meters per day'!B26*6.2898 | C26: ='23TABLE - cubic meters per day'!C26*6.2898 | D26: ='23TABLE - cubic meters per day'!D26*6.2898 | E26: ='23TABLE - cubic meters per day'!E26*6.2898 | F26: ='23TABLE - cubic meters per day'!F26*6.2898 | G26: ='23TABLE - cubic meters per day'!G26*6.2898 | H26: ='23TABLE - cubic meters per day'!H26*6.2898 | I26: ='23TABLE - cubic meters per day'!I26*6.2898 | ... N26: ='23TABLE - cubic meters per day'!N26*6.2898
A27: AB NON-UPGRADED BITUMEN / BITUME NON VALORISÉ-AB2 | B27: ='23TABLE - cubic meters per day'!B27*6.2898 | C27: ='23TABLE - cubic meters per day'!C27*6.2898 | D27: ='23TABLE - cubic meters per day'!D27*6.2898 | E27: ='23TABLE - cubic meters per day'!E27*6.2898 | F27: ='23TABLE - cubic meters per day'!F27*6.2898 | G27: ='23TABLE - cubic meters per day'!G27*6.2898 | H27: ='23TABLE - cubic meters per day'!H27*6.2898 | I27: ='23TABLE - cubic meters per day'!I27*6.2898 | ... N27: ='23TABLE - cubic meters per day'!N27*6.2898
A28: AB SUB TOTAL/SOUS-TOTAL -AB | B28: ='23TABLE - cubic meters per day'!B28*6.2898 | C28: ='23TABLE - cubic meters per day'!C28*6.2898 | D28: ='23TABLE - cubic meters per day'!D28*6.2898 | E28: ='23TABLE - cubic meters per day'!E28*6.2898 | F28: ='23TABLE - cubic meters per day'!F28*6.2898 | G28: ='23TABLE - cubic meters per day'!G28*6.2898 | H28: ='23TABLE - cubic meters per day'!H28*6.2898 | I28: ='23TABLE - cubic meters per day'!I28*6.2898 | ... N28: ='23TABLE - cubic meters per day'!N28*6.2898
A29: SK CONV./CLASS.-SK | B29: ='23TABLE - cubic meters per day'!B29*6.2898 | C29: ='23TABLE - cubic meters per day'!C29*6.2898 | D29: ='23TABLE - cubic meters per day'!D29*6.2898 | E29: ='23TABLE - cubic meters per day'!E29*6.2898 | F29: ='23TABLE - cubic meters per day'!F29*6.2898 | G29: ='23TABLE - cubic meters per day'!G29*6.2898 | H29: ='23TABLE - cubic meters per day'!H29*6.2898 | I29: ='23TABLE - cubic meters per day'!I29*6.2898 | ... N29: ='23TABLE - cubic meters per day'!N29*6.2898
A30: NL CONV | B30: ='23TABLE - cubic meters per day'!B30*6.2898 | C30: ='23TABLE - cubic meters per day'!C30*6.2898 | D30: ='23TABLE - cubic meters per day'!D30*6.2898 | E30: ='23TABLE - cubic meters per day'!E30*6.2898 | F30: ='23TABLE - cubic meters per day'!F30*6.2898 | G30: ='23TABLE - cubic meters per day'!G30*6.2898 | H30: ='23TABLE - cubic meters per day'!H30*6.2898 | I30: ='23TABLE - cubic meters per day'!I30*6.2898 | ... N30: ='23TABLE - cubic meters per day'!N30*6.2898
A31: TOTAL HEAVY/LOURD3 | B31: =SUM(B28:B30) | C31: =SUM(C28:C30) | D31: =SUM(D28:D30) | E31: =SUM(E28:E30) | F31: =SUM(F28:F30) | G31: =SUM(G28:G30) | H31: =SUM(H28:H30) | I31: =SUM(I28:I30) | ... M31: =SUM(M28:M30) | N31: ='23TABLE - cubic meters per day'!N31*6.2898
A32: TOTAL PRODUCTION | B32: =SUM(B31,B24) | C32: =SUM(C31,C24) | D32: =SUM(D31,D24) | E32: =SUM(E31,E24) | F32: =SUM(F31,F24) | G32: =SUM(G31,G24) | H32: =SUM(H31,H24) | I32: =SUM(I31,I24) | ... M32: =SUM(M31,M24) | N32: ='23TABLE - cubic meters per day'!N32*6.2898
H35: ESTIMATED PRODUCTION BY REGION
A36: WESTERN CANADA/OUEST CANADIEN
A37: CONV. LIGHT/LÉGER CLASS. | B37: ='23TABLE - cubic meters per day'!B37*6.2898 | C37: ='23TABLE - cubic meters per day'!C37*6.2898 | D37: ='23TABLE - cubic meters per day'!D37*6.2898 | E37: ='23TABLE - cubic meters per day'!E37*6.2898 | F37: ='23TABLE - cubic meters per day'!F37*6.2898 | G37: ='23TABLE - cubic meters per day'!G37*6.2898 | H37: ='23TABLE - cubic meters per day'!H37*6.2898 | I37: ='23TABLE - cubic meters per day'!I37*6.2898 | ... N37: ='23TABLE - cubic meters per day'!N37*6.2898
A38: AB UPGRADED BITUMEN/ BITUME VALORISÉ-AB 1 | B38: ='23TABLE - cubic meters per day'!B38*6.2898 | C38: ='23TABLE - cubic meters per day'!C38*6.2898 | D38: ='23TABLE - cubic meters per day'!D38*6.2898 | E38: ='23TABLE - cubic meters per day'!E38*6.2898 | F38: ='23TABLE - cubic meters per day'!F38*6.2898 | G38: ='23TABLE - cubic meters per day'!G38*6.2898 | H38: ='23TABLE - cubic meters per day'!H38*6.2898 | I38: ='23TABLE - cubic meters per day'!I38*6.2898 | ... N38: ='23TABLE - cubic meters per day'!N38*6.2898
A39: PENTANES PLUS | B39: ='23TABLE - cubic meters per day'!B39*6.2898 | C39: ='23TABLE - cubic meters per day'!C39*6.2898 | D39: ='23TABLE - cubic meters per day'!D39*6.2898 | E39: ='23TABLE - cubic meters per day'!E39*6.2898 | F39: ='23TABLE - cubic meters per day'!F39*6.2898 | G39: ='23TABLE - cubic meters per day'!G39*6.2898 | H39: ='23TABLE - cubic meters per day'!H39*6.2898 | I39: ='23TABLE - cubic meters per day'!I39*6.2898 | ... N39: ='23TABLE - cubic meters per day'!N39*6.2898
A40: TOTAL LIGHT/LÉGER | B40: ='23TABLE - cubic meters per day'!B40*6.2898 | C40: ='23TABLE - cubic meters per day'!C40*6.2898 | D40: ='23TABLE - cubic meters per day'!D40*6.2898 | E40: ='23TABLE - cubic meters per day'!E40*6.2898 | F40: ='23TABLE - cubic meters per day'!F40*6.2898 | G40: ='23TABLE - cubic meters per day'!G40*6.2898 | H40: ='23TABLE - cubic meters per day'!H40*6.2898 | I40: ='23TABLE - cubic meters per day'!I40*6.2898 | ... N40: ='23TABLE - cubic meters per day'!N40*6.2898
A41: CONV. HEAVY/LOURD CLASS. | B41: ='23TABLE - cubic meters per day'!B41*6.2898 | C41: ='23TABLE - cubic meters per day'!C41*6.2898 | D41: ='23TABLE - cubic meters per day'!D41*6.2898 | E41: ='23TABLE - cubic meters per day'!E41*6.2898 | F41: ='23TABLE - cubic meters per day'!F41*6.2898 | G41: ='23TABLE - cubic meters per day'!G41*6.2898 | H41: ='23TABLE - cubic meters per day'!H41*6.2898 | I41: ='23TABLE - cubic meters per day'!I41*6.2898 | ... N41: ='23TABLE - cubic meters per day'!N41*6.2898
A42: AB NON-UPGRADED BITUMEN / BITUME NON VALORISÉ-AB2 | B42: ='23TABLE - cubic meters per day'!B42*6.2898 | C42: ='23TABLE - cubic meters per day'!C42*6.2898 | D42: ='23TABLE - cubic meters per day'!D42*6.2898 | E42: ='23TABLE - cubic meters per day'!E42*6.2898 | F42: ='23TABLE - cubic meters per day'!F42*6.2898 | G42: ='23TABLE - cubic meters per day'!G42*6.2898 | H42: ='23TABLE - cubic meters per day'!H42*6.2898 | I42: ='23TABLE - cubic meters per day'!I42*6.2898 | ... N42: ='23TABLE - cubic meters per day'!N42*6.2898
A43: TOTAL HEAVY/LOURD | B43: ='23TABLE - cubic meters per day'!B43*6.2898 | C43: ='23TABLE - cubic meters per day'!C43*6.2898 | D43: ='23TABLE - cubic meters per day'!D43*6.2898 | E43: ='23TABLE - cubic meters per day'!E43*6.2898 | F43: ='23TABLE - cubic meters per day'!F43*6.2898 | G43: ='23TABLE - cubic meters per day'!G43*6.2898 | H43: ='23TABLE - cubic meters per day'!H43*6.2898 | I43: ='23TABLE - cubic meters per day'!I43*6.2898 | ... N43: ='23TABLE - cubic meters per day'!N43*6.2898
A44: TOTAL WESTERN CANADA/ OUEST CANADIEN | B44: ='23TABLE - cubic meters per day'!B44*6.2898 | C44: ='23TABLE - cubic meters per day'!C44*6.2898 | D44: ='23TABLE - cubic meters per day'!D44*6.2898 | E44: ='23TABLE - cubic meters per day'!E44*6.2898 | F44: ='23TABLE - cubic meters per day'!F44*6.2898 | G44: ='23TABLE - cubic meters per day'!G44*6.2898 | H44: ='23TABLE - cubic meters per day'!H44*6.2898 | I44: ='23TABLE - cubic meters per day'!I44*6.2898 | ... N44: ='23TABLE - cubic meters per day'!N44*6.2898
A45: TOTAL EASTERN CANADA/ EST CANADIEN | B45: ='23TABLE - cubic meters per day'!B45*6.2898 | C45: ='23TABLE - cubic meters per day'!C45*6.2898 | D45: ='23TABLE - cubic meters per day'!D45*6.2898 | E45: ='23TABLE - cubic meters per day'!E45*6.2898 | F45: ='23TABLE - cubic meters per day'!F45*6.2898 | G45: ='23TABLE - cubic meters per day'!G45*6.2898 | H45: ='23TABLE - cubic meters per day'!H45*6.2898 | I45: ='23TABLE - cubic meters per day'!I45*6.2898 | ... N45: ='23TABLE - cubic meters per day'!N45*6.2898
A46: TOTAL CANADA | B46: =SUM(B45,B44) | C46: =SUM(C45,C44) | D46: =SUM(D45,D44) | E46: =SUM(E45,E44) | F46: =SUM(F45,F44) | G46: =SUM(G45,G44) | H46: =SUM(H45,H44) | I46: =SUM(I45,I44) | ... M46: =SUM(M45,M44)
A48: NOTES:
A49: Figures in black print are actual production data from reporting agencies.
A50: Forecasted values are no longer available in this publication. For the latest projections of crude oil and natural gas production in Canada please visit the CERs Energy Futures page.
A51: 1 As per AER -ST3, includes in situ bitumen that is upgraded to SCO
A52: 2 As per AER -ST3, excludes in situ produced bitumen that is upgraded to SCO
A54: Les chiffres en noir représentent les données de production réelles obtenues auprès d'organismes présentant des rapports.
A55: Les valeurs prévues ne sont plus disponibles dans cette publication. Pour connaître les dernières projections relatives à la production de pétrole brut et de gaz naturel au Canada, consultez la page principale d’Avenir énergétique du Canada
A56: 1 Comprend la production de pétrole brut synthétique et de distillats.
A57: 2 Bitume in situ, sauf les quantités transformées en pétrole brut synthétique par valorisation.

Sheet 22TABLE - cubic meters per day
A2: 45033 | H2: 2022 ESTIMATED PRODUCTION OF CANADIAN CRUDE OIL AND EQUIVALENT (m3/d)
H3: PRODUCTION ESTIMATIVE DE PÉTROLE BRUT ET D'ÉQUIVALENTS AU CANADA EN 2022 (M³/J)
N4: 2022
B5: Jan/janv. | C5: Feb/fév. | D5: Mar/mars | E5: Apr/avr. | F5: May/mai | G5: June/juin | H5: July/juil. | I5: Aug/août | J5: Sep/sept. | K5: Oct/oct. | L5: Nov/nov. | M5: Dec/déc. | N5: Avg/moyenne
A6: CONV. LIGHT CRUDE OIL/
A7: PÉTROLE BRUT LÉGER CLASS.
A8: AB | B8: 52478.921 | C8: 54351.821 | D8: 56943.231 | E8: 59035.044 | F8: 57032.75 | G8: 56454.275 | H8: 56861.483 | I8: 57927.006 | J8: 57010.639 | K8: 59192.518 | L8: 59029.025 | M8: 58739.474 | N8: 57101.801
A9: BC | B9: 1718.6548 | C9: 1956.9821 | D9: 1817.0774 | E9: 1929.3233 | F9: 1877.6903 | G9: 1886.6967 | H9: 1825.8097 | I9: 1741.6452 | J9: 1686.6 | K9: 1774.0323 | L9: 1790.7667 | M9: 1724.0645 | N9: 1809.4392
A10: SK | B10: 23972.503 | C10: 24646.361 | D10: 26088.761 | E10: 24555.467 | F10: 24374.381 | G10: 23878.807 | H10: 23832.335 | I10: 24698.458 | J10: 25262.1 | K10: 25435.806 | L10: 25674.31 | M10: 24552.181 | N10: 24747.413
A11: MB | B11: 5907.9419 | C11: 5850.4393 | D11: 6290.8645 | E11: 6035.59 | F11: 5913.1065 | G11: 5801.43 | H11: 5729.6355 | I11: 5977.9194 | J11: 6091.3133 | K11: 6301.7645 | L11: 6261.37 | M11: 6357.971 | N11: 6044.8184
A12: NWT/NT | B12: 1012.8645 | C12: 1002.275 | D12: 1004.5065 | E12: 1028.28 | F12: 996.01935 | G12: 974.72 | H12: 874.85484 | I12: 839.01613 | J12: 727.72333 | K12: 723.37742 | L12: 694.56 | M12: 690.41935 | N12: 879.9863
A13: NF/NL | B13: 17261.903 | C13: 17365.393 | D13: 18327.097 | E13: 17244.833 | F13: 17254.484 | G13: 17209 | H13: 15934.032 | I13: 14270.774 | J13: 5672.1 | K13: 5821.9032 | L13: 16137.133 | M13: 15145.548 | N13: 14790.715
A14: NB | B14: 6.0290323 | C14: 5 | D14: 4.7290323 | E14: 3.3066667 | F14: 3.9322581 | G14: 3.63 | H14: 3.1612903 | I14: 3.7 | J14: 3.4833333 | K14: 3.3451613 | L14: 4.0933333 | M14: 3.9580645 | N14: 4.0271233
A15: ON | B15: 82.903226 | C15: 83.642857 | D15: 84.774194 | E15: 85.5 | F15: 84.516129 | G15: 81.866667 | H15: 83.387097 | I15: 79.935484 | J15: 81.433333 | K15: 83.354839 | L15: 82.833333 | M15: 78.16129 | N15: 82.682192
A16: SUB TOTAL/SOUS-TOTAL | B16: =SUM(B8:B15) | C16: =SUM(C8:C15) | D16: =SUM(D8:D15) | E16: =SUM(E8:E15) | F16: =SUM(F8:F15) | G16: =SUM(G8:G15) | H16: =SUM(H8:H15) | I16: =SUM(I8:I15) | ... M16: =SUM(M8:M15) | N16: 105460.88
A17: AB UPGRADED BITUMEN/ BITUME VALORISÉ-AB1
A18: SUB TOTAL/SOUS-TOTAL | B18: 185818.98 | C18: 198050.25 | D18: 193673.77 | E18: 179810.23 | F18: 164852.44 | G18: 181016.5 | H18: 186643.06 | I18: 180232.24 | J18: 176389.15 | K18: 174438.71 | L18: 211286.1 | M18: 195988.03 | N18: 185565.84
A19: C5+ / CONDENSATE/C5+/CONDENSATS
A20: AB | B20: 53989.906 | C20: 56013.478 | D20: 57126.377 | E20: 57970.901 | F20: 55786.008 | G20: 54321.105 | H20: 59822.986 | I20: 58830.31 | J20: 59457.691 | K20: 60797.147 | L20: 61257.151 | M20: 60958.447 | N20: 58041.724
A21: BC | B21: 16332.781 | C21: 16253.586 | D21: 16548.942 | E21: 16164.023 | F21: 15964.316 | G21: 15508.297 | H21: 15725.768 | I21: 15529.158 | J21: 13956.537 | K21: 16493.084 | L21: 17348.967 | M21: 10983.145 | N21: 15559.803
A22: SK | B22: 560.92871 | C22: 560.92893 | D22: 560.92871 | E22: 560.92867 | F22: 560.92871 | G22: 560.92867 | H22: 560.92871 | I22: 560.92871 | J22: 560.92867 | K22: 560.92871 | L22: 560.92867 | M22: 560.92871 | N22: 560.92871
A23: SUB TOTAL/SOUS-TOTAL | B23: 70873.074 | C23: 72876.421 | D23: 74225.706 | E23: 74703.66 | F23: 72300.71 | G23: 70355.107 | H23: 76099.142 | I23: 74909.858 | J23: 73982.96 | K23: 77840.616 | L23: 79174.85 | M23: 72491.977 | N23: 74162.456
A24: TOTAL LIGHT/LÉGER | B24: 359249.03 | C24: 376180.47 | D24: 378455.06 | E24: 364426.54 | F24: 344679.43 | G24: 357652.85 | H24: 367881 | I24: 360763.21 | J24: 347225.22 | K24: 351651.03 | L24: 400128.04 | M24: 375765.33 | N24: 365189.18
A25: HEAVY CRUDE OIL/ PÉTROLE BRUT LOURD
A26: AB CONV./CLASS.-AB | B26: 19125.694 | C26: 20076.251 | D26: 20707.406 | E26: 21275.69 | F26: 21604.365 | G26: 21547.626 | H26: 21457.713 | I26: 21756.048 | J26: 21677.267 | K26: 21615.31 | L26: 21086.786 | M26: 20190.632 | N26: 21013.502
A27: AB NON-UPGRADED BITUMEN / BITUME NON VALORISÉ-AB2 | B27: 297464.84 | C27: 310814.93 | D27: 310871.74 | E27: 305429.53 | F27: 295468.39 | G27: 297000.87 | H27: 323740.74 | I27: 334287.45 | J27: 347547.3 | K27: 341803.19 | L27: 323903.77 | M27: 317067.81 | N27: 317153.67
A28: AB SUB TOTAL/SOUS-TOTAL -AB | B28: 316590.54 | C28: 330891.2 | D28: 331579.28 | E28: 326819.93 | F28: 317081.45 | G28: 318535.83 | H28: 345210.95 | I28: 356060.39 | J28: 369217.09 | K28: 363358.86 | L28: 344990.56 | M28: 337258.45 | N28: 338167.18
A29: SK CONV./CLASS.-SK | B29: 45059.971 | C29: 45676.682 | D29: 46844.219 | E29: 48418.927 | F29: 47508.661 | G29: 47446.277 | H29: 47513.771 | I29: 47890.948 | J29: 48771.04 | K29: 47943.4 | L29: 47873.773 | M29: 47104.184 | N29: 47342.65
A30: NL CONV | B30: 20200.774 | C30: 21361.107 | D30: 21556.258 | E30: 21810.1 | F30: 21634.355 | G30: 21615.933 | H30: 22159.516 | I30: 22279.71 | J30: 22062.233 | K30: 23174.677 | L30: 22430.867 | M30: 22606.677 | N30: 21911.386
A31: TOTAL HEAVY/LOURD3 | B31: 381865.93 | C31: 397938.66 | D31: 399996.94 | E31: 397066.19 | F31: 386238.01 | G31: 387610.43 | H31: 414905.35 | I31: 426246.65 | J31: 440057.04 | K31: 434497.11 | L31: 415305.99 | M31: 406986.08 | N31: 407421.21
A32: TOTAL PRODUCTION | B32: =SUM(B31,B24) | C32: =SUM(C31,C24) | D32: =SUM(D31,D24) | E32: =SUM(E31,E24) | F32: =SUM(F31,F24) | G32: =SUM(G31,G24) | H32: =SUM(H31,H24) | I32: =SUM(I31,I24) | ... M32: =SUM(M31,M24) | N32: 772610.39
H35: ESTIMATED PRODUCTION BY REGION
A36: WESTERN CANADA/OUEST CANADIEN
A37: CONV. LIGHT/LÉGER CLASS. | B37: 85206.129 | C37: 87799.796 | D37: 92138.987 | E37: 92579.04 | F37: 90187.281 | G37: 88990.373 | H37: 89121.371 | I37: 91176.223 | J37: 90777.573 | K37: 93427.358 | L37: 93447.34 | M37: 92061.571 | N37: 90583.458
A38: AB UPGRADED BITUMEN/ BITUME VALORISÉ-AB 1 | B38: 185818.99 | C38: 198050.26 | D38: 193673.77 | E38: 179810.24 | F38: 164852.44 | G38: 181016.5 | H38: 186643.07 | I38: 180326.42 | J38: 176711.15 | K38: 174477.8 | L38: 211285.85 | M38: 195988.04 | N38: 185565.84
A39: PENTANES PLUS | B39: 70873.074 | C39: 72876.421 | D39: 74225.706 | E39: 74703.66 | F39: 72300.71 | G39: 70355.107 | H39: 76099.142 | I39: 74909.858 | J39: 73982.96 | K39: 77840.616 | L39: 79174.85 | M39: 72491.977 | N39: 74162.456
A40: TOTAL LIGHT/LÉGER | B40: 341898.19 | C40: 358726.47 | D40: 360038.46 | E40: 347092.94 | F40: 327340.43 | G40: 340361.98 | H40: 351863.58 | I40: 346412.5 | J40: 341471.69 | K40: 345745.77 | L40: 383908.04 | M40: 360541.58 | N40: 350311.75
A41: CONV. HEAVY/LOURD CLASS. | B41: 64200.31 | C41: 65762.607 | D41: 67568.81 | E41: 69711.843 | F41: 69126.565 | G41: 69006.293 | H41: 68992.6 | I41: 69662.59 | J41: 70454.98 | K41: 69578.881 | L41: 68971.35 | M41: 67311.577 | N41: 68356.153
A42: AB NON-UPGRADED BITUMEN / BITUME NON VALORISÉ-AB2 | B42: 297464.85 | C42: 310814.95 | D42: 310871.87 | E42: 305544.24 | F42: 295477.09 | G42: 296988.21 | H42: 323753.23 | I42: 334304.35 | J42: 347539.83 | K42: 341743.55 | L42: 323903.77 | M42: 317067.82 | N42: 317153.67
A43: TOTAL HEAVY/LOURD | B43: 361665.15 | C43: 376577.55 | D43: 378440.68 | E43: 375256.09 | F43: 364603.65 | G43: 365994.5 | H43: 392745.83 | I43: 403966.94 | J43: 417994.81 | K43: 411322.43 | L43: 392875.12 | M43: 384379.4 | N43: 385509.83
A44: TOTAL WESTERN CANADA/ OUEST CANADIEN | B44: 703563.35 | C44: 735304.03 | D44: 738479.15 | E44: 722349.02 | F44: 691944.08 | G44: 706356.48 | H44: 744609.42 | I44: 750379.43 | J44: 759466.49 | K44: 757068.2 | L44: 776783.16 | M44: 744920.98 | N44: 735821.58
A45: TOTAL EASTERN CANADA/ EST CANADIEN | B45: 37551.61 | C45: 38815.107 | D45: 39972.858 | E45: 39143.707 | F45: 38973.355 | G45: 38906.8 | H45: 38176.935 | I45: 36630.419 | J45: 27815.767 | K45: 29079.935 | L45: 38650.867 | M45: 37830.419 | N45: 36788.811
A46: TOTAL CANADA | B46: 741114.96 | C46: 774119.14 | D46: 778452 | E46: 761492.73 | F46: 730917.43 | G46: 745263.28 | H46: 782786.35 | I46: 787009.85 | J46: 787282.26 | K46: 786148.14 | L46: 815434.03 | M46: 782751.4 | N46: 772610.39
A48: NOTES:
A49: Figures in black print are actual production data from reporting agencies.
A50: Forecasted values are no longer available in this publication. For the latest projections of crude oil and natural gas production in Canada please visit the CERs Energy Futures page.
A51: 1 As per AER -ST3, includes in situ bitumen that is upgraded to SCO
A52: 2 As per AER -ST3, excludes in situ produced bitumen that is upgraded to SCO
A54: Les chiffres en noir représentent les données de production réelles obtenues auprès d'organismes présentant des rapports.
A55: Les valeurs prévues ne sont plus disponibles dans cette publication. Pour connaître les dernières projections relatives à la production de pétrole brut et de gaz naturel au Canada, consultez la page principale d’Avenir énergétique du Canada
A56: 1 Comprend la production de pétrole brut synthétique et de distillats.
A57: 2 Bitume in situ, sauf les quantités transformées en pétrole brut synthétique par valorisation.

Sheet 22TABLE - barrels per day
A2: 45033 | H2: 2022 ESTIMATED PRODUCTION OF CANADIAN CRUDE OIL AND EQUIVALENT (b/d)
H3: PRODUCTION ESTIMATIVE DE PÉTROLE BRUT ET D'ÉQUIVALENTS AU CANADA EN 2022 (b/j)
N4: ='22TABLE - cubic meters per day'!N4
B5: Jan/janv. | C5: Feb/fév. | D5: Mar/mars | E5: Apr/avr. | F5: May/mai | G5: June/juin | H5: July/juil. | I5: Aug/août | J5: Sep/sept. | K5: Oct/oct. | L5: Nov/nov. | M5: Dec/déc. | N5: Avg/moyenne
A6: CONV. LIGHT CRUDE OIL/
A7: PÉTROLE BRUT LÉGER CLASS.
A8: AB | B8: ='22TABLE - cubic meters per day'!B8*6.2898 | C8: ='22TABLE - cubic meters per day'!C8*6.2898 | D8: ='22TABLE - cubic meters per day'!D8*6.2898 | E8: ='22TABLE - cubic meters per day'!E8*6.2898 | F8: ='22TABLE - cubic meters per day'!F8*6.2898 | G8: ='22TABLE - cubic meters per day'!G8*6.2898 | H8: ='22TABLE - cubic meters per day'!H8*6.2898 | I8: ='22TABLE - cubic meters per day'!I8*6.2898 | ... N8: ='22TABLE - cubic meters per day'!N8*6.2898
A9: BC | B9: ='22TABLE - cubic meters per day'!B9*6.2898 | C9: ='22TABLE - cubic meters per day'!C9*6.2898 | D9: ='22TABLE - cubic meters per day'!D9*6.2898 | E9: ='22TABLE - cubic meters per day'!E9*6.2898 | F9: ='22TABLE - cubic meters per day'!F9*6.2898 | G9: ='22TABLE - cubic meters per day'!G9*6.2898 | H9: ='22TABLE - cubic meters per day'!H9*6.2898 | I9: ='22TABLE - cubic meters per day'!I9*6.2898 | ... N9: ='22TABLE - cubic meters per day'!N9*6.2898
A10: SK | B10: ='22TABLE - cubic meters per day'!B10*6.2898 | C10: ='22TABLE - cubic meters per day'!C10*6.2898 | D10: ='22TABLE - cubic meters per day'!D10*6.2898 | E10: ='22TABLE - cubic meters per day'!E10*6.2898 | F10: ='22TABLE - cubic meters per day'!F10*6.2898 | G10: ='22TABLE - cubic meters per day'!G10*6.2898 | H10: ='22TABLE - cubic meters per day'!H10*6.2898 | I10: ='22TABLE - cubic meters per day'!I10*6.2898 | ... N10: ='22TABLE - cubic meters per day'!N10*6.2898
A11: MB | B11: ='22TABLE - cubic meters per day'!B11*6.2898 | C11: ='22TABLE - cubic meters per day'!C11*6.2898 | D11: ='22TABLE - cubic meters per day'!D11*6.2898 | E11: ='22TABLE - cubic meters per day'!E11*6.2898 | F11: ='22TABLE - cubic meters per day'!F11*6.2898 | G11: ='22TABLE - cubic meters per day'!G11*6.2898 | H11: ='22TABLE - cubic meters per day'!H11*6.2898 | I11: ='22TABLE - cubic meters per day'!I11*6.2898 | ... N11: ='22TABLE - cubic meters per day'!N11*6.2898
A12: NWT/NT | B12: ='22TABLE - cubic meters per day'!B12*6.2898 | C12: ='22TABLE - cubic meters per day'!C12*6.2898 | D12: ='22TABLE - cubic meters per day'!D12*6.2898 | E12: ='22TABLE - cubic meters per day'!E12*6.2898 | F12: ='22TABLE - cubic meters per day'!F12*6.2898 | G12: ='22TABLE - cubic meters per day'!G12*6.2898 | H12: ='22TABLE - cubic meters per day'!H12*6.2898 | I12: ='22TABLE - cubic meters per day'!I12*6.2898 | ... N12: ='22TABLE - cubic meters per day'!N12*6.2898
A13: NF/NL | B13: ='22TABLE - cubic meters per day'!B13*6.2898 | C13: ='22TABLE - cubic meters per day'!C13*6.2898 | D13: ='22TABLE - cubic meters per day'!D13*6.2898 | E13: ='22TABLE - cubic meters per day'!E13*6.2898 | F13: ='22TABLE - cubic meters per day'!F13*6.2898 | G13: ='22TABLE - cubic meters per day'!G13*6.2898 | H13: ='22TABLE - cubic meters per day'!H13*6.2898 | I13: ='22TABLE - cubic meters per day'!I13*6.2898 | ... N13: ='22TABLE - cubic meters per day'!N13*6.2898
A14: NB | B14: ='22TABLE - cubic meters per day'!B14*6.2898 | C14: ='22TABLE - cubic meters per day'!C14*6.2898 | D14: ='22TABLE - cubic meters per day'!D14*6.2898 | E14: ='22TABLE - cubic meters per day'!E14*6.2898 | F14: ='22TABLE - cubic meters per day'!F14*6.2898 | G14: ='22TABLE - cubic meters per day'!G14*6.2898 | H14: ='22TABLE - cubic meters per day'!H14*6.2898 | I14: ='22TABLE - cubic meters per day'!I14*6.2898 | ... N14: ='22TABLE - cubic meters per day'!N14*6.2898
A15: ON | B15: ='22TABLE - cubic meters per day'!B15*6.2898 | C15: ='22TABLE - cubic meters per day'!C15*6.2898 | D15: ='22TABLE - cubic meters per day'!D15*6.2898 | E15: ='22TABLE - cubic meters per day'!E15*6.2898 | F15: ='22TABLE - cubic meters per day'!F15*6.2898 | G15: ='22TABLE - cubic meters per day'!G15*6.2898 | H15: ='22TABLE - cubic meters per day'!H15*6.2898 | I15: ='22TABLE - cubic meters per day'!I15*6.2898 | ... N15: ='22TABLE - cubic meters per day'!N15*6.2898
A16: SUB TOTAL/SOUS-TOTAL | B16: ='22TABLE - cubic meters per day'!B16*6.2898 | C16: ='22TABLE - cubic meters per day'!C16*6.2898 | D16: ='22TABLE - cubic meters per day'!D16*6.2898 | E16: ='22TABLE - cubic meters per day'!E16*6.2898 | F16: ='22TABLE - cubic meters per day'!F16*6.2898 | G16: ='22TABLE - cubic meters per day'!G16*6.2898 | H16: ='22TABLE - cubic meters per day'!H16*6.2898 | I16: ='22TABLE - cubic meters per day'!I16*6.2898 | ... N16: ='22TABLE - cubic meters per day'!N16*6.2898
A17: AB UPGRADED BITUMEN/ BITUME VALORISÉ-AB1
A18: SUB TOTAL/SOUS-TOTAL | B18: ='22TABLE - cubic meters per day'!B18*6.2898 | C18: ='22TABLE - cubic meters per day'!C18*6.2898 | D18: ='22TABLE - cubic meters per day'!D18*6.2898 | E18: ='22TABLE - cubic meters per day'!E18*6.2898 | F18: ='22TABLE - cubic meters per day'!F18*6.2898 | G18: ='22TABLE - cubic meters per day'!G18*6.2898 | H18: ='22TABLE - cubic meters per day'!H18*6.2898 | I18: ='22TABLE - cubic meters per day'!I18*6.2898 | ... N18: ='22TABLE - cubic meters per day'!N18*6.2898
A19: C5+ / CONDENSATE/C5+/CONDENSATS
A20: AB | B20: ='22TABLE - cubic meters per day'!B20*6.2898 | C20: ='22TABLE - cubic meters per day'!C20*6.2898 | D20: ='22TABLE - cubic meters per day'!D20*6.2898 | E20: ='22TABLE - cubic meters per day'!E20*6.2898 | F20: ='22TABLE - cubic meters per day'!F20*6.2898 | G20: ='22TABLE - cubic meters per day'!G20*6.2898 | H20: ='22TABLE - cubic meters per day'!H20*6.2898 | I20: ='22TABLE - cubic meters per day'!I20*6.2898 | ... N20: ='22TABLE - cubic meters per day'!N20*6.2898
A21: BC | B21: ='22TABLE - cubic meters per day'!B21*6.2898 | C21: ='22TABLE - cubic meters per day'!C21*6.2898 | D21: ='22TABLE - cubic meters per day'!D21*6.2898 | E21: ='22TABLE - cubic meters per day'!E21*6.2898 | F21: ='22TABLE - cubic meters per day'!F21*6.2898 | G21: ='22TABLE - cubic meters per day'!G21*6.2898 | H21: ='22TABLE - cubic meters per day'!H21*6.2898 | I21: ='22TABLE - cubic meters per day'!I21*6.2898 | ... N21: ='22TABLE - cubic meters per day'!N21*6.2898
A22: SK2 | B22: ='22TABLE - cubic meters per day'!B22*6.2898 | C22: ='22TABLE - cubic meters per day'!C22*6.2898 | D22: ='22TABLE - cubic meters per day'!D22*6.2898 | E22: ='22TABLE - cubic meters per day'!E22*6.2898 | F22: ='22TABLE - cubic meters per day'!F22*6.2898 | G22: ='22TABLE - cubic meters per day'!G22*6.2898 | H22: ='22TABLE - cubic meters per day'!H22*6.2898 | I22: ='22TABLE - cubic meters per day'!I22*6.2898 | ... N22: ='22TABLE - cubic meters per day'!N22*6.2898
A23: SUB TOTAL/SOUS-TOTAL | B23: ='22TABLE - cubic meters per day'!B23*6.2898 | C23: ='22TABLE - cubic meters per day'!C23*6.2898 | D23: ='22TABLE - cubic meters per day'!D23*6.2898 | E23: ='22TABLE - cubic meters per day'!E23*6.2898 | F23: ='22TABLE - cubic meters per day'!F23*6.2898 | G23: ='22TABLE - cubic meters per day'!G23*6.2898 | H23: ='22TABLE - cubic meters per day'!H23*6.2898 | I23: ='22TABLE - cubic meters per day'!I23*6.2898 | ... N23: ='22TABLE - cubic meters per day'!N23*6.2898
A24: TOTAL LIGHT/LÉGER | B24: ='22TABLE - cubic meters per day'!B24*6.2898 | C24: ='22TABLE - cubic meters per day'!C24*6.2898 | D24: ='22TABLE - cubic meters per day'!D24*6.2898 | E24: ='22TABLE - cubic meters per day'!E24*6.2898 | F24: ='22TABLE - cubic meters per day'!F24*6.2898 | G24: ='22TABLE - cubic meters per day'!G24*6.2898 | H24: ='22TABLE - cubic meters per day'!H24*6.2898 | I24: ='22TABLE - cubic meters per day'!I24*6.2898 | ... N24: ='22TABLE - cubic meters per day'!N24*6.2898
A25: HEAVY CRUDE OIL/ PÉTROLE BRUT LOURD
A26: AB CONV./CLASS.-AB | B26: ='22TABLE - cubic meters per day'!B26*6.2898 | C26: ='22TABLE - cubic meters per day'!C26*6.2898 | D26: ='22TABLE - cubic meters per day'!D26*6.2898 | E26: ='22TABLE - cubic meters per day'!E26*6.2898 | F26: ='22TABLE - cubic meters per day'!F26*6.2898 | G26: ='22TABLE - cubic meters per day'!G26*6.2898 | H26: ='22TABLE - cubic meters per day'!H26*6.2898 | I26: ='22TABLE - cubic meters per day'!I26*6.2898 | ... N26: ='22TABLE - cubic meters per day'!N26*6.2898
A27: AB NON-UPGRADED BITUMEN / BITUME NON VALORISÉ-AB2 | B27: ='22TABLE - cubic meters per day'!B27*6.2898 | C27: ='22TABLE - cubic meters per day'!C27*6.2898 | D27: ='22TABLE - cubic meters per day'!D27*6.2898 | E27: ='22TABLE - cubic meters per day'!E27*6.2898 | F27: ='22TABLE - cubic meters per day'!F27*6.2898 | G27: ='22TABLE - cubic meters per day'!G27*6.2898 | H27: ='22TABLE - cubic meters per day'!H27*6.2898 | I27: ='22TABLE - cubic meters per day'!I27*6.2898 | ... N27: ='22TABLE - cubic meters per day'!N27*6.2898
A28: AB SUB TOTAL/SOUS-TOTAL -AB | B28: ='22TABLE - cubic meters per day'!B28*6.2898 | C28: ='22TABLE - cubic meters per day'!C28*6.2898 | D28: ='22TABLE - cubic meters per day'!D28*6.2898 | E28: ='22TABLE - cubic meters per day'!E28*6.2898 | F28: ='22TABLE - cubic meters per day'!F28*6.2898 | G28: ='22TABLE - cubic meters per day'!G28*6.2898 | H28: ='22TABLE - cubic meters per day'!H28*6.2898 | I28: ='22TABLE - cubic meters per day'!I28*6.2898 | ... N28: ='22TABLE - cubic meters per day'!N28*6.2898
A29: SK CONV./CLASS.-SK | B29: ='22TABLE - cubic meters per day'!B29*6.2898 | C29: ='22TABLE - cubic meters per day'!C29*6.2898 | D29: ='22TABLE - cubic meters per day'!D29*6.2898 | E29: ='22TABLE - cubic meters per day'!E29*6.2898 | F29: ='22TABLE - cubic meters per day'!F29*6.2898 | G29: ='22TABLE - cubic meters per day'!G29*6.2898 | H29: ='22TABLE - cubic meters per day'!H29*6.2898 | I29: ='22TABLE - cubic meters per day'!I29*6.2898 | ... N29: ='22TABLE - cubic meters per day'!N29*6.2898
A30: NL CONV | B30: ='22TABLE - cubic meters per day'!B30*6.2898 | C30: ='22TABLE - cubic meters per day'!C30*6.2898 | D30: ='22TABLE - cubic meters per day'!D30*6.2898 | E30: ='22TABLE - cubic meters per day'!E30*6.2898 | F30: ='22TABLE - cubic meters per day'!F30*6.2898 | G30: ='22TABLE - cubic meters per day'!G30*6.2898 | H30: ='22TABLE - cubic meters per day'!H30*6.2898 | I30: ='22TABLE - cubic meters per day'!I30*6.2898 | ... N30: ='22TABLE - cubic meters per day'!N30*6.2898
A31: TOTAL HEAVY/LOURD3 | B31: ='22TABLE - cubic meters per day'!B31*6.2898 | C31: ='22TABLE - cubic meters per day'!C31*6.2898 | D31: ='22TABLE - cubic meters per day'!D31*6.2898 | E31: ='22TABLE - cubic meters per day'!E31*6.2898 | F31: ='22TABLE - cubic meters per day'!F31*6.2898 | G31: ='22TABLE - cubic meters per day'!G31*6.2898 | H31: ='22TABLE - cubic meters per day'!H31*6.2898 | I31: ='22TABLE - cubic meters per day'!I31*6.2898 | ... N31: ='22TABLE - cubic meters per day'!N31*6.2898
A32: TOTAL PRODUCTION | B32: ='22TABLE - cubic meters per day'!B32*6.2898 | C32: ='22TABLE - cubic meters per day'!C32*6.2898 | D32: ='22TABLE - cubic meters per day'!D32*6.2898 | E32: ='22TABLE - cubic meters per day'!E32*6.2898 | F32: ='22TABLE - cubic meters per day'!F32*6.2898 | G32: ='22TABLE - cubic meters per day'!G32*6.2898 | H32: ='22TABLE - cubic meters per day'!H32*6.2898 | I32: ='22TABLE - cubic meters per day'!I32*6.2898 | ... N32: ='22TABLE - cubic meters per day'!N32*6.2898
H35: ESTIMATED PRODUCTION BY REGION
A36: WESTERN CANADA/OUEST CANADIEN
A37: CONV. LIGHT/LÉGER CLASS. | B37: ='22TABLE - cubic meters per day'!B37*6.2898 | C37: ='22TABLE - cubic meters per day'!C37*6.2898 | D37: ='22TABLE - cubic meters per day'!D37*6.2898 | E37: ='22TABLE - cubic meters per day'!E37*6.2898 | F37: ='22TABLE - cubic meters per day'!F37*6.2898 | G37: ='22TABLE - cubic meters per day'!G37*6.2898 | H37: ='22TABLE - cubic meters per day'!H37*6.2898 | I37: ='22TABLE - cubic meters per day'!I37*6.2898 | ... M37: ='22TABLE - cubic meters per day'!M37*6.2898 | N37: =AVERAGE(B37:M37)
A38: AB UPGRADED BITUMEN/ BITUME VALORISÉ-AB 1 | B38: ='22TABLE - cubic meters per day'!B38*6.2898 | C38: ='22TABLE - cubic meters per day'!C38*6.2898 | D38: ='22TABLE - cubic meters per day'!D38*6.2898 | E38: ='22TABLE - cubic meters per day'!E38*6.2898 | F38: ='22TABLE - cubic meters per day'!F38*6.2898 | G38: ='22TABLE - cubic meters per day'!G38*6.2898 | H38: ='22TABLE - cubic meters per day'!H38*6.2898 | I38: ='22TABLE - cubic meters per day'!I38*6.2898 | ... M38: ='22TABLE - cubic meters per day'!M38*6.2898 | N38: =AVERAGE(B38:M38)
A39: PENTANES PLUS | B39: ='22TABLE - cubic meters per day'!B39*6.2898 | C39: ='22TABLE - cubic meters per day'!C39*6.2898 | D39: ='22TABLE - cubic meters per day'!D39*6.2898 | E39: ='22TABLE - cubic meters per day'!E39*6.2898 | F39: ='22TABLE - cubic meters per day'!F39*6.2898 | G39: ='22TABLE - cubic meters per day'!G39*6.2898 | H39: ='22TABLE - cubic meters per day'!H39*6.2898 | I39: ='22TABLE - cubic meters per day'!I39*6.2898 | ... M39: ='22TABLE - cubic meters per day'!M39*6.2898 | N39: =AVERAGE(B39:M39)
A40: TOTAL LIGHT/LÉGER | B40: ='22TABLE - cubic meters per day'!B40*6.2898 | C40: ='22TABLE - cubic meters per day'!C40*6.2898 | D40: ='22TABLE - cubic meters per day'!D40*6.2898 | E40: ='22TABLE - cubic meters per day'!E40*6.2898 | F40: ='22TABLE - cubic meters per day'!F40*6.2898 | G40: ='22TABLE - cubic meters per day'!G40*6.2898 | H40: ='22TABLE - cubic meters per day'!H40*6.2898 | I40: ='22TABLE - cubic meters per day'!I40*6.2898 | ... M40: ='22TABLE - cubic meters per day'!M40*6.2898 | N40: =AVERAGE(B40:M40)
A41: CONV. HEAVY/LOURD CLASS. | B41: ='22TABLE - cubic meters per day'!B41*6.2898 | C41: ='22TABLE - cubic meters per day'!C41*6.2898 | D41: ='22TABLE - cubic meters per day'!D41*6.2898 | E41: ='22TABLE - cubic meters per day'!E41*6.2898 | F41: ='22TABLE - cubic meters per day'!F41*6.2898 | G41: ='22TABLE - cubic meters per day'!G41*6.2898 | H41: ='22TABLE - cubic meters per day'!H41*6.2898 | I41: ='22TABLE - cubic meters per day'!I41*6.2898 | ... M41: ='22TABLE - cubic meters per day'!M41*6.2898 | N41: =AVERAGE(B41:M41)
A42: AB NON-UPGRADED BITUMEN / BITUME NON VALORISÉ-AB2 | B42: ='22TABLE - cubic meters per day'!B42*6.2898 | C42: ='22TABLE - cubic meters per day'!C42*6.2898 | D42: ='22TABLE - cubic meters per day'!D42*6.2898 | E42: ='22TABLE - cubic meters per day'!E42*6.2898 | F42: ='22TABLE - cubic meters per day'!F42*6.2898 | G42: ='22TABLE - cubic meters per day'!G42*6.2898 | H42: ='22TABLE - cubic meters per day'!H42*6.2898 | I42: ='22TABLE - cubic meters per day'!I42*6.2898 | ... M42: ='22TABLE - cubic meters per day'!M42*6.2898 | N42: =AVERAGE(B42:M42)
A43: TOTAL HEAVY/LOURD | B43: ='22TABLE - cubic meters per day'!B43*6.2898 | C43: ='22TABLE - cubic meters per day'!C43*6.2898 | D43: ='22TABLE - cubic meters per day'!D43*6.2898 | E43: ='22TABLE - cubic meters per day'!E43*6.2898 | F43: ='22TABLE - cubic meters per day'!F43*6.2898 | G43: ='22TABLE - cubic meters per day'!G43*6.2898 | H43: ='22TABLE - cubic meters per day'!H43*6.2898 | I43: ='22TABLE - cubic meters per day'!I43*6.2898 | ... M43: ='22TABLE - cubic meters per day'!M43*6.2898 | N43: =AVERAGE(B43:M43)
A44: TOTAL WESTERN CANADA/ OUEST CANADIEN | B44: ='22TABLE - cubic meters per day'!B44*6.2898 | C44: ='22TABLE - cubic meters per day'!C44*6.2898 | D44: ='22TABLE - cubic meters per day'!D44*6.2898 | E44: ='22TABLE - cubic meters per day'!E44*6.2898 | F44: ='22TABLE - cubic meters per day'!F44*6.2898 | G44: ='22TABLE - cubic meters per day'!G44*6.2898 | H44: ='22TABLE - cubic meters per day'!H44*6.2898 | I44: ='22TABLE - cubic meters per day'!I44*6.2898 | ... M44: ='22TABLE - cubic meters per day'!M44*6.2898 | N44: =AVERAGE(B44:M44)
A45: TOTAL EASTERN CANADA/ EST CANADIEN | B45: ='22TABLE - cubic meters per day'!B45*6.2898 | C45: ='22TABLE - cubic meters per day'!C45*6.2898 | D45: ='22TABLE - cubic meters per day'!D45*6.2898 | E45: ='22TABLE - cubic meters per day'!E45*6.2898 | F45: ='22TABLE - cubic meters per day'!F45*6.2898 | G45: ='22TABLE - cubic meters per day'!G45*6.2898 | H45: ='22TABLE - cubic meters per day'!H45*6.2898 | I45: ='22TABLE - cubic meters per day'!I45*6.2898 | ... M45: ='22TABLE - cubic meters per day'!M45*6.2898 | N45: =AVERAGE(B45:M45)
A46: TOTAL CANADA | B46: =SUM(B45,B44) | C46: =SUM(C45,C44) | D46: =SUM(D45,D44) | E46: =SUM(E45,E44) | F46: =SUM(F45,F44) | G46: =SUM(G45,G44) | H46: =SUM(H45,H44) | I46: =SUM(I45,I44) | ... M46: =SUM(M45,M44) | N46: =AVERAGE(B46:M46)
A48: NOTES:
A49: Figures in black print are actual production data from reporting agencies.
A50: Forecasted values are no longer available in this publication. For the latest projections of crude oil and natural gas production in Canada please visit the CERs Energy Futures page.
A51: 1 As per AER -ST3, includes in situ bitumen that is upgraded to SCO
A52: 2 As per AER -ST3, excludes in situ produced bitumen that is upgraded to SCO
A54: Les chiffres en noir représentent les données de production réelles obtenues auprès d'organismes présentant des rapports.
A55: Les valeurs prévues ne sont plus disponibles dans cette publication. Pour connaître les dernières projections relatives à la production de pétrole brut et de gaz naturel au Canada, consultez la page principale d’Avenir énergétique du Canada
A56: 1 Comprend la production de pétrole brut synthétique et de distillats.
A57: 2 Bitume in situ, sauf les quantités transformées en pétrole brut synthétique par valorisation.

Sheet 21TABLE - cubic meters per day
A2: 44608 | H2: 2021 ESTIMATED PRODUCTION OF CANADIAN CRUDE OIL AND EQUIVALENT (m3/d)
H3: PRODUCTION ESTIMATIVE DE PÉTROLE BRUT ET D'ÉQUIVALENTS AU CANADA EN 2021 (M³/J)
N4: 2021
B5: Jan/janv. | C5: Feb/fév. | D5: Mar/mars | E5: Apr/avr. | F5: May/mai | G5: June/juin | H5: July/juil. | I5: Aug/août | J5: Sep/sept. | K5: Oct/oct. | L5: Nov/nov. | M5: Dec/déc. | N5: Avg/moyenne
A6: CONV. LIGHT CRUDE OIL/
A7: PÉTROLE BRUT LÉGER CLASS.
A8: AB | B8: 49640.842 | C8: 48013.767 | D8: 51124.579 | E8: 52106.327 | F8: 50258.439 | G8: 48955.761 | H8: 50098.147 | I8: 52145.503 | J8: 52017.299 | K8: 54262.066 | L8: 55020.869 | M8: 54193.204 | N8: =AVERAGEIF(B8:M8,"<>0")
A9: BC | B9: 2074.9968 | C9: 1969.3821 | D9: 1989.0935 | E9: 1986.8233 | F9: 1928.8129 | G9: 1870.6367 | H9: 1591.1355 | I9: 1667.4194 | J9: 1742.78 | K9: 1884.529 | L9: 1769.7767 | M9: 1775.5419 | N9: =AVERAGEIF(B9:M9,"<>0")
A10: SK | B10: 24672.932 | C10: 24534.354 | D10: 26390.1 | E10: 26073.68 | F10: 25160.081 | G10: 24081.143 | H10: 24044.623 | I10: 24443.232 | J10: 24732.043 | K10: 25291.606 | L10: 25288.567 | M10: 24405.01 | N10: =AVERAGEIF(B10:M10,"<>0")
A11: MB | B11: 5670.5258 | C11: 5268.8571 | D11: 6034.2581 | E11: 5978.3767 | F11: 5819.6903 | G11: 5736.1567 | H11: 5547.8613 | I11: 5608.1613 | J11: 6008.68 | K11: 6063.0226 | L11: 6171.12 | M11: 6155.6484 | N11: =AVERAGEIF(B11:M11,"<>0")
A12: NWT/NT | B12: 989.2 | C12: 953.28214 | D12: 1009.3903 | E12: 1041.3 | F12: 1055.3484 | G12: 1025.2933 | H12: 250.1871 | I12: 170.80968 | J12: 1043.7433 | K12: 1084.2323 | L12: 1060.5167 | M12: 980.48065 | N12: =AVERAGEIF(B12:M12,"<>0")
A13: NF/NL | B13: 21774.871 | C13: 21187.857 | D13: 20747.161 | E13: 19470.467 | F13: 20482.774 | G13: 20750.6 | H13: 19240.903 | I13: 19681.065 | J13: 18223.3 | K13: 14689.032 | L13: 15361.833 | M13: 15694.516 | N13: =AVERAGEIF(B13:M13,"<>0")
A14: NB | B14: 2.4741935 | C14: 1.5964286 | D14: 0.70322581 | E14: 0.94666667 | F14: 0.029032258 | G14: 2.1633333 | H14: 0.6516129 | I14: 2.0129032 | J14: 4.7233333 | K14: 3.1741935 | L14: 7.4333333 | M14: 3.9 | N14: =AVERAGEIF(B14:M14,"<>0")
A15: ON | B15: 82.225806 | C15: 82.607143 | D15: 80.064516 | E15: 82.8 | F15: 82.612903 | G15: 82.4 | H15: 83.032258 | I15: 84.096774 | J15: 83.466667 | K15: 83.677419 | L15: 83.166667 | M15: 81.806452 | N15: =AVERAGEIF(B15:M15,"<>0")
A16: SUB TOTAL/SOUS-TOTAL | B16: =SUM(B8:B15) | C16: =SUM(C8:C15) | D16: =SUM(D8:D15) | E16: =SUM(E8:E15) | F16: =SUM(F8:F15) | G16: =SUM(G8:G15) | H16: =SUM(H8:H15) | I16: =SUM(I8:I15) | ... M16: =SUM(M8:M15) | N16: =AVERAGEIF(B16:M16,"<>0")
A17: AB UPGRADED BITUMEN/ BITUME VALORISÉ-AB1
A18: SUB TOTAL/SOUS-TOTAL | B18: 211528.13 | C18: 204723.36 | D18: 188685.34 | E18: 132050.4 | F18: 168137.84 | G18: 189456.85 | H18: 199077.52 | I18: 174247.58 | J18: 173631.87 | K18: 209111.89 | L18: 206193.02 | M18: 195522.18 | N18: =AVERAGEIF(B18:M18,"<>0")
A19: C5+ / CONDENSATE/C5+/CONDENSATS
A20: AB | B20: 52729.262 | C20: 51640.156 | D20: 55623.241 | E20: 56424.891 | F20: 55111.046 | G20: 52806.707 | H20: 55287.361 | I20: 55701.271 | J20: 53866.281 | K20: 55631.535 | L20: 56177.531 | M20: 53328.969 | N20: =AVERAGEIF(B20:M20,"<>0")
A21: BC | B21: 15687.813 | C21: 15612.596 | D21: 15826.99 | E21: 15912.197 | F21: 16169.906 | G21: 15756.01 | H21: 15544.816 | I21: 15453.2 | J21: 15312.257 | K21: 14745.281 | L21: 17138.487 | M21: 16908.861 | N21: =AVERAGEIF(B21:M21,"<>0")
A22: SK | B22: 558.67 | C22: 558.67 | D22: 558.67 | E22: 558.67 | F22: 558.67 | G22: 558.67 | H22: 558.67 | I22: 558.67 | J22: 558.67 | K22: 558.67 | L22: 558.67 | M22: 558.67 | N22: =AVERAGEIF(B22:M22,"<>0")
A23: SUB TOTAL/SOUS-TOTAL | B23: =SUM(B20:B22) | C23: =SUM(C20:C22) | D23: =SUM(D20:D22) | E23: =SUM(E20:E22) | F23: =SUM(F20:F22) | G23: =SUM(G20:G22) | H23: =SUM(H20:H22) | I23: =SUM(I20:I22) | ... M23: =SUM(M20:M22) | N23: =AVERAGEIF(B23:M23,"<>0")
A24: TOTAL LIGHT/LÉGER | B24: =SUM(B23,B16,B18) | C24: =SUM(C23,C16,C18) | D24: =SUM(D23,D16,D18) | E24: =SUM(E23,E16,E18) | F24: =SUM(F23,F16,F18) | G24: =SUM(G23,G16,G18) | H24: =SUM(H23,H16,H18) | I24: =SUM(I23,I16,I18) | ... M24: =SUM(M23,M16,M18) | N24: =AVERAGEIF(B24:M24,"<>0")
A25: HEAVY CRUDE OIL/ PÉTROLE BRUT LOURD
A26: AB CONV./CLASS.-AB | B26: 16818.036 | C26: 16648.165 | D26: 17074.758 | E26: 17798.84 | F26: 17872.945 | G26: 17794.006 | H26: 18074.849 | I26: 18466.67 | J26: 18239.39 | K26: 18464.2 | L26: 18664.03 | M26: 18450.023 | N26: =AVERAGEIF(B26:M26,"<>0")
A27: AB NON-UPGRADED BITUMEN / BITUME NON VALORISÉ-AB2 | B27: 304970.32 | C27: 287935.43 | D27: 308547.65 | E27: 312446.73 | F27: 283966.42 | G27: 303523.17 | H27: 302223.45 | I27: 315969.23 | J27: 307296.03 | K27: 316066.74 | L27: 319923.73 | M27: 300681.87 | N27: =AVERAGEIF(B27:M27,"<>0")
A28: AB SUB TOTAL/SOUS-TOTAL -AB | B28: =SUM(B26:B27) | C28: =SUM(C26:C27) | D28: =SUM(D26:D27) | E28: =SUM(E26:E27) | F28: =SUM(F26:F27) | G28: =SUM(G26:G27) | H28: =SUM(H26:H27) | I28: =SUM(I26:I27) | ... M28: =SUM(M26:M27) | N28: =AVERAGEIF(B28:M28,"<>0")
A29: SK CONV./CLASS.-SK | B29: 43777.929 | C29: 43470.304 | D29: 45355.552 | E29: 45718.217 | F29: 45375.532 | G29: 45313.62 | H29: 45927.726 | I29: 46161.216 | J29: 46052.787 | K29: 46674.742 | L29: 46621.06 | M29: 46597.326 | N29: =AVERAGEIF(B29:M29,"<>0")
A30: NL CONV | B30: 24040.097 | C30: 19015.536 | D30: 24335 | E30: 22509.767 | F30: 21621.484 | G30: 25177.033 | H30: 23752.903 | I30: 21208.806 | J30: 20477.733 | K30: 20882.097 | L30: 19877.8 | M30: 21111.903 | N30: =AVERAGE(B30:M30)
A31: TOTAL HEAVY/LOURD3 | B31: =SUM(B28:B30) | C31: =SUM(C28:C30) | D31: =SUM(D28:D30) | E31: =SUM(E28:E30) | F31: =SUM(F28:F30) | G31: =SUM(G28:G30) | H31: =SUM(H28:H30) | I31: =SUM(I28:I30) | ... M31: =SUM(M28:M30) | N31: =AVERAGE(B31:M31)
A32: TOTAL PRODUCTION | B32: =SUM(B31,B24) | C32: =SUM(C31,C24) | D32: =SUM(D31,D24) | E32: =SUM(E31,E24) | F32: =SUM(F31,F24) | G32: =SUM(G31,G24) | H32: =SUM(H31,H24) | I32: =SUM(I31,I24) | ... M32: =SUM(M31,M24) | N32: =AVERAGE(B32:M32)
H35: ESTIMATED PRODUCTION BY REGION
A36: WESTERN CANADA/OUEST CANADIEN
A37: CONV. LIGHT/LÉGER CLASS. | B37: =SUM(B8:B12,) | C37: =SUM(C8:C12,) | D37: =SUM(D8:D12,) | E37: =SUM(E8:E12,) | F37: =SUM(F8:F12,) | G37: =SUM(G8:G12,) | H37: =SUM(H8:H12,) | I37: =SUM(I8:I12,) | ... M37: =SUM(M8:M12,) | N37: 85019.01
A38: AB UPGRADED BITUMEN/ BITUME VALORISÉ-AB 1 | B38: =B18 | C38: =C18 | D38: =D18 | E38: =E18 | F38: =F18 | G38: =G18 | H38: =H18 | I38: =I18 | ... M38: =M18 | N38: 187692.72
A39: PENTANES PLUS | B39: =B23 | C39: =C23 | D39: =D23 | E39: =E23 | F39: =F23 | G39: =G23 | H39: =H23 | I39: =I23 | ... M39: =M23 | N39: 70945.366
A40: TOTAL LIGHT/LÉGER | B40: =SUM(B37:B39) | C40: =SUM(C37:C39) | D40: =SUM(D37:D39) | E40: =SUM(E37:E39) | F40: =SUM(F37:F39) | G40: =SUM(G37:G39) | H40: =SUM(H37:H39) | I40: =SUM(I37:I39) | ... M40: =SUM(M37:M39) | N40: 343657.1
A41: CONV. HEAVY/LOURD CLASS. | B41: =SUM(B26,B29) | C41: =SUM(C26,C29) | D41: =SUM(D26,D29) | E41: =SUM(E26,E29) | F41: =SUM(F26,F29) | G41: =SUM(G26,G29) | H41: =SUM(H26,H29) | I41: =SUM(I26,I29) | ... M41: =SUM(M26,M29) | N41: 63471.814
A42: AB NON-UPGRADED BITUMEN / BITUME NON VALORISÉ-AB2 | B42: =B27 | C42: =C27 | D42: =D27 | E42: =E27 | F42: =F27 | G42: =G27 | H42: =H27 | I42: =I27 | ... M42: =M27 | N42: 305378.3
A43: TOTAL HEAVY/LOURD | B43: =SUM(B41:B42) | C43: =SUM(C41:C42) | D43: =SUM(D41:D42) | E43: =SUM(E41:E42) | F43: =SUM(F41:F42) | G43: =SUM(G41:G42) | H43: =SUM(H41:H42) | I43: =SUM(I41:I42) | ... M43: =SUM(M41:M42) | N43: 368850.11
A44: TOTAL WESTERN CANADA/ OUEST CANADIEN | B44: =SUM(B43,B40) | C44: =SUM(C43,C40) | D44: =SUM(D43,D40) | E44: =SUM(E43,E40) | F44: =SUM(F43,F40) | G44: =SUM(G43,G40) | H44: =SUM(H43,H40) | I44: =SUM(I43,I40) | ... M44: =SUM(M43,M40) | N44: 712507.21
A45: TOTAL EASTERN CANADA/ EST CANADIEN | B45: =SUM(B13:B15,B30) | C45: =SUM(C13:C15,C30) | D45: =SUM(D13:D15,D30) | E45: =SUM(E13:E15,E30) | F45: =SUM(F13:F15,F30) | G45: =SUM(G13:G15,G30) | H45: =SUM(H13:H15,H30) | I45: =SUM(I13:I15,I30) | ... M45: =SUM(M13:M15,M30) | N45: 41039.362
A46: TOTAL CANADA | B46: =SUM(B45,B44) | C46: =SUM(C45,C44) | D46: =SUM(D45,D44) | E46: =SUM(E45,E44) | F46: =SUM(F45,F44) | G46: =SUM(G45,G44) | H46: =SUM(H45,H44) | I46: =SUM(I45,I44) | ... M46: =SUM(M45,M44) | N46: 753546.57
A48: NOTES:
A49: Figures in black print are actual production data from reporting agencies.
A50: Forecasted values are no longer available in this publication. For the latest projections of crude oil and natural gas production in Canada please visit the CERs Energy Futures page.
A51: 1 As per AER -ST3, includes in situ bitumen that is upgraded to SCO
A52: 2 As per AER -ST3, excludes in situ produced bitumen that is upgraded to SCO
A54: Les chiffres en noir représentent les données de production réelles obtenues auprès d'organismes présentant des rapports.
A55: Les valeurs prévues ne sont plus disponibles dans cette publication. Pour connaître les dernières projections relatives à la production de pétrole brut et de gaz naturel au Canada, consultez la page principale d’Avenir énergétique du Canada
A56: 1 Comprend la production de pétrole brut synthétique et de distillats.
A57: 2 Bitume in situ, sauf les quantités transformées en pétrole brut synthétique par valorisation.

Sheet 21TABLE - barrels per day
A2: ='21TABLE - cubic meters per day'!A2 | H2: 2021 ESTIMATED PRODUCTION OF CANADIAN CRUDE OIL AND EQUIVALENT (b/d)
H3: PRODUCTION ESTIMATIVE DE PÉTROLE BRUT ET D'ÉQUIVALENTS AU CANADA EN 2021 (b/j)
N4: ='21TABLE - cubic meters per day'!N4
B5: Jan/janv. | C5: Feb/fév. | D5: Mar/mars | E5: Apr/avr. | F5: May/mai | G5: June/juin | H5: July/juil. | I5: Aug/août | J5: Sep/sept. | K5: Oct/oct. | L5: Nov/nov. | M5: Dec/déc. | N5: Avg/moyenne
A6: CONV. LIGHT CRUDE OIL/
A7: PÉTROLE BRUT LÉGER CLASS.
A8: AB | B8: ='21TABLE - cubic meters per day'!B8*6.2898 | C8: ='21TABLE - cubic meters per day'!C8*6.2898 | D8: ='21TABLE - cubic meters per day'!D8*6.2898 | E8: ='21TABLE - cubic meters per day'!E8*6.2898 | F8: ='21TABLE - cubic meters per day'!F8*6.2898 | G8: ='21TABLE - cubic meters per day'!G8*6.2898 | H8: ='21TABLE - cubic meters per day'!H8*6.2898 | I8: ='21TABLE - cubic meters per day'!I8*6.2898 | ... M8: ='21TABLE - cubic meters per day'!M8*6.2898 | N8: =AVERAGE(B8:M8)
A9: BC | B9: ='21TABLE - cubic meters per day'!B9*6.2898 | C9: ='21TABLE - cubic meters per day'!C9*6.2898 | D9: ='21TABLE - cubic meters per day'!D9*6.2898 | E9: ='21TABLE - cubic meters per day'!E9*6.2898 | F9: ='21TABLE - cubic meters per day'!F9*6.2898 | G9: ='21TABLE - cubic meters per day'!G9*6.2898 | H9: ='21TABLE - cubic meters per day'!H9*6.2898 | I9: ='21TABLE - cubic meters per day'!I9*6.2898 | ... M9: ='21TABLE - cubic meters per day'!M9*6.2898 | N9: =AVERAGE(B9:M9)
A10: SK | B10: ='21TABLE - cubic meters per day'!B10*6.2898 | C10: ='21TABLE - cubic meters per day'!C10*6.2898 | D10: ='21TABLE - cubic meters per day'!D10*6.2898 | E10: ='21TABLE - cubic meters per day'!E10*6.2898 | F10: ='21TABLE - cubic meters per day'!F10*6.2898 | G10: ='21TABLE - cubic meters per day'!G10*6.2898 | H10: ='21TABLE - cubic meters per day'!H10*6.2898 | I10: ='21TABLE - cubic meters per day'!I10*6.2898 | ... M10: ='21TABLE - cubic meters per day'!M10*6.2898 | N10: =AVERAGE(B10:M10)
A11: MB | B11: ='21TABLE - cubic meters per day'!B11*6.2898 | C11: ='21TABLE - cubic meters per day'!C11*6.2898 | D11: ='21TABLE - cubic meters per day'!D11*6.2898 | E11: ='21TABLE - cubic meters per day'!E11*6.2898 | F11: ='21TABLE - cubic meters per day'!F11*6.2898 | G11: ='21TABLE - cubic meters per day'!G11*6.2898 | H11: ='21TABLE - cubic meters per day'!H11*6.2898 | I11: ='21TABLE - cubic meters per day'!I11*6.2898 | ... M11: ='21TABLE - cubic meters per day'!M11*6.2898 | N11: =AVERAGE(B11:M11)
A12: NWT/NT | B12: ='21TABLE - cubic meters per day'!B12*6.2898 | C12: ='21TABLE - cubic meters per day'!C12*6.2898 | D12: ='21TABLE - cubic meters per day'!D12*6.2898 | E12: ='21TABLE - cubic meters per day'!E12*6.2898 | F12: ='21TABLE - cubic meters per day'!F12*6.2898 | G12: ='21TABLE - cubic meters per day'!G12*6.2898 | H12: ='21TABLE - cubic meters per day'!H12*6.2898 | I12: ='21TABLE - cubic meters per day'!I12*6.2898 | ... M12: ='21TABLE - cubic meters per day'!M12*6.2898 | N12: =AVERAGE(B12:M12)
A13: NF/NL | B13: ='21TABLE - cubic meters per day'!B13*6.2898 | C13: ='21TABLE - cubic meters per day'!C13*6.2898 | D13: ='21TABLE - cubic meters per day'!D13*6.2898 | E13: ='21TABLE - cubic meters per day'!E13*6.2898 | F13: ='21TABLE - cubic meters per day'!F13*6.2898 | G13: ='21TABLE - cubic meters per day'!G13*6.2898 | H13: ='21TABLE - cubic meters per day'!H13*6.2898 | I13: ='21TABLE - cubic meters per day'!I13*6.2898 | ... M13: ='21TABLE - cubic meters per day'!M13*6.2898 | N13: =AVERAGE(B13:M13)
A14: NB | B14: ='21TABLE - cubic meters per day'!B14*6.2898 | C14: ='21TABLE - cubic meters per day'!C14*6.2898 | D14: ='21TABLE - cubic meters per day'!D14*6.2898 | E14: ='21TABLE - cubic meters per day'!E14*6.2898 | F14: ='21TABLE - cubic meters per day'!F14*6.2898 | G14: ='21TABLE - cubic meters per day'!G14*6.2898 | H14: ='21TABLE - cubic meters per day'!H14*6.2898 | I14: ='21TABLE - cubic meters per day'!I14*6.2898 | ... M14: ='21TABLE - cubic meters per day'!M14*6.2898 | N14: =AVERAGE(B14:M14)
A15: ON | B15: ='21TABLE - cubic meters per day'!B15*6.2898 | C15: ='21TABLE - cubic meters per day'!C15*6.2898 | D15: ='21TABLE - cubic meters per day'!D15*6.2898 | E15: ='21TABLE - cubic meters per day'!E15*6.2898 | F15: ='21TABLE - cubic meters per day'!F15*6.2898 | G15: ='21TABLE - cubic meters per day'!G15*6.2898 | H15: ='21TABLE - cubic meters per day'!H15*6.2898 | I15: ='21TABLE - cubic meters per day'!I15*6.2898 | ... M15: ='21TABLE - cubic meters per day'!M15*6.2898 | N15: =AVERAGE(B15:M15)
A16: SUB TOTAL/SOUS-TOTAL | B16: ='21TABLE - cubic meters per day'!B16*6.2898 | C16: ='21TABLE - cubic meters per day'!C16*6.2898 | D16: ='21TABLE - cubic meters per day'!D16*6.2898 | E16: ='21TABLE - cubic meters per day'!E16*6.2898 | F16: ='21TABLE - cubic meters per day'!F16*6.2898 | G16: ='21TABLE - cubic meters per day'!G16*6.2898 | H16: ='21TABLE - cubic meters per day'!H16*6.2898 | I16: ='21TABLE - cubic meters per day'!I16*6.2898 | ... M16: ='21TABLE - cubic meters per day'!M16*6.2898 | N16: =AVERAGE(B16:M16)
A17: AB UPGRADED BITUMEN/ BITUME VALORISÉ-AB1
A18: SUB TOTAL/SOUS-TOTAL | B18: ='21TABLE - cubic meters per day'!B18*6.2898 | C18: ='21TABLE - cubic meters per day'!C18*6.2898 | D18: ='21TABLE - cubic meters per day'!D18*6.2898 | E18: ='21TABLE - cubic meters per day'!E18*6.2898 | F18: ='21TABLE - cubic meters per day'!F18*6.2898 | G18: ='21TABLE - cubic meters per day'!G18*6.2898 | H18: ='21TABLE - cubic meters per day'!H18*6.2898 | I18: ='21TABLE - cubic meters per day'!I18*6.2898 | ... M18: ='21TABLE - cubic meters per day'!M18*6.2898 | N18: =AVERAGE(B18:M18)
A19: C5+ / CONDENSATE/C5+/CONDENSATS
A20: AB | B20: ='21TABLE - cubic meters per day'!B20*6.2898 | C20: ='21TABLE - cubic meters per day'!C20*6.2898 | D20: ='21TABLE - cubic meters per day'!D20*6.2898 | E20: ='21TABLE - cubic meters per day'!E20*6.2898 | F20: ='21TABLE - cubic meters per day'!F20*6.2898 | G20: ='21TABLE - cubic meters per day'!G20*6.2898 | H20: ='21TABLE - cubic meters per day'!H20*6.2898 | I20: ='21TABLE - cubic meters per day'!I20*6.2898 | ... M20: ='21TABLE - cubic meters per day'!M20*6.2898 | N20: =AVERAGE(B20:M20)
A21: BC | B21: ='21TABLE - cubic meters per day'!B21*6.2898 | C21: ='21TABLE - cubic meters per day'!C21*6.2898 | D21: ='21TABLE - cubic meters per day'!D21*6.2898 | E21: ='21TABLE - cubic meters per day'!E21*6.2898 | F21: ='21TABLE - cubic meters per day'!F21*6.2898 | G21: ='21TABLE - cubic meters per day'!G21*6.2898 | H21: ='21TABLE - cubic meters per day'!H21*6.2898 | I21: ='21TABLE - cubic meters per day'!I21*6.2898 | ... M21: ='21TABLE - cubic meters per day'!M21*6.2898 | N21: =AVERAGE(B21:M21)
A22: SK2 | B22: ='21TABLE - cubic meters per day'!B22*6.2898 | C22: ='21TABLE - cubic meters per day'!C22*6.2898 | D22: ='21TABLE - cubic meters per day'!D22*6.2898 | E22: ='21TABLE - cubic meters per day'!E22*6.2898 | F22: ='21TABLE - cubic meters per day'!F22*6.2898 | G22: ='21TABLE - cubic meters per day'!G22*6.2898 | H22: ='21TABLE - cubic meters per day'!H22*6.2898 | I22: ='21TABLE - cubic meters per day'!I22*6.2898 | ... M22: ='21TABLE - cubic meters per day'!M22*6.2898 | N22: =AVERAGE(B22:M22)
A23: SUB TOTAL/SOUS-TOTAL | B23: =SUM(B20:B22) | C23: =SUM(C20:C22) | D23: =SUM(D20:D22) | E23: =SUM(E20:E22) | F23: =SUM(F20:F22) | G23: =SUM(G20:G22) | H23: =SUM(H20:H22) | I23: =SUM(I20:I22) | ... M23: =SUM(M20:M22) | N23: =AVERAGE(B23:M23)
A24: TOTAL LIGHT/LÉGER | B24: ='21TABLE - cubic meters per day'!B24*6.2898 | C24: ='21TABLE - cubic meters per day'!C24*6.2898 | D24: ='21TABLE - cubic meters per day'!D24*6.2898 | E24: ='21TABLE - cubic meters per day'!E24*6.2898 | F24: ='21TABLE - cubic meters per day'!F24*6.2898 | G24: ='21TABLE - cubic meters per day'!G24*6.2898 | H24: ='21TABLE - cubic meters per day'!H24*6.2898 | I24: ='21TABLE - cubic meters per day'!I24*6.2898 | ... N24: ='21TABLE - cubic meters per day'!N24*6.2898
A25: HEAVY CRUDE OIL/ PÉTROLE BRUT LOURD
A26: AB CONV./CLASS.-AB | B26: ='21TABLE - cubic meters per day'!B26*6.2898 | C26: ='21TABLE - cubic meters per day'!C26*6.2898 | D26: ='21TABLE - cubic meters per day'!D26*6.2898 | E26: ='21TABLE - cubic meters per day'!E26*6.2898 | F26: ='21TABLE - cubic meters per day'!F26*6.2898 | G26: ='21TABLE - cubic meters per day'!G26*6.2898 | H26: ='21TABLE - cubic meters per day'!H26*6.2898 | I26: ='21TABLE - cubic meters per day'!I26*6.2898 | ... M26: ='21TABLE - cubic meters per day'!M26*6.2898 | N26: =AVERAGE(B26:M26)
A27: AB NON-UPGRADED BITUMEN / BITUME NON VALORISÉ-AB2 | B27: ='21TABLE - cubic meters per day'!B27*6.2898 | C27: ='21TABLE - cubic meters per day'!C27*6.2898 | D27: ='21TABLE - cubic meters per day'!D27*6.2898 | E27: ='21TABLE - cubic meters per day'!E27*6.2898 | F27: ='21TABLE - cubic meters per day'!F27*6.2898 | G27: ='21TABLE - cubic meters per day'!G27*6.2898 | H27: ='21TABLE - cubic meters per day'!H27*6.2898 | I27: ='21TABLE - cubic meters per day'!I27*6.2898 | ... M27: ='21TABLE - cubic meters per day'!M27*6.2898 | N27: =AVERAGE(B27:M27)
A28: AB SUB TOTAL/SOUS-TOTAL -AB | B28: =SUM(B26:B27) | C28: =SUM(C26:C27) | D28: =SUM(D26:D27) | E28: =SUM(E26:E27) | F28: =SUM(F26:F27) | G28: =SUM(G26:G27) | H28: =SUM(H26:H27) | I28: =SUM(I26:I27) | ... M28: =SUM(M26:M27) | N28: =AVERAGE(B28:M28)
A29: SK CONV./CLASS.-SK | B29: ='21TABLE - cubic meters per day'!B29*6.2898 | C29: ='21TABLE - cubic meters per day'!C29*6.2898 | D29: ='21TABLE - cubic meters per day'!D29*6.2898 | E29: ='21TABLE - cubic meters per day'!E29*6.2898 | F29: ='21TABLE - cubic meters per day'!F29*6.2898 | G29: ='21TABLE - cubic meters per day'!G29*6.2898 | H29: ='21TABLE - cubic meters per day'!H29*6.2898 | I29: ='21TABLE - cubic meters per day'!I29*6.2898 | ... M29: ='21TABLE - cubic meters per day'!M29*6.2898 | N29: =AVERAGE(B29:M29)
A30: NL CONV | B30: ='21TABLE - cubic meters per day'!B30*6.2898 | C30: ='21TABLE - cubic meters per day'!C30*6.2898 | D30: ='21TABLE - cubic meters per day'!D30*6.2898 | E30: ='21TABLE - cubic meters per day'!E30*6.2898 | F30: ='21TABLE - cubic meters per day'!F30*6.2898 | G30: ='21TABLE - cubic meters per day'!G30*6.2898 | H30: ='21TABLE - cubic meters per day'!H30*6.2898 | I30: ='21TABLE - cubic meters per day'!I30*6.2898 | ... M30: ='21TABLE - cubic meters per day'!M30*6.2898 | N30: =AVERAGE(B30:M30)
A31: TOTAL HEAVY/LOURD3 | B31: =SUM(B28:B30) | C31: =SUM(C28:C30) | D31: =SUM(D28:D30) | E31: =SUM(E28:E30) | F31: =SUM(F28:F30) | G31: =SUM(G28:G30) | H31: =SUM(H28:H30) | I31: =SUM(I28:I30) | ... M31: =SUM(M28:M30) | N31: =AVERAGE(B31:M31)
A32: TOTAL PRODUCTION | B32: ='21TABLE - cubic meters per day'!B46*6.2898 | C32: ='21TABLE - cubic meters per day'!C46*6.2898 | D32: ='21TABLE - cubic meters per day'!D46*6.2898 | E32: ='21TABLE - cubic meters per day'!E46*6.2898 | F32: ='21TABLE - cubic meters per day'!F46*6.2898 | G32: ='21TABLE - cubic meters per day'!G46*6.2898 | H32: ='21TABLE - cubic meters per day'!H46*6.2898 | I32: ='21TABLE - cubic meters per day'!I46*6.2898 | ... N32: ='21TABLE - cubic meters per day'!N46*6.2898
H35: ESTIMATED PRODUCTION BY REGION
A36: WESTERN CANADA/OUEST CANADIEN
A37: CONV. LIGHT/LÉGER CLASS. | B37: ='21TABLE - cubic meters per day'!B37*6.2898 | C37: ='21TABLE - cubic meters per day'!C37*6.2898 | D37: ='21TABLE - cubic meters per day'!D37*6.2898 | E37: ='21TABLE - cubic meters per day'!E37*6.2898 | F37: ='21TABLE - cubic meters per day'!F37*6.2898 | G37: ='21TABLE - cubic meters per day'!G37*6.2898 | H37: ='21TABLE - cubic meters per day'!H37*6.2898 | I37: ='21TABLE - cubic meters per day'!I37*6.2898 | ... M37: ='21TABLE - cubic meters per day'!M37*6.2898 | N37: =AVERAGE(B37:M37)
A38: AB UPGRADED BITUMEN/ BITUME VALORISÉ-AB 1 | B38: ='21TABLE - cubic meters per day'!B38*6.2898 | C38: ='21TABLE - cubic meters per day'!C38*6.2898 | D38: ='21TABLE - cubic meters per day'!D38*6.2898 | E38: ='21TABLE - cubic meters per day'!E38*6.2898 | F38: ='21TABLE - cubic meters per day'!F38*6.2898 | G38: ='21TABLE - cubic meters per day'!G38*6.2898 | H38: ='21TABLE - cubic meters per day'!H38*6.2898 | I38: ='21TABLE - cubic meters per day'!I38*6.2898 | ... M38: ='21TABLE - cubic meters per day'!M38*6.2898 | N38: =AVERAGE(B38:M38)
A39: PENTANES PLUS | B39: ='21TABLE - cubic meters per day'!B39*6.2898 | C39: ='21TABLE - cubic meters per day'!C39*6.2898 | D39: ='21TABLE - cubic meters per day'!D39*6.2898 | E39: ='21TABLE - cubic meters per day'!E39*6.2898 | F39: ='21TABLE - cubic meters per day'!F39*6.2898 | G39: ='21TABLE - cubic meters per day'!G39*6.2898 | H39: ='21TABLE - cubic meters per day'!H39*6.2898 | I39: ='21TABLE - cubic meters per day'!I39*6.2898 | ... M39: ='21TABLE - cubic meters per day'!M39*6.2898 | N39: =AVERAGE(B39:M39)
A40: TOTAL LIGHT/LÉGER | B40: ='21TABLE - cubic meters per day'!B40*6.2898 | C40: ='21TABLE - cubic meters per day'!C40*6.2898 | D40: ='21TABLE - cubic meters per day'!D40*6.2898 | E40: ='21TABLE - cubic meters per day'!E40*6.2898 | F40: ='21TABLE - cubic meters per day'!F40*6.2898 | G40: ='21TABLE - cubic meters per day'!G40*6.2898 | H40: ='21TABLE - cubic meters per day'!H40*6.2898 | I40: ='21TABLE - cubic meters per day'!I40*6.2898 | ... M40: ='21TABLE - cubic meters per day'!M40*6.2898 | N40: =AVERAGE(B40:M40)
A41: CONV. HEAVY/LOURD CLASS. | B41: ='21TABLE - cubic meters per day'!B41*6.2898 | C41: ='21TABLE - cubic meters per day'!C41*6.2898 | D41: ='21TABLE - cubic meters per day'!D41*6.2898 | E41: ='21TABLE - cubic meters per day'!E41*6.2898 | F41: ='21TABLE - cubic meters per day'!F41*6.2898 | G41: ='21TABLE - cubic meters per day'!G41*6.2898 | H41: ='21TABLE - cubic meters per day'!H41*6.2898 | I41: ='21TABLE - cubic meters per day'!I41*6.2898 | ... M41: ='21TABLE - cubic meters per day'!M41*6.2898 | N41: =AVERAGE(B41:M41)
A42: AB NON-UPGRADED BITUMEN / BITUME NON VALORISÉ-AB2 | B42: ='21TABLE - cubic meters per day'!B42*6.2898 | C42: ='21TABLE - cubic meters per day'!C42*6.2898 | D42: ='21TABLE - cubic meters per day'!D42*6.2898 | E42: ='21TABLE - cubic meters per day'!E42*6.2898 | F42: ='21TABLE - cubic meters per day'!F42*6.2898 | G42: ='21TABLE - cubic meters per day'!G42*6.2898 | H42: ='21TABLE - cubic meters per day'!H42*6.2898 | I42: ='21TABLE - cubic meters per day'!I42*6.2898 | ... M42: ='21TABLE - cubic meters per day'!M42*6.2898 | N42: =AVERAGE(B42:M42)
A43: TOTAL HEAVY/LOURD | B43: ='21TABLE - cubic meters per day'!B43*6.2898 | C43: ='21TABLE - cubic meters per day'!C43*6.2898 | D43: ='21TABLE - cubic meters per day'!D43*6.2898 | E43: ='21TABLE - cubic meters per day'!E43*6.2898 | F43: ='21TABLE - cubic meters per day'!F43*6.2898 | G43: ='21TABLE - cubic meters per day'!G43*6.2898 | H43: ='21TABLE - cubic meters per day'!H43*6.2898 | I43: ='21TABLE - cubic meters per day'!I43*6.2898 | ... M43: ='21TABLE - cubic meters per day'!M43*6.2898 | N43: =AVERAGE(B43:M43)
A44: TOTAL WESTERN CANADA/ OUEST CANADIEN | B44: ='21TABLE - cubic meters per day'!B44*6.2898 | C44: ='21TABLE - cubic meters per day'!C44*6.2898 | D44: ='21TABLE - cubic meters per day'!D44*6.2898 | E44: ='21TABLE - cubic meters per day'!E44*6.2898 | F44: ='21TABLE - cubic meters per day'!F44*6.2898 | G44: ='21TABLE - cubic meters per day'!G44*6.2898 | H44: ='21TABLE - cubic meters per day'!H44*6.2898 | I44: ='21TABLE - cubic meters per day'!I44*6.2898 | ... M44: ='21TABLE - cubic meters per day'!M44*6.2898 | N44: =AVERAGE(B44:M44)
A45: TOTAL EASTERN CANADA/ EST CANADIEN | B45: ='21TABLE - cubic meters per day'!B45*6.2898 | C45: ='21TABLE - cubic meters per day'!C45*6.2898 | D45: ='21TABLE - cubic meters per day'!D45*6.2898 | E45: ='21TABLE - cubic meters per day'!E45*6.2898 | F45: ='21TABLE - cubic meters per day'!F45*6.2898 | G45: ='21TABLE - cubic meters per day'!G45*6.2898 | H45: ='21TABLE - cubic meters per day'!H45*6.2898 | I45: ='21TABLE - cubic meters per day'!I45*6.2898 | ... M45: ='21TABLE - cubic meters per day'!M45*6.2898 | N45: =AVERAGE(B45:M45)
A46: TOTAL CANADA | B46: ='21TABLE - cubic meters per day'!B46*6.2898 | C46: ='21TABLE - cubic meters per day'!C46*6.2898 | D46: ='21TABLE - cubic meters per day'!D46*6.2898 | E46: ='21TABLE - cubic meters per day'!E46*6.2898 | F46: ='21TABLE - cubic meters per day'!F46*6.2898 | G46: ='21TABLE - cubic meters per day'!G46*6.2898 | H46: ='21TABLE - cubic meters per day'!H46*6.2898 | I46: ='21TABLE - cubic meters per day'!I46*6.2898 | ... M46: ='21TABLE - cubic meters per day'!M46*6.2898 | N46: =AVERAGE(B46:M46)
A48: NOTES:
A49: Figures in black print are actual production data from reporting agencies.
A50: Forecasted values are no longer available in this publication. For the latest projections of crude oil and natural gas production in Canada please visit the CERs Energy Futures page.
A51: 1 As per AER -ST3, includes in situ bitumen that is upgraded to SCO
A52: 2 As per AER -ST3, excludes in situ produced bitumen that is upgraded to SCO
A54: Les chiffres en noir représentent les données de production réelles obtenues auprès d'organismes présentant des rapports.
A55: Les valeurs prévues ne sont plus disponibles dans cette publication. Pour connaître les dernières projections relatives à la production de pétrole brut et de gaz naturel au Canada, consultez la page principale d’Avenir énergétique du Canada
A56: 1 Comprend la production de pétrole brut synthétique et de distillats.
A57: 2 Bitume in situ, sauf les quantités transformées en pétrole brut synthétique par valorisation.

Sheet HIST - cubic meters per day
A1: Month | B1: NL Light | C1: NL Heavy | D1: ON | E1: NB | F1: MB | G1: NWT | H1: SK light | I1: SK heavy | J1: AB conv light | K1: AB conv heavy | L1: AB upgraded | M1: AB non-upgraded | N1: BC Light | O1: BC cond | P1: AB cond | Q1: NS cond | R1: SK cond | S1: Canada Total | U1: Raw Mined Bitumen | V1: Raw In Situ Bitumen
A2: 36526 | B2: 24479.79 | C2: 0 | D2: 605.66155 | E2: 0 | F2: 1674.9032 | G2: 4171.5581 | H2: 14878.913 | I2: 48706.023 | J2: 82738.4 | K2: 37355.242 | L2: 52598.226 | M2: 41990.419 | N2: 6327.164 | O2: 1429.7425 | P2: 24277.894 | Q2: 15.740645 | R2: 100 | S2: 341349.68 | U2: 0 | V2: 41956
A3: 36557 | B3: 22559.393 | C3: 0 | D3: 619.49941 | E3: 0 | F3: 1713.5793 | G3: 4197.7069 | H3: 15150.624 | I3: 50325.497 | J3: 83654.948 | K3: 37516.638 | L3: 51505.621 | M3: 42643 | N3: 6510.6668 | O3: 1596.1746 | P3: 24817.262 | Q3: 653.30379 | R3: 100 | S3: 343563.91 | U3: 0 | V3: 42643
A4: 36586 | B4: 24255.306 | C4: 0 | D4: 660.903 | E4: 0 | F4: 1754.6452 | G4: 4172.5613 | H4: 15224.01 | I4: 50772.439 | J4: 82885.8 | K4: 37597.774 | L4: 37045.935 | M4: 42821 | N4: 6654.7324 | O4: 1551.0063 | P4: 24339.377 | Q4: 917.52806 | R4: 100 | S4: 330753.02 | U4: 0 | V4: 42821
A5: 36617 | B5: 22406.697 | C5: 0 | D5: 634.6386 | E5: 0 | F5: 1694.5567 | G5: 4135.2533 | H5: 14832.397 | I5: 49058.043 | J5: 82899.97 | K5: 37488.483 | L5: 48841.033 | M5: 44952.267 | N5: 6887.1706 | O5: 1715.6894 | P5: 23408.767 | Q5: 1114.946 | R5: 100 | S5: 340169.91 | U5: 0 | V5: 44889
A6: 36647 | B6: 26930.255 | C6: 0 | D6: 673.79606 | E6: 0 | F6: 1662.429 | G6: 3985.029 | H6: 14662.784 | I6: 50035.89 | J6: 78479.939 | K6: 37083.074 | L6: 55782.355 | M6: 45423 | N6: 6840.3723 | O6: 1816.3245 | P6: 22929.306 | Q6: 1060.9171 | R6: 100 | S6: 347465.47 | U6: 0 | V6: 45423
A7: 36678 | B7: 22511.19 | C7: 0 | D7: 670.82013 | E7: 0 | F7: 1648.31 | G7: 3300.99 | H7: 14938.133 | I7: 50783.817 | J7: 80397.537 | K7: 36901.537 | L7: 56926.1 | M7: 46610 | N7: 6720.3043 | O7: 1788.5157 | P7: 22494.047 | Q7: 1127.3487 | R7: 100 | S7: 346918.65 | U7: 0 | V7: 46610
A8: 36708 | B8: 23673.619 | C8: 0 | D8: 630.04516 | E8: 0 | F8: 1632.2161 | G8: 3946.7323 | H8: 15150.871 | I8: 51272.9 | J8: 80564.994 | K8: 37176.794 | L8: 49185.871 | M8: 45801 | N8: 6819.3875 | O8: 1786.0093 | P8: 22993.687 | Q8: 1226.3819 | R8: 100 | S8: 341960.51 | U8: 0 | V8: 45801
A9: 36739 | B9: 15013.313 | C9: 0 | D9: 652.41445 | E9: 0 | F9: 1620.3968 | G9: 3724.7 | H9: 15037.403 | I9: 51900.358 | J9: 80816.494 | K9: 37997.223 | L9: 53814.452 | M9: 53393.935 | N9: 5880.1947 | O9: 1714.8279 | P9: 23017.981 | Q9: 1204.7587 | R9: 100 | S9: 345888.45 | U9: 0 | V9: 46125
A10: 36770 | B10: 24700.27 | C10: 0 | D10: 673.34493 | E10: 0 | F10: 1669.61 | G10: 3799.7967 | H10: 14919.33 | I10: 52053.87 | J10: 79725.31 | K10: 38440.27 | L10: 51011.033 | M10: 50480.9 | N10: 6431.6306 | O10: 1777.8194 | P10: 20946.093 | Q10: 1157.77 | R10: 100 | S10: 347887.05 | U10: 0 | V10: 45904
A11: 36800 | B11: 24371.8 | C11: 0 | D11: 598.60374 | E11: 0 | F11: 1772.1032 | G11: 3813.4581 | H11: 14946.032 | I11: 53425.735 | J11: 80607.158 | K11: 38935.848 | L11: 40577.71 | M11: 47505.742 | N11: 6865.8499 | O11: 1788.8953 | P11: 22288.752 | Q11: 1162.8003 | R11: 100 | S11: 338760.49 | U11: 0 | V11: 46449
A12: 36831 | B12: 21369.313 | C12: 0 | D12: 592.72807 | E12: 0 | F12: 1784.7133 | G12: 3878.89 | H12: 14723.99 | I12: 53362.21 | J12: 80659.817 | K12: 38530.217 | L12: 51415.767 | M12: 49708 | N12: 7377.7376 | O12: 1820.0624 | P12: 22971.927 | Q12: 1288.5047 | R12: 100 | S12: 349583.88 | U12: 0 | V12: 49708
A13: 36861 | B13: 22902.629 | C13: 0 | D13: 568.83871 | E13: 0 | F13: 1737.2903 | G13: 3898.6194 | H13: 14706.658 | I13: 53297.452 | J13: 79876.526 | K13: 38161.79 | L13: 52012.194 | M13: 53136.839 | N13: 6680.1105 | O13: 1737.167 | P13: 21076.468 | Q13: 1201.119 | R13: 100 | S13: 351093.7 | U13: 0 | V13: 50501
... A289: 45261 | B289: 13607.871 | C289: 18968.581 | D289: 80 | E289: 0 | F289: 6225.5613 | G289: 614.6129 | H289: 24963.097 | I289: 48594.274 | J289: 62681.757 | K289: 23539.106 | L289: 223178.6 | M289: 344686.32 | N289: 1544.5484 | O289: 19493.897 | P289: 66272.046 | Q289: 0 | R289: 572.76194 | S289: 855023.03 | U289: 303796.52 | V289: 298746.74
A290: 45292 | B290: 10959.484 | C290: 19261.903 | D290: 76.290323 | E290: 4.4741935 | F290: 5943.1355 | G290: 608.79677 | H290: 23359.977 | I290: 47401.194 | J290: 57177.612 | K290: 23488.826 | L290: 202817.1 | M290: 310846.26 | N290: 1506 | O290: 19509.535 | P290: 59736.096 | Q290: 0 | S290: 782696.68 | U290: 259424.24 | V290: 289729.16
A291: 45323 | B291: 15775.966 | C291: 17954.448 | D291: 80.37931 | E291: 4.0103448 | F291: 6061.4655 | G291: 575.08621 | H291: 24458.245 | I291: 48200.848 | J291: 60127.575 | K291: 24839.416 | L291: 205905.09 | M291: 325799.14 | N291: 1592.1034 | O291: 19556.71 | P291: 60404.315 | Q291: 0 | S291: 811334.79 | U291: 269111.78 | V291: 294867.07
A292: 45352 | B292: 12430.645 | C292: 17831.839 | D292: 82.774194 | E292: 3.5387097 | F292: 6235.3871 | G292: 645.47419 | H292: 24994.319 | I292: 48117.781 | J292: 61958.221 | K292: 25007.158 | L292: 205836.87 | M292: 337501.03 | N292: 1491.6452 | O292: 19843.152 | P292: 60234.456 | Q292: 0 | S292: 822214.29 | U292: 281652.39 | V292: 295115.42
A293: 45383 | B293: 18389.233 | C293: 16570.733 | D293: 81.9 | E293: 4.5933333 | F293: 6104.1567 | G293: 634.75333 | H293: 24979.143 | I293: 48371.07 | J293: 62286.785 | K293: 24215.353 | L293: 195371.45 | M293: 330465.97 | N293: 1868.3 | O293: 20041.203 | P293: 61274.908 | Q293: 0 | S293: 810659.55 | U293: 264776.3 | V293: 291881.57
A294: 45413 | B294: 15175.968 | C294: 17052.581 | D294: 80.483871 | E294: 3.2322581 | F294: 5856.3645 | G294: 655.27419 | H294: 23943.271 | I294: 48227.816 | J294: 60682.107 | K294: 24897.238 | L294: 162612.32 | M294: 325103.68 | N294: 1571.1935 | O294: 19337.142 | P294: 57953.003 | Q294: 0 | S294: 763151.67 | U294: 221259.71 | V294: 291260.58
A295: 45444 | B295: 12979.1 | C295: 17007.933 | D295: 79.333333 | E295: 2.1833333 | F295: 5799.4733 | G295: 624.92333 | H295: 23043.383 | I295: 47015.133 | J295: 58429.705 | K295: 25589.113 | L295: 188903.42 | M295: 332487.87 | N295: 1626.8 | O295: 19943.903 | P295: 60541.387 | Q295: 0 | S295: 794073.66 | U295: 254651.47 | V295: 298938.47
A296: 45474 | B296: 16268.903 | C296: 17877.548 | D296: 78.580645 | E296: 3.2354839 | F296: 5867.0742 | G296: 556.35161 | H296: 22819.258 | I296: 46681.668 | J296: 58316.344 | K296: 25049.774 | L296: 210898.03 | M296: 329266.65 | N296: 1470 | O296: 18854.603 | P296: 60809.608 | Q296: 0 | S296: 814817.63 | U296: 281392.87 | V296: 290561.52
A297: 45505 | B297: 17754.129 | C297: 18517.71 | D297: 79.419355 | E297: 2.1451613 | F297: 5861.7097 | G297: 621.99677 | H297: 23667.826 | I297: 47274.723 | J297: 59574.305 | K297: 25275.086 | L297: 218775.35 | M297: 324172.74 | N297: 1989.2581 | O297: 20545.074 | P297: 65093.038 | Q297: 0 | S297: 829204.52 | U297: 296114.55 | V297: 280577.74
A298: 45536 | B298: 14776.633 | C298: 19963.267 | D298: 78.666667 | F298: 5776.43 | G298: 621.32 | H298: 23938.233 | I298: 45197.773 | J298: 58857.528 | K298: 24818.776 | L298: 191671.4 | M298: 316994.9 | N298: 2052.0667 | O298: 20639.817 | P298: 60077.398 | Q298: 0 | S298: 785464.21 | U298: 273901.98 | V298: 269745.35
A299: 45566 | B299: 12177.387 | C299: 19072.258 | D299: 80.290323 | F299: 5680.4806 | G299: 602.93548 | H299: 24448.426 | I299: 46982.313 | J299: 61811.837 | K299: 24797.644 | L299: 198899.56 | M299: 357247.26 | N299: 1905.5484 | O299: 20045.671 | P299: 66868.183 | Q299: 0 | S299: 840619.8 | U299: 278626.13 | V299: 305441.71
A300: 45597 | B300: 13877 | C300: 18423.067 | F300: 5530.85 | G300: 596.03667 | H300: 24528.633 | I300: 46869.483 | J300: 64273.273 | K300: 24294.529 | L300: 217903.52 | M300: 344809.57 | N300: 1950.5333 | O300: 21518.55 | P300: 68928.4 | Q300: 0 | S300: 853503.44 | U300: 292165.5 | V300: 306429.67
A301: 45627 | B301: 19247.419 | C301: 19200.194 | G301: 586.17419 | H301: 24198.484 | I301: 47057.352 | J301: 64646.05 | K301: 24035.793 | L301: 225978.81 | M301: 347134.35 | N301: 1876.5806 | O301: 23949.623 | P301: 67432.699 | Q301: 0 | S301: 865343.53 | U301: 297465.52 | V301: 310677.77
A302: 45658 | B302: 16873.871 | C302: 20415.548 | J302: 63296.371 | K302: 24070.42 | L302: 227139.42 | M302: 338423.68 | N302: 1755.9677 | O302: 6577.7419 | P302: 66438.426 | Q302: 0 | S302: 764991.44 | U302: 288490.71 | V302: 310740.32
A303: 45689
A304: 45717
A305: 45748
A306: 45778
A307: 45809
A308: 45839
A309: 45870
A310: 45901
A311: 45931
A312: 45962
A313: 45992

Sheet HIST - barrels per day
A1: Month | B1: NL Light | C1: NL Heavy | D1: ON | E1: NB | F1: MB | G1: NWT | H1: SK light | I1: SK heavy | J1: AB conv light | K1: AB conv heavy | L1: AB upgraded | M1: AB non-upgraded | N1: BC Light | O1: BC cond | P1: AB cond | Q1: NS cond | R1: SK cond | S1: Canada Total | U1: Raw Mined Bitumen | V1: Raw In Situ Bitumen
A2: 36526 | B2: ='HIST - cubic meters per day'!B2*6.2898 | C2: ='HIST - cubic meters per day'!C2*6.2898 | D2: ='HIST - cubic meters per day'!D2*6.2898 | F2: ='HIST - cubic meters per day'!F2*6.2898 | G2: ='HIST - cubic meters per day'!G2*6.2898 | H2: ='HIST - cubic meters per day'!H2*6.2898 | I2: ='HIST - cubic meters per day'!I2*6.2898 | J2: ='HIST - cubic meters per day'!J2*6.2898 | K2: ='HIST - cubic meters per day'!K2*6.2898 | L2: ='HIST - cubic meters per day'!L2*6.2898 | M2: ='HIST - cubic meters per day'!M2*6.2898 | ... S2: ='HIST - cubic meters per day'!S2*6.2898
A3: 36557 | B3: ='HIST - cubic meters per day'!B3*6.2898 | C3: ='HIST - cubic meters per day'!C3*6.2898 | D3: ='HIST - cubic meters per day'!D3*6.2898 | F3: ='HIST - cubic meters per day'!F3*6.2898 | G3: ='HIST - cubic meters per day'!G3*6.2898 | H3: ='HIST - cubic meters per day'!H3*6.2898 | I3: ='HIST - cubic meters per day'!I3*6.2898 | J3: ='HIST - cubic meters per day'!J3*6.2898 | K3: ='HIST - cubic meters per day'!K3*6.2898 | L3: ='HIST - cubic meters per day'!L3*6.2898 | M3: ='HIST - cubic meters per day'!M3*6.2898 | ... S3: ='HIST - cubic meters per day'!S3*6.2898
A4: 36586 | B4: ='HIST - cubic meters per day'!B4*6.2898 | C4: ='HIST - cubic meters per day'!C4*6.2898 | D4: ='HIST - cubic meters per day'!D4*6.2898 | F4: ='HIST - cubic meters per day'!F4*6.2898 | G4: ='HIST - cubic meters per day'!G4*6.2898 | H4: ='HIST - cubic meters per day'!H4*6.2898 | I4: ='HIST - cubic meters per day'!I4*6.2898 | J4: ='HIST - cubic meters per day'!J4*6.2898 | K4: ='HIST - cubic meters per day'!K4*6.2898 | L4: ='HIST - cubic meters per day'!L4*6.2898 | M4: ='HIST - cubic meters per day'!M4*6.2898 | ... S4: ='HIST - cubic meters per day'!S4*6.2898
A5: 36617 | B5: ='HIST - cubic meters per day'!B5*6.2898 | C5: ='HIST - cubic meters per day'!C5*6.2898 | D5: ='HIST - cubic meters per day'!D5*6.2898 | F5: ='HIST - cubic meters per day'!F5*6.2898 | G5: ='HIST - cubic meters per day'!G5*6.2898 | H5: ='HIST - cubic meters per day'!H5*6.2898 | I5: ='HIST - cubic meters per day'!I5*6.2898 | J5: ='HIST - cubic meters per day'!J5*6.2898 | K5: ='HIST - cubic meters per day'!K5*6.2898 | L5: ='HIST - cubic meters per day'!L5*6.2898 | M5: ='HIST - cubic meters per day'!M5*6.2898 | ... S5: ='HIST - cubic meters per day'!S5*6.2898
A6: 36647 | B6: ='HIST - cubic meters per day'!B6*6.2898 | C6: ='HIST - cubic meters per day'!C6*6.2898 | D6: ='HIST - cubic meters per day'!D6*6.2898 | F6: ='HIST - cubic meters per day'!F6*6.2898 | G6: ='HIST - cubic meters per day'!G6*6.2898 | H6: ='HIST - cubic meters per day'!H6*6.2898 | I6: ='HIST - cubic meters per day'!I6*6.2898 | J6: ='HIST - cubic meters per day'!J6*6.2898 | K6: ='HIST - cubic meters per day'!K6*6.2898 | L6: ='HIST - cubic meters per day'!L6*6.2898 | M6: ='HIST - cubic meters per day'!M6*6.2898 | ... S6: ='HIST - cubic meters per day'!S6*6.2898
A7: 36678 | B7: ='HIST - cubic meters per day'!B7*6.2898 | C7: ='HIST - cubic meters per day'!C7*6.2898 | D7: ='HIST - cubic meters per day'!D7*6.2898 | F7: ='HIST - cubic meters per day'!F7*6.2898 | G7: ='HIST - cubic meters per day'!G7*6.2898 | H7: ='HIST - cubic meters per day'!H7*6.2898 | I7: ='HIST - cubic meters per day'!I7*6.2898 | J7: ='HIST - cubic meters per day'!J7*6.2898 | K7: ='HIST - cubic meters per day'!K7*6.2898 | L7: ='HIST - cubic meters per day'!L7*6.2898 | M7: ='HIST - cubic meters per day'!M7*6.2898 | ... S7: ='HIST - cubic meters per day'!S7*6.2898
A8: 36708 | B8: ='HIST - cubic meters per day'!B8*6.2898 | C8: ='HIST - cubic meters per day'!C8*6.2898 | D8: ='HIST - cubic meters per day'!D8*6.2898 | F8: ='HIST - cubic meters per day'!F8*6.2898 | G8: ='HIST - cubic meters per day'!G8*6.2898 | H8: ='HIST - cubic meters per day'!H8*6.2898 | I8: ='HIST - cubic meters per day'!I8*6.2898 | J8: ='HIST - cubic meters per day'!J8*6.2898 | K8: ='HIST - cubic meters per day'!K8*6.2898 | L8: ='HIST - cubic meters per day'!L8*6.2898 | M8: ='HIST - cubic meters per day'!M8*6.2898 | ... S8: ='HIST - cubic meters per day'!S8*6.2898
A9: 36739 | B9: ='HIST - cubic meters per day'!B9*6.2898 | C9: ='HIST - cubic meters per day'!C9*6.2898 | D9: ='HIST - cubic meters per day'!D9*6.2898 | F9: ='HIST - cubic meters per day'!F9*6.2898 | G9: ='HIST - cubic meters per day'!G9*6.2898 | H9: ='HIST - cubic meters per day'!H9*6.2898 | I9: ='HIST - cubic meters per day'!I9*6.2898 | J9: ='HIST - cubic meters per day'!J9*6.2898 | K9: ='HIST - cubic meters per day'!K9*6.2898 | L9: ='HIST - cubic meters per day'!L9*6.2898 | M9: ='HIST - cubic meters per day'!M9*6.2898 | ... S9: ='HIST - cubic meters per day'!S9*6.2898
A10: 36770 | B10: ='HIST - cubic meters per day'!B10*6.2898 | C10: ='HIST - cubic meters per day'!C10*6.2898 | D10: ='HIST - cubic meters per day'!D10*6.2898 | F10: ='HIST - cubic meters per day'!F10*6.2898 | G10: ='HIST - cubic meters per day'!G10*6.2898 | H10: ='HIST - cubic meters per day'!H10*6.2898 | I10: ='HIST - cubic meters per day'!I10*6.2898 | J10: ='HIST - cubic meters per day'!J10*6.2898 | K10: ='HIST - cubic meters per day'!K10*6.2898 | L10: ='HIST - cubic meters per day'!L10*6.2898 | M10: ='HIST - cubic meters per day'!M10*6.2898 | ... S10: ='HIST - cubic meters per day'!S10*6.2898
A11: 36800 | B11: ='HIST - cubic meters per day'!B11*6.2898 | C11: ='HIST - cubic meters per day'!C11*6.2898 | D11: ='HIST - cubic meters per day'!D11*6.2898 | F11: ='HIST - cubic meters per day'!F11*6.2898 | G11: ='HIST - cubic meters per day'!G11*6.2898 | H11: ='HIST - cubic meters per day'!H11*6.2898 | I11: ='HIST - cubic meters per day'!I11*6.2898 | J11: ='HIST - cubic meters per day'!J11*6.2898 | K11: ='HIST - cubic meters per day'!K11*6.2898 | L11: ='HIST - cubic meters per day'!L11*6.2898 | M11: ='HIST - cubic meters per day'!M11*6.2898 | ... S11: ='HIST - cubic meters per day'!S11*6.2898
A12: 36831 | B12: ='HIST - cubic meters per day'!B12*6.2898 | C12: ='HIST - cubic meters per day'!C12*6.2898 | D12: ='HIST - cubic meters per day'!D12*6.2898 | F12: ='HIST - cubic meters per day'!F12*6.2898 | G12: ='HIST - cubic meters per day'!G12*6.2898 | H12: ='HIST - cubic meters per day'!H12*6.2898 | I12: ='HIST - cubic meters per day'!I12*6.2898 | J12: ='HIST - cubic meters per day'!J12*6.2898 | K12: ='HIST - cubic meters per day'!K12*6.2898 | L12: ='HIST - cubic meters per day'!L12*6.2898 | M12: ='HIST - cubic meters per day'!M12*6.2898 | ... S12: ='HIST - cubic meters per day'!S12*6.2898
A13: 36861 | B13: ='HIST - cubic meters per day'!B13*6.2898 | C13: ='HIST - cubic meters per day'!C13*6.2898 | D13: ='HIST - cubic meters per day'!D13*6.2898 | F13: ='HIST - cubic meters per day'!F13*6.2898 | G13: ='HIST - cubic meters per day'!G13*6.2898 | H13: ='HIST - cubic meters per day'!H13*6.2898 | I13: ='HIST - cubic meters per day'!I13*6.2898 | J13: ='HIST - cubic meters per day'!J13*6.2898 | K13: ='HIST - cubic meters per day'!K13*6.2898 | L13: ='HIST - cubic meters per day'!L13*6.2898 | M13: ='HIST - cubic meters per day'!M13*6.2898 | ... S13: ='HIST - cubic meters per day'!S13*6.2898
... A85: 39052 | B85: ='HIST - cubic meters per day'!B85*6.2898 | C85: ='HIST - cubic meters per day'!C85*6.2898 | D85: ='HIST - cubic meters per day'!D85*6.2898 | F85: ='HIST - cubic meters per day'!F85*6.2898 | G85: ='HIST - cubic meters per day'!G85*6.2898 | H85: ='HIST - cubic meters per day'!H85*6.2898 | I85: ='HIST - cubic meters per day'!I85*6.2898 | J85: ='HIST - cubic meters per day'!J85*6.2898 | K85: ='HIST - cubic meters per day'!K85*6.2898 | L85: ='HIST - cubic meters per day'!L85*6.2898 | M85: ='HIST - cubic meters per day'!M85*6.2898 | ... S85: ='HIST - cubic meters per day'!S85*6.2898
A86: 39083 | B86: ='HIST - cubic meters per day'!B86*6.2898 | C86: ='HIST - cubic meters per day'!C86*6.2898 | D86: ='HIST - cubic meters per day'!D86*6.2898 | E86: ='HIST - cubic meters per day'!E86*6.2898 | F86: ='HIST - cubic meters per day'!F86*6.2898 | G86: ='HIST - cubic meters per day'!G86*6.2898 | H86: ='HIST - cubic meters per day'!H86*6.2898 | I86: ='HIST - cubic meters per day'!I86*6.2898 | ... S86: ='HIST - cubic meters per day'!S86*6.2898
A87: 39114 | B87: ='HIST - cubic meters per day'!B87*6.2898 | C87: ='HIST - cubic meters per day'!C87*6.2898 | D87: ='HIST - cubic meters per day'!D87*6.2898 | E87: ='HIST - cubic meters per day'!E87*6.2898 | F87: ='HIST - cubic meters per day'!F87*6.2898 | G87: ='HIST - cubic meters per day'!G87*6.2898 | H87: ='HIST - cubic meters per day'!H87*6.2898 | I87: ='HIST - cubic meters per day'!I87*6.2898 | ... S87: ='HIST - cubic meters per day'!S87*6.2898
A88: 39142 | B88: ='HIST - cubic meters per day'!B88*6.2898 | C88: ='HIST - cubic meters per day'!C88*6.2898 | D88: ='HIST - cubic meters per day'!D88*6.2898 | E88: ='HIST - cubic meters per day'!E88*6.2898 | F88: ='HIST - cubic meters per day'!F88*6.2898 | G88: ='HIST - cubic meters per day'!G88*6.2898 | H88: ='HIST - cubic meters per day'!H88*6.2898 | I88: ='HIST - cubic meters per day'!I88*6.2898 | ... S88: ='HIST - cubic meters per day'!S88*6.2898
A89: 39173 | B89: ='HIST - cubic meters per day'!B89*6.2898 | C89: ='HIST - cubic meters per day'!C89*6.2898 | D89: ='HIST - cubic meters per day'!D89*6.2898 | E89: ='HIST - cubic meters per day'!E89*6.2898 | F89: ='HIST - cubic meters per day'!F89*6.2898 | G89: ='HIST - cubic meters per day'!G89*6.2898 | H89: ='HIST - cubic meters per day'!H89*6.2898 | I89: ='HIST - cubic meters per day'!I89*6.2898 | ... S89: ='HIST - cubic meters per day'!S89*6.2898
A90: 39203 | B90: ='HIST - cubic meters per day'!B90*6.2898 | C90: ='HIST - cubic meters per day'!C90*6.2898 | D90: ='HIST - cubic meters per day'!D90*6.2898 | E90: ='HIST - cubic meters per day'!E90*6.2898 | F90: ='HIST - cubic meters per day'!F90*6.2898 | G90: ='HIST - cubic meters per day'!G90*6.2898 | H90: ='HIST - cubic meters per day'!H90*6.2898 | I90: ='HIST - cubic meters per day'!I90*6.2898 | ... S90: ='HIST - cubic meters per day'!S90*6.2898
A91: 39234 | B91: ='HIST - cubic meters per day'!B91*6.2898 | C91: ='HIST - cubic meters per day'!C91*6.2898 | D91: ='HIST - cubic meters per day'!D91*6.2898 | E91: ='HIST - cubic meters per day'!E91*6.2898 | F91: ='HIST - cubic meters per day'!F91*6.2898 | G91: ='HIST - cubic meters per day'!G91*6.2898 | H91: ='HIST - cubic meters per day'!H91*6.2898 | I91: ='HIST - cubic meters per day'!I91*6.2898 | ... S91: ='HIST - cubic meters per day'!S91*6.2898
A92: 39264 | B92: ='HIST - cubic meters per day'!B92*6.2898 | C92: ='HIST - cubic meters per day'!C92*6.2898 | D92: ='HIST - cubic meters per day'!D92*6.2898 | E92: ='HIST - cubic meters per day'!E92*6.2898 | F92: ='HIST - cubic meters per day'!F92*6.2898 | G92: ='HIST - cubic meters per day'!G92*6.2898 | H92: ='HIST - cubic meters per day'!H92*6.2898 | I92: ='HIST - cubic meters per day'!I92*6.2898 | ... S92: ='HIST - cubic meters per day'!S92*6.2898
A93: 39295 | B93: ='HIST - cubic meters per day'!B93*6.2898 | C93: ='HIST - cubic meters per day'!C93*6.2898 | D93: ='HIST - cubic meters per day'!D93*6.2898 | E93: ='HIST - cubic meters per day'!E93*6.2898 | F93: ='HIST - cubic meters per day'!F93*6.2898 | G93: ='HIST - cubic meters per day'!G93*6.2898 | H93: ='HIST - cubic meters per day'!H93*6.2898 | I93: ='HIST - cubic meters per day'!I93*6.2898 | ... S93: ='HIST - cubic meters per day'!S93*6.2898
A94: 39326 | B94: ='HIST - cubic meters per day'!B94*6.2898 | C94: ='HIST - cubic meters per day'!C94*6.2898 | D94: ='HIST - cubic meters per day'!D94*6.2898 | E94: ='HIST - cubic meters per day'!E94*6.2898 | F94: ='HIST - cubic meters per day'!F94*6.2898 | G94: ='HIST - cubic meters per day'!G94*6.2898 | H94: ='HIST - cubic meters per day'!H94*6.2898 | I94: ='HIST - cubic meters per day'!I94*6.2898 | ... S94: ='HIST - cubic meters per day'!S94*6.2898
A95: 39356 | B95: ='HIST - cubic meters per day'!B95*6.2898 | C95: ='HIST - cubic meters per day'!C95*6.2898 | D95: ='HIST - cubic meters per day'!D95*6.2898 | E95: ='HIST - cubic meters per day'!E95*6.2898 | F95: ='HIST - cubic meters per day'!F95*6.2898 | G95: ='HIST - cubic meters per day'!G95*6.2898 | H95: ='HIST - cubic meters per day'!H95*6.2898 | I95: ='HIST - cubic meters per day'!I95*6.2898 | ... S95: ='HIST - cubic meters per day'!S95*6.2898
A96: 39387 | B96: ='HIST - cubic meters per day'!B96*6.2898 | C96: ='HIST - cubic meters per day'!C96*6.2898 | D96: ='HIST - cubic meters per day'!D96*6.2898 | E96: ='HIST - cubic meters per day'!E96*6.2898 | F96: ='HIST - cubic meters per day'!F96*6.2898 | G96: ='HIST - cubic meters per day'!G96*6.2898 | H96: ='HIST - cubic meters per day'!H96*6.2898 | I96: ='HIST - cubic meters per day'!I96*6.2898 | ... S96: ='HIST - cubic meters per day'!S96*6.2898
A97: 39417 | B97: ='HIST - cubic meters per day'!B97*6.2898 | C97: ='HIST - cubic meters per day'!C97*6.2898 | D97: ='HIST - cubic meters per day'!D97*6.2898 | E97: ='HIST - cubic meters per day'!E97*6.2898 | F97: ='HIST - cubic meters per day'!F97*6.2898 | G97: ='HIST - cubic meters per day'!G97*6.2898 | H97: ='HIST - cubic meters per day'!H97*6.2898 | I97: ='HIST - cubic meters per day'!I97*6.2898 | ... S97: ='HIST - cubic meters per day'!S97*6.2898
A98: 39448 | B98: ='HIST - cubic meters per day'!B98*6.2898 | C98: ='HIST - cubic meters per day'!C98*6.2898 | D98: ='HIST - cubic meters per day'!D98*6.2898 | E98: ='HIST - cubic meters per day'!E98*6.2898 | F98: ='HIST - cubic meters per day'!F98*6.2898 | G98: ='HIST - cubic meters per day'!G98*6.2898 | H98: ='HIST - cubic meters per day'!H98*6.2898 | I98: ='HIST - cubic meters per day'!I98*6.2898 | ... S98: ='HIST - cubic meters per day'!S98*6.2898 | U98: ='HIST - cubic meters per day'!U98*6.2898 | V98: ='HIST - cubic meters per day'!V98*6.2898
A99: 39479 | B99: ='HIST - cubic meters per day'!B99*6.2898 | C99: ='HIST - cubic meters per day'!C99*6.2898 | D99: ='HIST - cubic meters per day'!D99*6.2898 | E99: ='HIST - cubic meters per day'!E99*6.2898 | F99: ='HIST - cubic meters per day'!F99*6.2898 | G99: ='HIST - cubic meters per day'!G99*6.2898 | H99: ='HIST - cubic meters per day'!H99*6.2898 | I99: ='HIST - cubic meters per day'!I99*6.2898 | ... S99: ='HIST - cubic meters per day'!S99*6.2898 | U99: ='HIST - cubic meters per day'!U99*6.2898 | V99: ='HIST - cubic meters per day'!V99*6.2898
A100: 39508 | B100: ='HIST - cubic meters per day'!B100*6.2898 | C100: ='HIST - cubic meters per day'!C100*6.2898 | D100: ='HIST - cubic meters per day'!D100*6.2898 | E100: ='HIST - cubic meters per day'!E100*6.2898 | F100: ='HIST - cubic meters per day'!F100*6.2898 | G100: ='HIST - cubic meters per day'!G100*6.2898 | H100: ='HIST - cubic meters per day'!H100*6.2898 | I100: ='HIST - cubic meters per day'!I100*6.2898 | ... S100: ='HIST - cubic meters per day'!S100*6.2898 | U100: ='HIST - cubic meters per day'!U100*6.2898 | V100: ='HIST - cubic meters per day'!V100*6.2898
A101: 39539 | B101: ='HIST - cubic meters per day'!B101*6.2898 | C101: ='HIST - cubic meters per day'!C101*6.2898 | D101: ='HIST - cubic meters per day'!D101*6.2898 | E101: ='HIST - cubic meters per day'!E101*6.2898 | F101: ='HIST - cubic meters per day'!F101*6.2898 | G101: ='HIST - cubic meters per day'!G101*6.2898 | H101: ='HIST - cubic meters per day'!H101*6.2898 | I101: ='HIST - cubic meters per day'!I101*6.2898 | ... S101: ='HIST - cubic meters per day'!S101*6.2898 | U101: ='HIST - cubic meters per day'!U101*6.2898 | V101: ='HIST - cubic meters per day'!V101*6.2898
A102: 39569 | B102: ='HIST - cubic meters per day'!B102*6.2898 | C102: ='HIST - cubic meters per day'!C102*6.2898 | D102: ='HIST - cubic meters per day'!D102*6.2898 | E102: ='HIST - cubic meters per day'!E102*6.2898 | F102: ='HIST - cubic meters per day'!F102*6.2898 | G102: ='HIST - cubic meters per day'!G102*6.2898 | H102: ='HIST - cubic meters per day'!H102*6.2898 | I102: ='HIST - cubic meters per day'!I102*6.2898 | ... S102: ='HIST - cubic meters per day'!S102*6.2898 | U102: ='HIST - cubic meters per day'!U102*6.2898 | V102: ='HIST - cubic meters per day'!V102*6.2898
A103: 39600 | B103: ='HIST - cubic meters per day'!B103*6.2898 | C103: ='HIST - cubic meters per day'!C103*6.2898 | D103: ='HIST - cubic meters per day'!D103*6.2898 | E103: ='HIST - cubic meters per day'!E103*6.2898 | F103: ='HIST - cubic meters per day'!F103*6.2898 | G103: ='HIST - cubic meters per day'!G103*6.2898 | H103: ='HIST - cubic meters per day'!H103*6.2898 | I103: ='HIST - cubic meters per day'!I103*6.2898 | ... S103: ='HIST - cubic meters per day'!S103*6.2898 | U103: ='HIST - cubic meters per day'!U103*6.2898 | V103: ='HIST - cubic meters per day'!V103*6.2898
A104: 39630 | B104: ='HIST - cubic meters per day'!B104*6.2898 | C104: ='HIST - cubic meters per day'!C104*6.2898 | D104: ='HIST - cubic meters per day'!D104*6.2898 | E104: ='HIST - cubic meters per day'!E104*6.2898 | F104: ='HIST - cubic meters per day'!F104*6.2898 | G104: ='HIST - cubic meters per day'!G104*6.2898 | H104: ='HIST - cubic meters per day'!H104*6.2898 | I104: ='HIST - cubic meters per day'!I104*6.2898 | ... S104: ='HIST - cubic meters per day'!S104*6.2898 | U104: ='HIST - cubic meters per day'!U104*6.2898 | V104: ='HIST - cubic meters per day'!V104*6.2898
A105: 39661 | B105: ='HIST - cubic meters per day'!B105*6.2898 | C105: ='HIST - cubic meters per day'!C105*6.2898 | D105: ='HIST - cubic meters per day'!D105*6.2898 | E105: ='HIST - cubic meters per day'!E105*6.2898 | F105: ='HIST - cubic meters per day'!F105*6.2898 | G105: ='HIST - cubic meters per day'!G105*6.2898 | H105: ='HIST - cubic meters per day'!H105*6.2898 | I105: ='HIST - cubic meters per day'!I105*6.2898 | ... S105: ='HIST - cubic meters per day'!S105*6.2898 | U105: ='HIST - cubic meters per day'!U105*6.2898 | V105: ='HIST - cubic meters per day'!V105*6.2898
A106: 39692 | B106: ='HIST - cubic meters per day'!B106*6.2898 | C106: ='HIST - cubic meters per day'!C106*6.2898 | D106: ='HIST - cubic meters per day'!D106*6.2898 | E106: ='HIST - cubic meters per day'!E106*6.2898 | F106: ='HIST - cubic meters per day'!F106*6.2898 | G106: ='HIST - cubic meters per day'!G106*6.2898 | H106: ='HIST - cubic meters per day'!H106*6.2898 | I106: ='HIST - cubic meters per day'!I106*6.2898 | ... S106: ='HIST - cubic meters per day'!S106*6.2898 | U106: ='HIST - cubic meters per day'!U106*6.2898 | V106: ='HIST - cubic meters per day'!V106*6.2898
A107: 39722 | B107: ='HIST - cubic meters per day'!B107*6.2898 | C107: ='HIST - cubic meters per day'!C107*6.2898 | D107: ='HIST - cubic meters per day'!D107*6.2898 | E107: ='HIST - cubic meters per day'!E107*6.2898 | F107: ='HIST - cubic meters per day'!F107*6.2898 | G107: ='HIST - cubic meters per day'!G107*6.2898 | H107: ='HIST - cubic meters per day'!H107*6.2898 | I107: ='HIST - cubic meters per day'!I107*6.2898 | ... S107: ='HIST - cubic meters per day'!S107*6.2898 | U107: ='HIST - cubic meters per day'!U107*6.2898 | V107: ='HIST - cubic meters per day'!V107*6.2898
A108: 39753 | B108: ='HIST - cubic meters per day'!B108*6.2898 | C108: ='HIST - cubic meters per day'!C108*6.2898 | D108: ='HIST - cubic meters per day'!D108*6.2898 | E108: ='HIST - cubic meters per day'!E108*6.2898 | F108: ='HIST - cubic meters per day'!F108*6.2898 | G108: ='HIST - cubic meters per day'!G108*6.2898 | H108: ='HIST - cubic meters per day'!H108*6.2898 | I108: ='HIST - cubic meters per day'!I108*6.2898 | ... S108: ='HIST - cubic meters per day'!S108*6.2898 | U108: ='HIST - cubic meters per day'!U108*6.2898 | V108: ='HIST - cubic meters per day'!V108*6.2898
A109: 39783 | B109: ='HIST - cubic meters per day'!B109*6.2898 | C109: ='HIST - cubic meters per day'!C109*6.2898 | D109: ='HIST - cubic meters per day'!D109*6.2898 | E109: ='HIST - cubic meters per day'!E109*6.2898 | F109: ='HIST - cubic meters per day'!F109*6.2898 | G109: ='HIST - cubic meters per day'!G109*6.2898 | H109: ='HIST - cubic meters per day'!H109*6.2898 | I109: ='HIST - cubic meters per day'!I109*6.2898 | ... S109: ='HIST - cubic meters per day'!S109*6.2898 | U109: ='HIST - cubic meters per day'!U109*6.2898 | V109: ='HIST - cubic meters per day'!V109*6.2898
... A289: 45261 | B289: ='HIST - cubic meters per day'!B289*6.2898 | C289: ='HIST - cubic meters per day'!C289*6.2898 | D289: ='HIST - cubic meters per day'!D289*6.2898 | E289: ='HIST - cubic meters per day'!E289*6.2898 | F289: ='HIST - cubic meters per day'!F289*6.2898 | G289: ='HIST - cubic meters per day'!G289*6.2898 | H289: ='HIST - cubic meters per day'!H289*6.2898 | I289: ='HIST - cubic meters per day'!I289*6.2898 | ... S289: ='HIST - cubic meters per day'!S289*6.2898 | U289: ='HIST - cubic meters per day'!U289*6.2898 | V289: ='HIST - cubic meters per day'!V289*6.2898
A290: 45292 | B290: ='HIST - cubic meters per day'!B290*6.2898 | C290: ='HIST - cubic meters per day'!C290*6.2898 | D290: ='HIST - cubic meters per day'!D290*6.2898 | E290: ='HIST - cubic meters per day'!E290*6.2898 | F290: ='HIST - cubic meters per day'!F290*6.2898 | G290: ='HIST - cubic meters per day'!G290*6.2898 | H290: ='HIST - cubic meters per day'!H290*6.2898 | I290: ='HIST - cubic meters per day'!I290*6.2898 | ... Q290: ='HIST - cubic meters per day'!Q290*6.2898 | S290: ='HIST - cubic meters per day'!S290*6.2898 | U290: ='HIST - cubic meters per day'!U290*6.2898 | V290: ='HIST - cubic meters per day'!V290*6.2898
A291: 45323 | B291: ='HIST - cubic meters per day'!B291*6.2898 | C291: ='HIST - cubic meters per day'!C291*6.2898 | D291: ='HIST - cubic meters per day'!D291*6.2898 | E291: ='HIST - cubic meters per day'!E291*6.2898 | F291: ='HIST - cubic meters per day'!F291*6.2898 | G291: ='HIST - cubic meters per day'!G291*6.2898 | H291: ='HIST - cubic meters per day'!H291*6.2898 | I291: ='HIST - cubic meters per day'!I291*6.2898 | ... Q291: ='HIST - cubic meters per day'!Q291*6.2898 | S291: ='HIST - cubic meters per day'!S291*6.2898 | U291: ='HIST - cubic meters per day'!U291*6.2898 | V291: ='HIST - cubic meters per day'!V291*6.2898
A292: 45352 | B292: ='HIST - cubic meters per day'!B292*6.2898 | C292: ='HIST - cubic meters per day'!C292*6.2898 | D292: ='HIST - cubic meters per day'!D292*6.2898 | E292: ='HIST - cubic meters per day'!E292*6.2898 | F292: ='HIST - cubic meters per day'!F292*6.2898 | G292: ='HIST - cubic meters per day'!G292*6.2898 | H292: ='HIST - cubic meters per day'!H292*6.2898 | I292: ='HIST - cubic meters per day'!I292*6.2898 | ... Q292: ='HIST - cubic meters per day'!Q292*6.2898 | S292: ='HIST - cubic meters per day'!S292*6.2898 | U292: ='HIST - cubic meters per day'!U292*6.2898 | V292: ='HIST - cubic meters per day'!V292*6.2898
A293: 45383 | B293: ='HIST - cubic meters per day'!B293*6.2898 | C293: ='HIST - cubic meters per day'!C293*6.2898 | D293: ='HIST - cubic meters per day'!D293*6.2898 | E293: ='HIST - cubic meters per day'!E293*6.2898 | F293: ='HIST - cubic meters per day'!F293*6.2898 | G293: ='HIST - cubic meters per day'!G293*6.2898 | H293: ='HIST - cubic meters per day'!H293*6.2898 | I293: ='HIST - cubic meters per day'!I293*6.2898 | ... Q293: ='HIST - cubic meters per day'!Q293*6.2898 | S293: ='HIST - cubic meters per day'!S293*6.2898 | U293: ='HIST - cubic meters per day'!U293*6.2898 | V293: ='HIST - cubic meters per day'!V293*6.2898
A294: 45413 | B294: ='HIST - cubic meters per day'!B294*6.2898 | C294: ='HIST - cubic meters per day'!C294*6.2898 | D294: ='HIST - cubic meters per day'!D294*6.2898 | E294: ='HIST - cubic meters per day'!E294*6.2898 | F294: ='HIST - cubic meters per day'!F294*6.2898 | G294: ='HIST - cubic meters per day'!G294*6.2898 | H294: ='HIST - cubic meters per day'!H294*6.2898 | I294: ='HIST - cubic meters per day'!I294*6.2898 | ... Q294: ='HIST - cubic meters per day'!Q294*6.2898 | S294: ='HIST - cubic meters per day'!S294*6.2898 | U294: ='HIST - cubic meters per day'!U294*6.2898 | V294: ='HIST - cubic meters per day'!V294*6.2898
A295: 45444 | B295: ='HIST - cubic meters per day'!B295*6.2898 | C295: ='HIST - cubic meters per day'!C295*6.2898 | D295: ='HIST - cubic meters per day'!D295*6.2898 | E295: ='HIST - cubic meters per day'!E295*6.2898 | F295: ='HIST - cubic meters per day'!F295*6.2898 | G295: ='HIST - cubic meters per day'!G295*6.2898 | H295: ='HIST - cubic meters per day'!H295*6.2898 | I295: ='HIST - cubic meters per day'!I295*6.2898 | ... Q295: ='HIST - cubic meters per day'!Q295*6.2898 | S295: ='HIST - cubic meters per day'!S295*6.2898 | U295: ='HIST - cubic meters per day'!U295*6.2898 | V295: ='HIST - cubic meters per day'!V295*6.2898
A296: 45474 | B296: ='HIST - cubic meters per day'!B296*6.2898 | C296: ='HIST - cubic meters per day'!C296*6.2898 | D296: ='HIST - cubic meters per day'!D296*6.2898 | E296: ='HIST - cubic meters per day'!E296*6.2898 | F296: ='HIST - cubic meters per day'!F296*6.2898 | G296: ='HIST - cubic meters per day'!G296*6.2898 | H296: ='HIST - cubic meters per day'!H296*6.2898 | I296: ='HIST - cubic meters per day'!I296*6.2898 | ... Q296: ='HIST - cubic meters per day'!Q296*6.2898 | S296: ='HIST - cubic meters per day'!S296*6.2898 | U296: ='HIST - cubic meters per day'!U296*6.2898 | V296: ='HIST - cubic meters per day'!V296*6.2898
A297: 45505 | B297: ='HIST - cubic meters per day'!B297*6.2898 | C297: ='HIST - cubic meters per day'!C297*6.2898 | D297: ='HIST - cubic meters per day'!D297*6.2898 | E297: ='HIST - cubic meters per day'!E297*6.2898 | F297: ='HIST - cubic meters per day'!F297*6.2898 | G297: ='HIST - cubic meters per day'!G297*6.2898 | H297: ='HIST - cubic meters per day'!H297*6.2898 | I297: ='HIST - cubic meters per day'!I297*6.2898 | ... Q297: ='HIST - cubic meters per day'!Q297*6.2898 | S297: ='HIST - cubic meters per day'!S297*6.2898 | U297: ='HIST - cubic meters per day'!U297*6.2898 | V297: ='HIST - cubic meters per day'!V297*6.2898
A298: 45536 | B298: ='HIST - cubic meters per day'!B298*6.2898 | C298: ='HIST - cubic meters per day'!C298*6.2898 | D298: ='HIST - cubic meters per day'!D298*6.2898 | F298: ='HIST - cubic meters per day'!F298*6.2898 | G298: ='HIST - cubic meters per day'!G298*6.2898 | H298: ='HIST - cubic meters per day'!H298*6.2898 | I298: ='HIST - cubic meters per day'!I298*6.2898 | J298: ='HIST - cubic meters per day'!J298*6.2898 | K298: ='HIST - cubic meters per day'!K298*6.2898 | L298: ='HIST - cubic meters per day'!L298*6.2898 | M298: ='HIST - cubic meters per day'!M298*6.2898 | ... Q298: ='HIST - cubic meters per day'!Q298*6.2898 | S298: ='HIST - cubic meters per day'!S298*6.2898 | U298: ='HIST - cubic meters per day'!U298*6.2898 | V298: ='HIST - cubic meters per day'!V298*6.2898
A299: 45566 | B299: ='HIST - cubic meters per day'!B299*6.2898 | C299: ='HIST - cubic meters per day'!C299*6.2898 | D299: ='HIST - cubic meters per day'!D299*6.2898 | F299: ='HIST - cubic meters per day'!F299*6.2898 | G299: ='HIST - cubic meters per day'!G299*6.2898 | H299: ='HIST - cubic meters per day'!H299*6.2898 | I299: ='HIST - cubic meters per day'!I299*6.2898 | J299: ='HIST - cubic meters per day'!J299*6.2898 | K299: ='HIST - cubic meters per day'!K299*6.2898 | L299: ='HIST - cubic meters per day'!L299*6.2898 | M299: ='HIST - cubic meters per day'!M299*6.2898 | ... Q299: ='HIST - cubic meters per day'!Q299*6.2898 | S299: ='HIST - cubic meters per day'!S299*6.2898 | U299: ='HIST - cubic meters per day'!U299*6.2898 | V299: ='HIST - cubic meters per day'!V299*6.2898
A300: 45597 | B300: ='HIST - cubic meters per day'!B300*6.2898 | C300: ='HIST - cubic meters per day'!C300*6.2898 | F300: ='HIST - cubic meters per day'!F300*6.2898 | G300: ='HIST - cubic meters per day'!G300*6.2898 | H300: ='HIST - cubic meters per day'!H300*6.2898 | I300: ='HIST - cubic meters per day'!I300*6.2898 | J300: ='HIST - cubic meters per day'!J300*6.2898 | K300: ='HIST - cubic meters per day'!K300*6.2898 | L300: ='HIST - cubic meters per day'!L300*6.2898 | M300: ='HIST - cubic meters per day'!M300*6.2898 | ... Q300: ='HIST - cubic meters per day'!Q300*6.2898 | S300: ='HIST - cubic meters per day'!S300*6.2898 | U300: ='HIST - cubic meters per day'!U300*6.2898 | V300: ='HIST - cubic meters per day'!V300*6.2898
A301: 45627 | B301: ='HIST - cubic meters per day'!B301*6.2898 | C301: ='HIST - cubic meters per day'!C301*6.2898 | G301: ='HIST - cubic meters per day'!G301*6.2898 | H301: ='HIST - cubic meters per day'!H301*6.2898 | I301: ='HIST - cubic meters per day'!I301*6.2898 | J301: ='HIST - cubic meters per day'!J301*6.2898 | K301: ='HIST - cubic meters per day'!K301*6.2898 | L301: ='HIST - cubic meters per day'!L301*6.2898 | M301: ='HIST - cubic meters per day'!M301*6.2898 | N301: ='HIST - cubic meters per day'!N301*6.2898 | ... Q301: ='HIST - cubic meters per day'!Q301*6.2898 | S301: ='HIST - cubic meters per day'!S301*6.2898 | U301: ='HIST - cubic meters per day'!U301*6.2898 | V301: ='HIST - cubic meters per day'!V301*6.2898
A302: 45658 | B302: ='HIST - cubic meters per day'!B302*6.2898 | C302: ='HIST - cubic meters per day'!C302*6.2898 | J302: ='HIST - cubic meters per day'!J302*6.2898 | K302: ='HIST - cubic meters per day'!K302*6.2898 | L302: ='HIST - cubic meters per day'!L302*6.2898 | M302: ='HIST - cubic meters per day'!M302*6.2898 | N302: ='HIST - cubic meters per day'!N302*6.2898 | O302: ='HIST - cubic meters per day'!O302*6.2898 | P302: ='HIST - cubic meters per day'!P302*6.2898 | Q302: ='HIST - cubic meters per day'!Q302*6.2898 | S302: ='HIST - cubic meters per day'!S302*6.2898 | U302: ='HIST - cubic meters per day'!U302*6.2898 | V302: ='HIST - cubic meters per day'!V302*6.2898
A303: 45689
A304: 45717
A305: 45748
A306: 45778
A307: 45809
A308: 45839
A309: 45870
A310: 45901
A311: 45931
A312: 45962
A313: 45992
